
  .   ____          _            __ _ _
 /\\ / ___'_ __ _ _(_)_ __  __ _ \ \ \ \
( ( )\___ | '_ | '_| | '_ \/ _` | \ \ \ \
 \\/  ___)| |_)| | | | | || (_| |  ) ) ) )
  '  |____| .__|_| |_|_| |_\__, | / / / /
 =========|_|==============|___/=/_/_/_/
 :: Spring Boot ::                (v3.2.5)

2026-05-27T21:15:30.403+08:00  INFO 30748 --- [           main] com.gamebox.GameBoxApplication           : Starting GameBoxApplication v1.0.0 using Java 17.0.11 with PID 30748 (D:\22523\demo\gamebox-server\target\gamebox-server-1.0.0.jar started by 22523 in D:\22523\demo\gamebox-server)
2026-05-27T21:15:30.406+08:00 DEBUG 30748 --- [           main] com.gamebox.GameBoxApplication           : Running with Spring Boot v3.2.5, Spring v6.1.6
2026-05-27T21:15:30.407+08:00  INFO 30748 --- [           main] com.gamebox.GameBoxApplication           : No active profile set, falling back to 1 default profile: "default"
2026-05-27T21:15:32.480+08:00  INFO 30748 --- [           main] o.s.b.w.embedded.tomcat.TomcatWebServer  : Tomcat initialized with port 8080 (http)
2026-05-27T21:15:32.497+08:00  INFO 30748 --- [           main] o.apache.catalina.core.StandardService   : Starting service [Tomcat]
2026-05-27T21:15:32.498+08:00  INFO 30748 --- [           main] o.apache.catalina.core.StandardEngine    : Starting Servlet engine: [Apache Tomcat/10.1.20]
2026-05-27T21:15:32.572+08:00  INFO 30748 --- [           main] o.a.c.c.C.[Tomcat].[localhost].[/]       : Initializing Spring embedded WebApplicationContext
2026-05-27T21:15:32.573+08:00  INFO 30748 --- [           main] w.s.c.ServletWebServerApplicationContext : Root WebApplicationContext: initialization completed in 2053 ms
Logging initialized using 'class org.apache.ibatis.logging.stdout.StdOutImpl' adapter.
Get /10.16.41.97 network interface 
Get network interface info: name:wlan2 (RZ616 Wi-Fi 6E 160MHz)
Initialization Sequence datacenterId:5 workerId:9
 _ _   |_  _ _|_. ___ _ |    _ 
| | |\/|_)(_| | |_\  |_)||_|_\ 
     /               |         
                        3.5.9 
2026-05-27T21:15:34.913+08:00  INFO 30748 --- [           main] o.s.b.w.embedded.tomcat.TomcatWebServer  : Tomcat started on port 8080 (http) with context path ''
2026-05-27T21:15:34.931+08:00  INFO 30748 --- [           main] com.gamebox.GameBoxApplication           : Started GameBoxApplication in 5.192 seconds (process running for 5.88)
2026-05-27T21:15:39.277+08:00  INFO 30748 --- [nio-8080-exec-1] o.a.c.c.C.[Tomcat].[localhost].[/]       : Initializing Spring DispatcherServlet 'dispatcherServlet'
2026-05-27T21:15:39.279+08:00  INFO 30748 --- [nio-8080-exec-1] o.s.web.servlet.DispatcherServlet        : Initializing Servlet 'dispatcherServlet'
2026-05-27T21:15:39.281+08:00  INFO 30748 --- [nio-8080-exec-1] o.s.web.servlet.DispatcherServlet        : Completed initialization in 2 ms
Creating a new SqlSession
SqlSession [org.apache.ibatis.session.defaults.DefaultSqlSession@53e869fa] was not registered for synchronization because synchronization is not active
2026-05-27T21:15:39.668+08:00  INFO 30748 --- [nio-8080-exec-1] com.zaxxer.hikari.HikariDataSource       : HikariPool-1 - Starting...
2026-05-27T21:15:40.008+08:00  INFO 30748 --- [nio-8080-exec-1] com.zaxxer.hikari.pool.HikariPool        : HikariPool-1 - Added connection com.mysql.cj.jdbc.ConnectionImpl@45f49252
2026-05-27T21:15:40.011+08:00  INFO 30748 --- [nio-8080-exec-1] com.zaxxer.hikari.HikariDataSource       : HikariPool-1 - Start completed.
JDBC Connection [HikariProxyConnection@535833340 wrapping com.mysql.cj.jdbc.ConnectionImpl@45f49252] will not be managed by Spring
==>  Preparing: SELECT COUNT( * ) AS total FROM t_notification WHERE (user_id = ? AND is_read = ?)
==> Parameters: 1(Long), 0(Integer)
<==    Columns: total
<==        Row: 0
<==      Total: 1
Closing non transactional SqlSession [org.apache.ibatis.session.defaults.DefaultSqlSession@53e869fa]
Creating a new SqlSession
SqlSession [org.apache.ibatis.session.defaults.DefaultSqlSession@1330866e] was not registered for synchronization because synchronization is not active
JDBC Connection [HikariProxyConnection@2069903654 wrapping com.mysql.cj.jdbc.ConnectionImpl@45f49252] will not be managed by Spring
==>  Preparing: SELECT COUNT(*) AS total FROM t_game WHERE status = 1 AND (status = ?)
==> Parameters: 1(Integer)
<==    Columns: total
<==        Row: 5
<==      Total: 1
==>  Preparing: SELECT id,name,cover,description,developer,publisher,release_date,platform,tags,rating,rating_count,is_recommend,status,created_at,updated_at FROM t_game WHERE status=1 AND (status = ?) ORDER BY rating DESC LIMIT ?
==> Parameters: 1(Integer), 12(Long)
<==    Columns: id, name, cover, description, developer, publisher, release_date, platform, tags, rating, rating_count, is_recommend, status, created_at, updated_at
<==        Row: 2, 塞尔达传说：王国之泪, https://upload.wikimedia.org/wikipedia/en/f/fb/The_Legend_of_Zelda_Tears_of_the_Kingdom_cover.jpg, <<BLOB>>, 任天堂, 任天堂, 2023-05-12, Switch, 开放世界,冒险,解谜, 9.80, 980, 1, 1, 2026-05-27 18:20:26, 2026-05-27 18:20:26
<==        Row: 3, 博德之门3, https://cdn.cloudflare.steamstatic.com/steam/apps/1086940/library_600x900.jpg, <<BLOB>>, Larian Studios, Larian Studios, 2023-08-03, PC,PS5, RPG,回合制,奇幻, 9.60, 850, 1, 1, 2026-05-27 18:20:26, 2026-05-27 18:20:26
<==        Row: 1, 艾尔登法环, https://cdn.cloudflare.steamstatic.com/steam/apps/1245620/library_600x900.jpg, <<BLOB>>, FromSoftware, Bandai Namco, 2022-02-25, PC,PS5,Xbox, 魂系,开放世界,RPG, 9.50, 1200, 1, 1, 2026-05-27 18:20:26, 2026-05-27 18:20:26
<==        Row: 5, 星露谷物语, https://cdn.cloudflare.steamstatic.com/steam/apps/413150/library_600x900.jpg, <<BLOB>>, ConcernedApe, ConcernedApe, 2016-02-27, PC,Switch,PS5,Xbox, 模拟经营,像素,休闲, 9.30, 760, 1, 1, 2026-05-27 18:20:26, 2026-05-27 18:20:26
<==        Row: 4, 黑神话：悟空, https://cdn.cloudflare.steamstatic.com/steam/apps/2358720/library_600x900.jpg, <<BLOB>>, 游戏科学, 游戏科学, 2024-08-20, PC,PS5, 动作,RPG,神话, 9.20, 2100, 1, 1, 2026-05-27 18:20:26, 2026-05-27 18:20:26
<==      Total: 5
Closing non transactional SqlSession [org.apache.ibatis.session.defaults.DefaultSqlSession@1330866e]
Creating a new SqlSession
SqlSession [org.apache.ibatis.session.defaults.DefaultSqlSession@64a8c241] was not registered for synchronization because synchronization is not active
JDBC Connection [HikariProxyConnection@1850779953 wrapping com.mysql.cj.jdbc.ConnectionImpl@45f49252] will not be managed by Spring
==>  Preparing: SELECT COUNT(*) AS total FROM t_game WHERE status = 1 AND (status = ?)
==> Parameters: 1(Integer)
<==    Columns: total
<==        Row: 5
<==      Total: 1
==>  Preparing: SELECT id,name,cover,description,developer,publisher,release_date,platform,tags,rating,rating_count,is_recommend,status,created_at,updated_at FROM t_game WHERE status=1 AND (status = ?) ORDER BY rating DESC LIMIT ?
==> Parameters: 1(Integer), 12(Long)
<==    Columns: id, name, cover, description, developer, publisher, release_date, platform, tags, rating, rating_count, is_recommend, status, created_at, updated_at
<==        Row: 2, 塞尔达传说：王国之泪, https://upload.wikimedia.org/wikipedia/en/f/fb/The_Legend_of_Zelda_Tears_of_the_Kingdom_cover.jpg, <<BLOB>>, 任天堂, 任天堂, 2023-05-12, Switch, 开放世界,冒险,解谜, 9.80, 980, 1, 1, 2026-05-27 18:20:26, 2026-05-27 18:20:26
<==        Row: 3, 博德之门3, https://cdn.cloudflare.steamstatic.com/steam/apps/1086940/library_600x900.jpg, <<BLOB>>, Larian Studios, Larian Studios, 2023-08-03, PC,PS5, RPG,回合制,奇幻, 9.60, 850, 1, 1, 2026-05-27 18:20:26, 2026-05-27 18:20:26
<==        Row: 1, 艾尔登法环, https://cdn.cloudflare.steamstatic.com/steam/apps/1245620/library_600x900.jpg, <<BLOB>>, FromSoftware, Bandai Namco, 2022-02-25, PC,PS5,Xbox, 魂系,开放世界,RPG, 9.50, 1200, 1, 1, 2026-05-27 18:20:26, 2026-05-27 18:20:26
<==        Row: 5, 星露谷物语, https://cdn.cloudflare.steamstatic.com/steam/apps/413150/library_600x900.jpg, <<BLOB>>, ConcernedApe, ConcernedApe, 2016-02-27, PC,Switch,PS5,Xbox, 模拟经营,像素,休闲, 9.30, 760, 1, 1, 2026-05-27 18:20:26, 2026-05-27 18:20:26
<==        Row: 4, 黑神话：悟空, https://cdn.cloudflare.steamstatic.com/steam/apps/2358720/library_600x900.jpg, <<BLOB>>, 游戏科学, 游戏科学, 2024-08-20, PC,PS5, 动作,RPG,神话, 9.20, 2100, 1, 1, 2026-05-27 18:20:26, 2026-05-27 18:20:26
<==      Total: 5
Closing non transactional SqlSession [org.apache.ibatis.session.defaults.DefaultSqlSession@64a8c241]
2026-05-27T21:15:49.374+08:00 ERROR 30748 --- [nio-8080-exec-5] c.g.exception.GlobalExceptionHandler     : 系统异常

org.springframework.web.servlet.resource.NoResourceFoundException: No static resource favicon.ico.
	at org.springframework.web.servlet.resource.ResourceHttpRequestHandler.handleRequest(ResourceHttpRequestHandler.java:585) ~[spring-webmvc-6.1.6.jar!/:6.1.6]
	at org.springframework.web.servlet.mvc.HttpRequestHandlerAdapter.handle(HttpRequestHandlerAdapter.java:52) ~[spring-webmvc-6.1.6.jar!/:6.1.6]
	at org.springframework.web.servlet.DispatcherServlet.doDispatch(DispatcherServlet.java:1089) ~[spring-webmvc-6.1.6.jar!/:6.1.6]
	at org.springframework.web.servlet.DispatcherServlet.doService(DispatcherServlet.java:979) ~[spring-webmvc-6.1.6.jar!/:6.1.6]
	at org.springframework.web.servlet.FrameworkServlet.processRequest(FrameworkServlet.java:1014) ~[spring-webmvc-6.1.6.jar!/:6.1.6]
	at org.springframework.web.servlet.FrameworkServlet.doGet(FrameworkServlet.java:903) ~[spring-webmvc-6.1.6.jar!/:6.1.6]
	at jakarta.servlet.http.HttpServlet.service(HttpServlet.java:564) ~[tomcat-embed-core-10.1.20.jar!/:na]
	at org.springframework.web.servlet.FrameworkServlet.service(FrameworkServlet.java:885) ~[spring-webmvc-6.1.6.jar!/:6.1.6]
	at jakarta.servlet.http.HttpServlet.service(HttpServlet.java:658) ~[tomcat-embed-core-10.1.20.jar!/:na]
	at org.apache.catalina.core.ApplicationFilterChain.internalDoFilter(ApplicationFilterChain.java:206) ~[tomcat-embed-core-10.1.20.jar!/:na]
	at org.apache.catalina.core.ApplicationFilterChain.doFilter(ApplicationFilterChain.java:150) ~[tomcat-embed-core-10.1.20.jar!/:na]
	at org.apache.tomcat.websocket.server.WsFilter.doFilter(WsFilter.java:51) ~[tomcat-embed-websocket-10.1.20.jar!/:na]
	at org.apache.catalina.core.ApplicationFilterChain.internalDoFilter(ApplicationFilterChain.java:175) ~[tomcat-embed-core-10.1.20.jar!/:na]
	at org.apache.catalina.core.ApplicationFilterChain.doFilter(ApplicationFilterChain.java:150) ~[tomcat-embed-core-10.1.20.jar!/:na]
	at org.springframework.web.filter.RequestContextFilter.doFilterInternal(RequestContextFilter.java:100) ~[spring-web-6.1.6.jar!/:6.1.6]
	at org.springframework.web.filter.OncePerRequestFilter.doFilter(OncePerRequestFilter.java:116) ~[spring-web-6.1.6.jar!/:6.1.6]
	at org.apache.catalina.core.ApplicationFilterChain.internalDoFilter(ApplicationFilterChain.java:175) ~[tomcat-embed-core-10.1.20.jar!/:na]
	at org.apache.catalina.core.ApplicationFilterChain.doFilter(ApplicationFilterChain.java:150) ~[tomcat-embed-core-10.1.20.jar!/:na]
	at org.springframework.web.filter.FormContentFilter.doFilterInternal(FormContentFilter.java:93) ~[spring-web-6.1.6.jar!/:6.1.6]
	at org.springframework.web.filter.OncePerRequestFilter.doFilter(OncePerRequestFilter.java:116) ~[spring-web-6.1.6.jar!/:6.1.6]
	at org.apache.catalina.core.ApplicationFilterChain.internalDoFilter(ApplicationFilterChain.java:175) ~[tomcat-embed-core-10.1.20.jar!/:na]
	at org.apache.catalina.core.ApplicationFilterChain.doFilter(ApplicationFilterChain.java:150) ~[tomcat-embed-core-10.1.20.jar!/:na]
	at org.springframework.web.filter.CharacterEncodingFilter.doFilterInternal(CharacterEncodingFilter.java:201) ~[spring-web-6.1.6.jar!/:6.1.6]
	at org.springframework.web.filter.OncePerRequestFilter.doFilter(OncePerRequestFilter.java:116) ~[spring-web-6.1.6.jar!/:6.1.6]
	at org.apache.catalina.core.ApplicationFilterChain.internalDoFilter(ApplicationFilterChain.java:175) ~[tomcat-embed-core-10.1.20.jar!/:na]
	at org.apache.catalina.core.ApplicationFilterChain.doFilter(ApplicationFilterChain.java:150) ~[tomcat-embed-core-10.1.20.jar!/:na]
	at org.apache.catalina.core.StandardWrapperValve.invoke(StandardWrapperValve.java:167) ~[tomcat-embed-core-10.1.20.jar!/:na]
	at org.apache.catalina.core.StandardContextValve.invoke(StandardContextValve.java:90) ~[tomcat-embed-core-10.1.20.jar!/:na]
	at org.apache.catalina.authenticator.AuthenticatorBase.invoke(AuthenticatorBase.java:482) ~[tomcat-embed-core-10.1.20.jar!/:na]
	at org.apache.catalina.core.StandardHostValve.invoke(StandardHostValve.java:115) ~[tomcat-embed-core-10.1.20.jar!/:na]
	at org.apache.catalina.valves.ErrorReportValve.invoke(ErrorReportValve.java:93) ~[tomcat-embed-core-10.1.20.jar!/:na]
	at org.apache.catalina.core.StandardEngineValve.invoke(StandardEngineValve.java:74) ~[tomcat-embed-core-10.1.20.jar!/:na]
	at org.apache.catalina.connector.CoyoteAdapter.service(CoyoteAdapter.java:344) ~[tomcat-embed-core-10.1.20.jar!/:na]
	at org.apache.coyote.http11.Http11Processor.service(Http11Processor.java:391) ~[tomcat-embed-core-10.1.20.jar!/:na]
	at org.apache.coyote.AbstractProcessorLight.process(AbstractProcessorLight.java:63) ~[tomcat-embed-core-10.1.20.jar!/:na]
	at org.apache.coyote.AbstractProtocol$ConnectionHandler.process(AbstractProtocol.java:896) ~[tomcat-embed-core-10.1.20.jar!/:na]
	at org.apache.tomcat.util.net.NioEndpoint$SocketProcessor.doRun(NioEndpoint.java:1736) ~[tomcat-embed-core-10.1.20.jar!/:na]
	at org.apache.tomcat.util.net.SocketProcessorBase.run(SocketProcessorBase.java:52) ~[tomcat-embed-core-10.1.20.jar!/:na]
	at org.apache.tomcat.util.threads.ThreadPoolExecutor.runWorker(ThreadPoolExecutor.java:1191) ~[tomcat-embed-core-10.1.20.jar!/:na]
	at org.apache.tomcat.util.threads.ThreadPoolExecutor$Worker.run(ThreadPoolExecutor.java:659) ~[tomcat-embed-core-10.1.20.jar!/:na]
	at org.apache.tomcat.util.threads.TaskThread$WrappingRunnable.run(TaskThread.java:63) ~[tomcat-embed-core-10.1.20.jar!/:na]
	at java.base/java.lang.Thread.run(Thread.java:840) ~[na:na]

Creating a new SqlSession
SqlSession [org.apache.ibatis.session.defaults.DefaultSqlSession@698e9880] was not registered for synchronization because synchronization is not active
Creating a new SqlSession
SqlSession [org.apache.ibatis.session.defaults.DefaultSqlSession@39e8519b] was not registered for synchronization because synchronization is not active
JDBC Connection [HikariProxyConnection@925870294 wrapping com.mysql.cj.jdbc.ConnectionImpl@45f49252] will not be managed by Spring
==>  Preparing: SELECT COUNT( * ) AS total FROM t_notification WHERE (user_id = ? AND is_read = ?)
==> Parameters: 1(Long), 0(Integer)
<==    Columns: total
<==        Row: 0
<==      Total: 1
Closing non transactional SqlSession [org.apache.ibatis.session.defaults.DefaultSqlSession@39e8519b]
JDBC Connection [HikariProxyConnection@1487736978 wrapping com.mysql.cj.jdbc.ConnectionImpl@45f49252] will not be managed by Spring
==>  Preparing: SELECT COUNT(*) AS total FROM t_game WHERE status = 1 AND (is_recommend = ? AND status = ?)
==> Parameters: 1(Integer), 1(Integer)
<==    Columns: total
<==        Row: 5
<==      Total: 1
==>  Preparing: SELECT id,name,cover,description,developer,publisher,release_date,platform,tags,rating,rating_count,is_recommend,status,created_at,updated_at FROM t_game WHERE status=1 AND (is_recommend = ? AND status = ?) ORDER BY rating DESC LIMIT ?
==> Parameters: 1(Integer), 1(Integer), 6(Long)
<==    Columns: id, name, cover, description, developer, publisher, release_date, platform, tags, rating, rating_count, is_recommend, status, created_at, updated_at
<==        Row: 2, 塞尔达传说：王国之泪, https://upload.wikimedia.org/wikipedia/en/f/fb/The_Legend_of_Zelda_Tears_of_the_Kingdom_cover.jpg, <<BLOB>>, 任天堂, 任天堂, 2023-05-12, Switch, 开放世界,冒险,解谜, 9.80, 980, 1, 1, 2026-05-27 18:20:26, 2026-05-27 18:20:26
<==        Row: 3, 博德之门3, https://cdn.cloudflare.steamstatic.com/steam/apps/1086940/library_600x900.jpg, <<BLOB>>, Larian Studios, Larian Studios, 2023-08-03, PC,PS5, RPG,回合制,奇幻, 9.60, 850, 1, 1, 2026-05-27 18:20:26, 2026-05-27 18:20:26
<==        Row: 1, 艾尔登法环, https://cdn.cloudflare.steamstatic.com/steam/apps/1245620/library_600x900.jpg, <<BLOB>>, FromSoftware, Bandai Namco, 2022-02-25, PC,PS5,Xbox, 魂系,开放世界,RPG, 9.50, 1200, 1, 1, 2026-05-27 18:20:26, 2026-05-27 18:20:26
<==        Row: 5, 星露谷物语, https://cdn.cloudflare.steamstatic.com/steam/apps/413150/library_600x900.jpg, <<BLOB>>, ConcernedApe, ConcernedApe, 2016-02-27, PC,Switch,PS5,Xbox, 模拟经营,像素,休闲, 9.30, 760, 1, 1, 2026-05-27 18:20:26, 2026-05-27 18:20:26
<==        Row: 4, 黑神话：悟空, https://cdn.cloudflare.steamstatic.com/steam/apps/2358720/library_600x900.jpg, <<BLOB>>, 游戏科学, 游戏科学, 2024-08-20, PC,PS5, 动作,RPG,神话, 9.20, 2100, 1, 1, 2026-05-27 18:20:26, 2026-05-27 18:20:26
<==      Total: 5
Closing non transactional SqlSession [org.apache.ibatis.session.defaults.DefaultSqlSession@698e9880]
Creating a new SqlSession
SqlSession [org.apache.ibatis.session.defaults.DefaultSqlSession@75ff7e16] was not registered for synchronization because synchronization is not active
Creating a new SqlSession
SqlSession [org.apache.ibatis.session.defaults.DefaultSqlSession@18db0f9] was not registered for synchronization because synchronization is not active
JDBC Connection [HikariProxyConnection@525827643 wrapping com.mysql.cj.jdbc.ConnectionImpl@45f49252] will not be managed by Spring
==>  Preparing: SELECT id,user_id,game_id,category_id,title,content,tags,cover_image,view_count,like_count,reply_count,share_count,heat_score,is_top,is_essence,status,created_at,updated_at FROM t_post WHERE id=? AND status=1
==> Parameters: 2(Long)
<==    Columns: id, user_id, game_id, category_id, title, content, tags, cover_image, view_count, like_count, reply_count, share_count, heat_score, is_top, is_essence, status, created_at, updated_at
JDBC Connection [HikariProxyConnection@96265628 wrapping com.mysql.cj.jdbc.ConnectionImpl@73a9ea26] will not be managed by Spring
==>  Preparing: SELECT COUNT(*) AS total FROM t_game WHERE status = 1 AND (is_recommend = ? AND status = ?)
==> Parameters: 1(Integer), 1(Integer)
<==        Row: 2, 3, 4, 1, 黑神话：悟空 隐藏BOSS全部打法分享, <<BLOB>>, 黑神话,悟空,BOSS攻略, null, 1893, 203, 67, 0, 92.3, 0, 0, 1, 2026-05-27 18:20:26, 2026-05-27 18:20:26
<==    Columns: total
<==        Row: 5
<==      Total: 1
<==      Total: 1
==>  Preparing: SELECT id,name,cover,description,developer,publisher,release_date,platform,tags,rating,rating_count,is_recommend,status,created_at,updated_at FROM t_game WHERE status=1 AND (is_recommend = ? AND status = ?) ORDER BY rating DESC LIMIT ?
Closing non transactional SqlSession [org.apache.ibatis.session.defaults.DefaultSqlSession@18db0f9]
Creating a new SqlSession
SqlSession [org.apache.ibatis.session.defaults.DefaultSqlSession@627a0aca] was not registered for synchronization because synchronization is not active
==> Parameters: 1(Integer), 1(Integer), 6(Long)
<==    Columns: id, name, cover, description, developer, publisher, release_date, platform, tags, rating, rating_count, is_recommend, status, created_at, updated_at
<==        Row: 2, 塞尔达传说：王国之泪, https://upload.wikimedia.org/wikipedia/en/f/fb/The_Legend_of_Zelda_Tears_of_the_Kingdom_cover.jpg, <<BLOB>>, 任天堂, 任天堂, 2023-05-12, Switch, 开放世界,冒险,解谜, 9.80, 980, 1, 1, 2026-05-27 18:20:26, 2026-05-27 18:20:26
<==        Row: 3, 博德之门3, https://cdn.cloudflare.steamstatic.com/steam/apps/1086940/library_600x900.jpg, <<BLOB>>, Larian Studios, Larian Studios, 2023-08-03, PC,PS5, RPG,回合制,奇幻, 9.60, 850, 1, 1, 2026-05-27 18:20:26, 2026-05-27 18:20:26
JDBC Connection [HikariProxyConnection@85862100 wrapping com.mysql.cj.jdbc.ConnectionImpl@45f49252] will not be managed by Spring
==>  Preparing: UPDATE t_post SET user_id=?, game_id=?, category_id=?, title=?, content=?, tags=?, view_count=?, like_count=?, reply_count=?, share_count=?, heat_score=?, is_top=?, is_essence=?, created_at=?, updated_at=? WHERE id=? AND status=1
<==        Row: 1, 艾尔登法环, https://cdn.cloudflare.steamstatic.com/steam/apps/1245620/library_600x900.jpg, <<BLOB>>, FromSoftware, Bandai Namco, 2022-02-25, PC,PS5,Xbox, 魂系,开放世界,RPG, 9.50, 1200, 1, 1, 2026-05-27 18:20:26, 2026-05-27 18:20:26
<==        Row: 5, 星露谷物语, https://cdn.cloudflare.steamstatic.com/steam/apps/413150/library_600x900.jpg, <<BLOB>>, ConcernedApe, ConcernedApe, 2016-02-27, PC,Switch,PS5,Xbox, 模拟经营,像素,休闲, 9.30, 760, 1, 1, 2026-05-27 18:20:26, 2026-05-27 18:20:26
<==        Row: 4, 黑神话：悟空, https://cdn.cloudflare.steamstatic.com/steam/apps/2358720/library_600x900.jpg, <<BLOB>>, 游戏科学, 游戏科学, 2024-08-20, PC,PS5, 动作,RPG,神话, 9.20, 2100, 1, 1, 2026-05-27 18:20:26, 2026-05-27 18:20:26
==> Parameters: 3(Long), 4(Long), 1(Long), 黑神话：悟空 隐藏BOSS全部打法分享(String), 虎先锋、蝜蝂、赤髯龙...每个隐藏BOSS的详细打法(String), 黑神话,悟空,BOSS攻略(String), 1894(Integer), 203(Integer), 67(Integer), 0(Integer), 92.3(Double), 0(Integer), 0(Integer), 2026-05-27T18:20:26(LocalDateTime), 2026-05-27T18:20:26(LocalDateTime), 2(Long)
<==      Total: 5
Closing non transactional SqlSession [org.apache.ibatis.session.defaults.DefaultSqlSession@75ff7e16]
<==    Updates: 1
Closing non transactional SqlSession [org.apache.ibatis.session.defaults.DefaultSqlSession@627a0aca]
Creating a new SqlSession
SqlSession [org.apache.ibatis.session.defaults.DefaultSqlSession@6275a4a] was not registered for synchronization because synchronization is not active
JDBC Connection [HikariProxyConnection@1091383058 wrapping com.mysql.cj.jdbc.ConnectionImpl@45f49252] will not be managed by Spring
==>  Preparing: SELECT id,name,code,sort_order,status,created_at,updated_at FROM t_post_category WHERE id=? AND status=1
==> Parameters: 1(Long)
<==    Columns: id, name, code, sort_order, status, created_at, updated_at
<==        Row: 1, 攻略, guide, 1, 1, 2026-05-27 18:20:26, 2026-05-27 18:20:26
<==      Total: 1
Closing non transactional SqlSession [org.apache.ibatis.session.defaults.DefaultSqlSession@6275a4a]
Creating a new SqlSession
SqlSession [org.apache.ibatis.session.defaults.DefaultSqlSession@2c4b1b55] was not registered for synchronization because synchronization is not active
JDBC Connection [HikariProxyConnection@268628380 wrapping com.mysql.cj.jdbc.ConnectionImpl@45f49252] will not be managed by Spring
==>  Preparing: SELECT id,username,password,nickname,avatar,bio,email,status,created_at,updated_at FROM t_user WHERE id=? AND status=1
==> Parameters: 3(Long)
<==    Columns: id, username, password, nickname, avatar, bio, email, status, created_at, updated_at
<==        Row: 3, gamer_pro, $2a$10$N.zmdr9k7uOCQb376NoUnuTJ8iAt6Z5EHsM8lE9lBOsl7iKTVKIUi, 高玩达人, null, 全平台制霸！, null, 1, 2026-05-27 18:20:26, 2026-05-27 18:20:26
<==      Total: 1
Closing non transactional SqlSession [org.apache.ibatis.session.defaults.DefaultSqlSession@2c4b1b55]
Creating a new SqlSession
SqlSession [org.apache.ibatis.session.defaults.DefaultSqlSession@426bbebe] was not registered for synchronization because synchronization is not active
JDBC Connection [HikariProxyConnection@1399231532 wrapping com.mysql.cj.jdbc.ConnectionImpl@45f49252] will not be managed by Spring
==>  Preparing: SELECT COUNT( * ) AS total FROM t_like WHERE (user_id = ? AND target_type = ? AND target_id = ?)
==> Parameters: 1(Long), 1(Integer), 2(Long)
<==    Columns: total
<==        Row: 0
<==      Total: 1
Closing non transactional SqlSession [org.apache.ibatis.session.defaults.DefaultSqlSession@426bbebe]
Creating a new SqlSession
SqlSession [org.apache.ibatis.session.defaults.DefaultSqlSession@389da839] was not registered for synchronization because synchronization is not active
JDBC Connection [HikariProxyConnection@17981387 wrapping com.mysql.cj.jdbc.ConnectionImpl@45f49252] will not be managed by Spring
==>  Preparing: SELECT COUNT(*) AS total FROM t_reply WHERE status = 1 AND (post_id = ? AND status = ?)
==> Parameters: 2(Long), 1(Integer)
<==    Columns: total
<==        Row: 2
<==      Total: 1
==>  Preparing: SELECT id,post_id,user_id,parent_id,reply_to_user_id,content,like_count,status,created_at,updated_at FROM t_reply WHERE status=1 AND (post_id = ? AND status = ?) ORDER BY created_at ASC LIMIT ?
==> Parameters: 2(Long), 1(Integer), 20(Long)
<==    Columns: id, post_id, user_id, parent_id, reply_to_user_id, content, like_count, status, created_at, updated_at
<==        Row: 3, 2, 5, null, null, <<BLOB>>, 15, 1, 2026-05-27 18:20:26, 2026-05-27 18:20:26
<==        Row: 4, 2, 2, null, null, <<BLOB>>, 6, 1, 2026-05-27 18:20:26, 2026-05-27 18:20:26
<==      Total: 2
Closing non transactional SqlSession [org.apache.ibatis.session.defaults.DefaultSqlSession@389da839]
Creating a new SqlSession
SqlSession [org.apache.ibatis.session.defaults.DefaultSqlSession@596c67be] was not registered for synchronization because synchronization is not active
JDBC Connection [HikariProxyConnection@61422701 wrapping com.mysql.cj.jdbc.ConnectionImpl@45f49252] will not be managed by Spring
==>  Preparing: SELECT id,username,password,nickname,avatar,bio,email,status,created_at,updated_at FROM t_user WHERE id=? AND status=1
==> Parameters: 5(Long)
<==    Columns: id, username, password, nickname, avatar, bio, email, status, created_at, updated_at
<==        Row: 5, rpg_lover, $2a$10$N.zmdr9k7uOCQb376NoUnuTJ8iAt6Z5EHsM8lE9lBOsl7iKTVKIUi, RPG爱好者, null, RPG永不毕业！, null, 1, 2026-05-27 18:20:26, 2026-05-27 18:20:26
<==      Total: 1
Closing non transactional SqlSession [org.apache.ibatis.session.defaults.DefaultSqlSession@596c67be]
Creating a new SqlSession
SqlSession [org.apache.ibatis.session.defaults.DefaultSqlSession@7dcce0e] was not registered for synchronization because synchronization is not active
JDBC Connection [HikariProxyConnection@1035405532 wrapping com.mysql.cj.jdbc.ConnectionImpl@45f49252] will not be managed by Spring
==>  Preparing: SELECT id,username,password,nickname,avatar,bio,email,status,created_at,updated_at FROM t_user WHERE id=? AND status=1
==> Parameters: 2(Long)
<==    Columns: id, username, password, nickname, avatar, bio, email, status, created_at, updated_at
<==        Row: 2, player1, $2a$10$N.zmdr9k7uOCQb376NoUnuTJ8iAt6Z5EHsM8lE9lBOsl7iKTVKIUi, 玩家一号, null, 热爱游戏的普通玩家, null, 1, 2026-05-27 18:20:26, 2026-05-27 18:20:26
<==      Total: 1
Closing non transactional SqlSession [org.apache.ibatis.session.defaults.DefaultSqlSession@7dcce0e]
Creating a new SqlSession
SqlSession [org.apache.ibatis.session.defaults.DefaultSqlSession@123e7033] was not registered for synchronization because synchronization is not active
Creating a new SqlSession
SqlSession [org.apache.ibatis.session.defaults.DefaultSqlSession@1f9ad539] was not registered for synchronization because synchronization is not active
JDBC Connection [HikariProxyConnection@718658067 wrapping com.mysql.cj.jdbc.ConnectionImpl@45f49252] will not be managed by Spring
==>  Preparing: SELECT COUNT( * ) AS total FROM t_notification WHERE (user_id = ? AND is_read = ?)
==> Parameters: 1(Long), 0(Integer)
JDBC Connection [HikariProxyConnection@1734922631 wrapping com.mysql.cj.jdbc.ConnectionImpl@73a9ea26] will not be managed by Spring
==>  Preparing: SELECT COUNT(*) AS total FROM t_game WHERE status = 1 AND (is_recommend = ? AND status = ?)
<==    Columns: total
<==        Row: 0
<==      Total: 1
==> Parameters: 1(Integer), 1(Integer)
Closing non transactional SqlSession [org.apache.ibatis.session.defaults.DefaultSqlSession@1f9ad539]
<==    Columns: total
<==        Row: 5
<==      Total: 1
==>  Preparing: SELECT id,name,cover,description,developer,publisher,release_date,platform,tags,rating,rating_count,is_recommend,status,created_at,updated_at FROM t_game WHERE status=1 AND (is_recommend = ? AND status = ?) ORDER BY rating DESC LIMIT ?
==> Parameters: 1(Integer), 1(Integer), 6(Long)
<==    Columns: id, name, cover, description, developer, publisher, release_date, platform, tags, rating, rating_count, is_recommend, status, created_at, updated_at
<==        Row: 2, 塞尔达传说：王国之泪, https://upload.wikimedia.org/wikipedia/en/f/fb/The_Legend_of_Zelda_Tears_of_the_Kingdom_cover.jpg, <<BLOB>>, 任天堂, 任天堂, 2023-05-12, Switch, 开放世界,冒险,解谜, 9.80, 980, 1, 1, 2026-05-27 18:20:26, 2026-05-27 18:20:26
<==        Row: 3, 博德之门3, https://cdn.cloudflare.steamstatic.com/steam/apps/1086940/library_600x900.jpg, <<BLOB>>, Larian Studios, Larian Studios, 2023-08-03, PC,PS5, RPG,回合制,奇幻, 9.60, 850, 1, 1, 2026-05-27 18:20:26, 2026-05-27 18:20:26
<==        Row: 1, 艾尔登法环, https://cdn.cloudflare.steamstatic.com/steam/apps/1245620/library_600x900.jpg, <<BLOB>>, FromSoftware, Bandai Namco, 2022-02-25, PC,PS5,Xbox, 魂系,开放世界,RPG, 9.50, 1200, 1, 1, 2026-05-27 18:20:26, 2026-05-27 18:20:26
<==        Row: 5, 星露谷物语, https://cdn.cloudflare.steamstatic.com/steam/apps/413150/library_600x900.jpg, <<BLOB>>, ConcernedApe, ConcernedApe, 2016-02-27, PC,Switch,PS5,Xbox, 模拟经营,像素,休闲, 9.30, 760, 1, 1, 2026-05-27 18:20:26, 2026-05-27 18:20:26
<==        Row: 4, 黑神话：悟空, https://cdn.cloudflare.steamstatic.com/steam/apps/2358720/library_600x900.jpg, <<BLOB>>, 游戏科学, 游戏科学, 2024-08-20, PC,PS5, 动作,RPG,神话, 9.20, 2100, 1, 1, 2026-05-27 18:20:26, 2026-05-27 18:20:26
<==      Total: 5
Closing non transactional SqlSession [org.apache.ibatis.session.defaults.DefaultSqlSession@123e7033]
Creating a new SqlSession
SqlSession [org.apache.ibatis.session.defaults.DefaultSqlSession@1f22d3a9] was not registered for synchronization because synchronization is not active
JDBC Connection [HikariProxyConnection@300236349 wrapping com.mysql.cj.jdbc.ConnectionImpl@45f49252] will not be managed by Spring
==>  Preparing: SELECT id,user_id,game_id,category_id,title,content,tags,cover_image,view_count,like_count,reply_count,share_count,heat_score,is_top,is_essence,status,created_at,updated_at FROM t_post WHERE id=? AND status=1
==> Parameters: 2(Long)
<==    Columns: id, user_id, game_id, category_id, title, content, tags, cover_image, view_count, like_count, reply_count, share_count, heat_score, is_top, is_essence, status, created_at, updated_at
<==        Row: 2, 3, 4, 1, 黑神话：悟空 隐藏BOSS全部打法分享, <<BLOB>>, 黑神话,悟空,BOSS攻略, null, 1894, 203, 67, 0, 92.3, 0, 0, 1, 2026-05-27 18:20:26, 2026-05-27 18:20:26
<==      Total: 1
Closing non transactional SqlSession [org.apache.ibatis.session.defaults.DefaultSqlSession@1f22d3a9]
Creating a new SqlSession
SqlSession [org.apache.ibatis.session.defaults.DefaultSqlSession@50d83406] was not registered for synchronization because synchronization is not active
Creating a new SqlSession
SqlSession [org.apache.ibatis.session.defaults.DefaultSqlSession@2e94f7b2] was not registered for synchronization because synchronization is not active
JDBC Connection [HikariProxyConnection@1508776495 wrapping com.mysql.cj.jdbc.ConnectionImpl@45f49252] will not be managed by Spring
==>  Preparing: UPDATE t_post SET user_id=?, game_id=?, category_id=?, title=?, content=?, tags=?, view_count=?, like_count=?, reply_count=?, share_count=?, heat_score=?, is_top=?, is_essence=?, created_at=?, updated_at=? WHERE id=? AND status=1
==> Parameters: 3(Long), 4(Long), 1(Long), 黑神话：悟空 隐藏BOSS全部打法分享(String), 虎先锋、蝜蝂、赤髯龙...每个隐藏BOSS的详细打法(String), 黑神话,悟空,BOSS攻略(String), 1895(Integer), 203(Integer), 67(Integer), 0(Integer), 92.3(Double), 0(Integer), 0(Integer), 2026-05-27T18:20:26(LocalDateTime), 2026-05-27T18:20:26(LocalDateTime), 2(Long)
JDBC Connection [HikariProxyConnection@1031580182 wrapping com.mysql.cj.jdbc.ConnectionImpl@73a9ea26] will not be managed by Spring
==>  Preparing: SELECT COUNT(*) AS total FROM t_game WHERE status = 1 AND (is_recommend = ? AND status = ?)
==> Parameters: 1(Integer), 1(Integer)
<==    Columns: total
<==        Row: 5
<==      Total: 1
==>  Preparing: SELECT id,name,cover,description,developer,publisher,release_date,platform,tags,rating,rating_count,is_recommend,status,created_at,updated_at FROM t_game WHERE status=1 AND (is_recommend = ? AND status = ?) ORDER BY rating DESC LIMIT ?
==> Parameters: 1(Integer), 1(Integer), 6(Long)
<==    Columns: id, name, cover, description, developer, publisher, release_date, platform, tags, rating, rating_count, is_recommend, status, created_at, updated_at
<==    Updates: 1
<==        Row: 2, 塞尔达传说：王国之泪, https://upload.wikimedia.org/wikipedia/en/f/fb/The_Legend_of_Zelda_Tears_of_the_Kingdom_cover.jpg, <<BLOB>>, 任天堂, 任天堂, 2023-05-12, Switch, 开放世界,冒险,解谜, 9.80, 980, 1, 1, 2026-05-27 18:20:26, 2026-05-27 18:20:26
Closing non transactional SqlSession [org.apache.ibatis.session.defaults.DefaultSqlSession@50d83406]
Creating a new SqlSession
SqlSession [org.apache.ibatis.session.defaults.DefaultSqlSession@211eb368] was not registered for synchronization because synchronization is not active
<==        Row: 3, 博德之门3, https://cdn.cloudflare.steamstatic.com/steam/apps/1086940/library_600x900.jpg, <<BLOB>>, Larian Studios, Larian Studios, 2023-08-03, PC,PS5, RPG,回合制,奇幻, 9.60, 850, 1, 1, 2026-05-27 18:20:26, 2026-05-27 18:20:26
JDBC Connection [HikariProxyConnection@821545801 wrapping com.mysql.cj.jdbc.ConnectionImpl@45f49252] will not be managed by Spring
==>  Preparing: SELECT id,name,code,sort_order,status,created_at,updated_at FROM t_post_category WHERE id=? AND status=1
<==        Row: 1, 艾尔登法环, https://cdn.cloudflare.steamstatic.com/steam/apps/1245620/library_600x900.jpg, <<BLOB>>, FromSoftware, Bandai Namco, 2022-02-25, PC,PS5,Xbox, 魂系,开放世界,RPG, 9.50, 1200, 1, 1, 2026-05-27 18:20:26, 2026-05-27 18:20:26
==> Parameters: 1(Long)
<==        Row: 5, 星露谷物语, https://cdn.cloudflare.steamstatic.com/steam/apps/413150/library_600x900.jpg, <<BLOB>>, ConcernedApe, ConcernedApe, 2016-02-27, PC,Switch,PS5,Xbox, 模拟经营,像素,休闲, 9.30, 760, 1, 1, 2026-05-27 18:20:26, 2026-05-27 18:20:26
<==        Row: 4, 黑神话：悟空, https://cdn.cloudflare.steamstatic.com/steam/apps/2358720/library_600x900.jpg, <<BLOB>>, 游戏科学, 游戏科学, 2024-08-20, PC,PS5, 动作,RPG,神话, 9.20, 2100, 1, 1, 2026-05-27 18:20:26, 2026-05-27 18:20:26
<==    Columns: id, name, code, sort_order, status, created_at, updated_at
<==      Total: 5
<==        Row: 1, 攻略, guide, 1, 1, 2026-05-27 18:20:26, 2026-05-27 18:20:26
Closing non transactional SqlSession [org.apache.ibatis.session.defaults.DefaultSqlSession@2e94f7b2]
<==      Total: 1
Closing non transactional SqlSession [org.apache.ibatis.session.defaults.DefaultSqlSession@211eb368]
Creating a new SqlSession
SqlSession [org.apache.ibatis.session.defaults.DefaultSqlSession@6e4b55c4] was not registered for synchronization because synchronization is not active
JDBC Connection [HikariProxyConnection@974798486 wrapping com.mysql.cj.jdbc.ConnectionImpl@45f49252] will not be managed by Spring
==>  Preparing: SELECT id,username,password,nickname,avatar,bio,email,status,created_at,updated_at FROM t_user WHERE id=? AND status=1
==> Parameters: 3(Long)
<==    Columns: id, username, password, nickname, avatar, bio, email, status, created_at, updated_at
<==        Row: 3, gamer_pro, $2a$10$N.zmdr9k7uOCQb376NoUnuTJ8iAt6Z5EHsM8lE9lBOsl7iKTVKIUi, 高玩达人, null, 全平台制霸！, null, 1, 2026-05-27 18:20:26, 2026-05-27 18:20:26
<==      Total: 1
Closing non transactional SqlSession [org.apache.ibatis.session.defaults.DefaultSqlSession@6e4b55c4]
Creating a new SqlSession
SqlSession [org.apache.ibatis.session.defaults.DefaultSqlSession@21cd20c2] was not registered for synchronization because synchronization is not active
JDBC Connection [HikariProxyConnection@362591306 wrapping com.mysql.cj.jdbc.ConnectionImpl@45f49252] will not be managed by Spring
==>  Preparing: SELECT COUNT( * ) AS total FROM t_like WHERE (user_id = ? AND target_type = ? AND target_id = ?)
==> Parameters: 1(Long), 1(Integer), 2(Long)
<==    Columns: total
<==        Row: 0
<==      Total: 1
Closing non transactional SqlSession [org.apache.ibatis.session.defaults.DefaultSqlSession@21cd20c2]
Creating a new SqlSession
SqlSession [org.apache.ibatis.session.defaults.DefaultSqlSession@20b2711c] was not registered for synchronization because synchronization is not active
JDBC Connection [HikariProxyConnection@124383047 wrapping com.mysql.cj.jdbc.ConnectionImpl@45f49252] will not be managed by Spring
==>  Preparing: SELECT COUNT(*) AS total FROM t_reply WHERE status = 1 AND (post_id = ? AND status = ?)
==> Parameters: 2(Long), 1(Integer)
<==    Columns: total
<==        Row: 2
<==      Total: 1
==>  Preparing: SELECT id,post_id,user_id,parent_id,reply_to_user_id,content,like_count,status,created_at,updated_at FROM t_reply WHERE status=1 AND (post_id = ? AND status = ?) ORDER BY created_at ASC LIMIT ?
==> Parameters: 2(Long), 1(Integer), 20(Long)
<==    Columns: id, post_id, user_id, parent_id, reply_to_user_id, content, like_count, status, created_at, updated_at
<==        Row: 3, 2, 5, null, null, <<BLOB>>, 15, 1, 2026-05-27 18:20:26, 2026-05-27 18:20:26
<==        Row: 4, 2, 2, null, null, <<BLOB>>, 6, 1, 2026-05-27 18:20:26, 2026-05-27 18:20:26
<==      Total: 2
Closing non transactional SqlSession [org.apache.ibatis.session.defaults.DefaultSqlSession@20b2711c]
Creating a new SqlSession
SqlSession [org.apache.ibatis.session.defaults.DefaultSqlSession@495232d4] was not registered for synchronization because synchronization is not active
JDBC Connection [HikariProxyConnection@1489496502 wrapping com.mysql.cj.jdbc.ConnectionImpl@45f49252] will not be managed by Spring
==>  Preparing: SELECT id,username,password,nickname,avatar,bio,email,status,created_at,updated_at FROM t_user WHERE id=? AND status=1
==> Parameters: 5(Long)
<==    Columns: id, username, password, nickname, avatar, bio, email, status, created_at, updated_at
<==        Row: 5, rpg_lover, $2a$10$N.zmdr9k7uOCQb376NoUnuTJ8iAt6Z5EHsM8lE9lBOsl7iKTVKIUi, RPG爱好者, null, RPG永不毕业！, null, 1, 2026-05-27 18:20:26, 2026-05-27 18:20:26
<==      Total: 1
Closing non transactional SqlSession [org.apache.ibatis.session.defaults.DefaultSqlSession@495232d4]
Creating a new SqlSession
SqlSession [org.apache.ibatis.session.defaults.DefaultSqlSession@3eddd2e7] was not registered for synchronization because synchronization is not active
JDBC Connection [HikariProxyConnection@1715573626 wrapping com.mysql.cj.jdbc.ConnectionImpl@45f49252] will not be managed by Spring
==>  Preparing: SELECT id,username,password,nickname,avatar,bio,email,status,created_at,updated_at FROM t_user WHERE id=? AND status=1
==> Parameters: 2(Long)
<==    Columns: id, username, password, nickname, avatar, bio, email, status, created_at, updated_at
<==        Row: 2, player1, $2a$10$N.zmdr9k7uOCQb376NoUnuTJ8iAt6Z5EHsM8lE9lBOsl7iKTVKIUi, 玩家一号, null, 热爱游戏的普通玩家, null, 1, 2026-05-27 18:20:26, 2026-05-27 18:20:26
<==      Total: 1
Closing non transactional SqlSession [org.apache.ibatis.session.defaults.DefaultSqlSession@3eddd2e7]
2026-05-27T21:16:01.690+08:00  INFO 30748 --- [nio-8080-exec-9] o.springdoc.api.AbstractOpenApiResource  : Init duration for springdoc-openapi is: 1125 ms
Creating a new SqlSession
SqlSession [org.apache.ibatis.session.defaults.DefaultSqlSession@63b0476f] was not registered for synchronization because synchronization is not active
Creating a new SqlSession
SqlSession [org.apache.ibatis.session.defaults.DefaultSqlSession@51bc3139] was not registered for synchronization because synchronization is not active
JDBC Connection [HikariProxyConnection@900052814 wrapping com.mysql.cj.jdbc.ConnectionImpl@45f49252] will not be managed by Spring
==>  Preparing: SELECT COUNT( * ) AS total FROM t_notification WHERE (user_id = ? AND is_read = ?)
==> Parameters: 1(Long), 0(Integer)
<==    Columns: total
JDBC Connection [HikariProxyConnection@50157993 wrapping com.mysql.cj.jdbc.ConnectionImpl@73a9ea26] will not be managed by Spring
<==        Row: 0
==>  Preparing: SELECT COUNT(*) AS total FROM t_game WHERE status = 1 AND (is_recommend = ? AND status = ?)
<==      Total: 1
Closing non transactional SqlSession [org.apache.ibatis.session.defaults.DefaultSqlSession@51bc3139]
==> Parameters: 1(Integer), 1(Integer)
<==    Columns: total
<==        Row: 5
<==      Total: 1
==>  Preparing: SELECT id,name,cover,description,developer,publisher,release_date,platform,tags,rating,rating_count,is_recommend,status,created_at,updated_at FROM t_game WHERE status=1 AND (is_recommend = ? AND status = ?) ORDER BY rating DESC LIMIT ?
==> Parameters: 1(Integer), 1(Integer), 6(Long)
<==    Columns: id, name, cover, description, developer, publisher, release_date, platform, tags, rating, rating_count, is_recommend, status, created_at, updated_at
<==        Row: 2, 塞尔达传说：王国之泪, https://upload.wikimedia.org/wikipedia/en/f/fb/The_Legend_of_Zelda_Tears_of_the_Kingdom_cover.jpg, <<BLOB>>, 任天堂, 任天堂, 2023-05-12, Switch, 开放世界,冒险,解谜, 9.80, 980, 1, 1, 2026-05-27 18:20:26, 2026-05-27 18:20:26
<==        Row: 3, 博德之门3, https://cdn.cloudflare.steamstatic.com/steam/apps/1086940/library_600x900.jpg, <<BLOB>>, Larian Studios, Larian Studios, 2023-08-03, PC,PS5, RPG,回合制,奇幻, 9.60, 850, 1, 1, 2026-05-27 18:20:26, 2026-05-27 18:20:26
<==        Row: 1, 艾尔登法环, https://cdn.cloudflare.steamstatic.com/steam/apps/1245620/library_600x900.jpg, <<BLOB>>, FromSoftware, Bandai Namco, 2022-02-25, PC,PS5,Xbox, 魂系,开放世界,RPG, 9.50, 1200, 1, 1, 2026-05-27 18:20:26, 2026-05-27 18:20:26
<==        Row: 5, 星露谷物语, https://cdn.cloudflare.steamstatic.com/steam/apps/413150/library_600x900.jpg, <<BLOB>>, ConcernedApe, ConcernedApe, 2016-02-27, PC,Switch,PS5,Xbox, 模拟经营,像素,休闲, 9.30, 760, 1, 1, 2026-05-27 18:20:26, 2026-05-27 18:20:26
<==        Row: 4, 黑神话：悟空, https://cdn.cloudflare.steamstatic.com/steam/apps/2358720/library_600x900.jpg, <<BLOB>>, 游戏科学, 游戏科学, 2024-08-20, PC,PS5, 动作,RPG,神话, 9.20, 2100, 1, 1, 2026-05-27 18:20:26, 2026-05-27 18:20:26
<==      Total: 5
Closing non transactional SqlSession [org.apache.ibatis.session.defaults.DefaultSqlSession@63b0476f]
Creating a new SqlSession
SqlSession [org.apache.ibatis.session.defaults.DefaultSqlSession@f961a90] was not registered for synchronization because synchronization is not active
Creating a new SqlSession
SqlSession [org.apache.ibatis.session.defaults.DefaultSqlSession@74b63bb3] was not registered for synchronization because synchronization is not active
JDBC Connection [HikariProxyConnection@750916393 wrapping com.mysql.cj.jdbc.ConnectionImpl@73a9ea26] will not be managed by Spring
==>  Preparing: SELECT id,user_id,game_id,category_id,title,content,tags,cover_image,view_count,like_count,reply_count,share_count,heat_score,is_top,is_essence,status,created_at,updated_at FROM t_post WHERE id=? AND status=1
==> Parameters: 2(Long)
<==    Columns: id, user_id, game_id, category_id, title, content, tags, cover_image, view_count, like_count, reply_count, share_count, heat_score, is_top, is_essence, status, created_at, updated_at
<==        Row: 2, 3, 4, 1, 黑神话：悟空 隐藏BOSS全部打法分享, <<BLOB>>, 黑神话,悟空,BOSS攻略, null, 1895, 203, 67, 0, 92.3, 0, 0, 1, 2026-05-27 18:20:26, 2026-05-27 18:20:26
<==      Total: 1
Closing non transactional SqlSession [org.apache.ibatis.session.defaults.DefaultSqlSession@74b63bb3]
Creating a new SqlSession
SqlSession [org.apache.ibatis.session.defaults.DefaultSqlSession@2726d846] was not registered for synchronization because synchronization is not active
JDBC Connection [HikariProxyConnection@1029261268 wrapping com.mysql.cj.jdbc.ConnectionImpl@73a9ea26] will not be managed by Spring
==>  Preparing: SELECT COUNT(*) AS total FROM t_game WHERE status = 1 AND (is_recommend = ? AND status = ?)
==> Parameters: 1(Integer), 1(Integer)
JDBC Connection [HikariProxyConnection@1644696754 wrapping com.mysql.cj.jdbc.ConnectionImpl@45f49252] will not be managed by Spring
==>  Preparing: UPDATE t_post SET user_id=?, game_id=?, category_id=?, title=?, content=?, tags=?, view_count=?, like_count=?, reply_count=?, share_count=?, heat_score=?, is_top=?, is_essence=?, created_at=?, updated_at=? WHERE id=? AND status=1
<==    Columns: total
<==        Row: 5
<==      Total: 1
==>  Preparing: SELECT id,name,cover,description,developer,publisher,release_date,platform,tags,rating,rating_count,is_recommend,status,created_at,updated_at FROM t_game WHERE status=1 AND (is_recommend = ? AND status = ?) ORDER BY rating DESC LIMIT ?
==> Parameters: 1(Integer), 1(Integer), 6(Long)
==> Parameters: 3(Long), 4(Long), 1(Long), 黑神话：悟空 隐藏BOSS全部打法分享(String), 虎先锋、蝜蝂、赤髯龙...每个隐藏BOSS的详细打法(String), 黑神话,悟空,BOSS攻略(String), 1896(Integer), 203(Integer), 67(Integer), 0(Integer), 92.3(Double), 0(Integer), 0(Integer), 2026-05-27T18:20:26(LocalDateTime), 2026-05-27T18:20:26(LocalDateTime), 2(Long)
<==    Columns: id, name, cover, description, developer, publisher, release_date, platform, tags, rating, rating_count, is_recommend, status, created_at, updated_at
<==        Row: 2, 塞尔达传说：王国之泪, https://upload.wikimedia.org/wikipedia/en/f/fb/The_Legend_of_Zelda_Tears_of_the_Kingdom_cover.jpg, <<BLOB>>, 任天堂, 任天堂, 2023-05-12, Switch, 开放世界,冒险,解谜, 9.80, 980, 1, 1, 2026-05-27 18:20:26, 2026-05-27 18:20:26
<==        Row: 3, 博德之门3, https://cdn.cloudflare.steamstatic.com/steam/apps/1086940/library_600x900.jpg, <<BLOB>>, Larian Studios, Larian Studios, 2023-08-03, PC,PS5, RPG,回合制,奇幻, 9.60, 850, 1, 1, 2026-05-27 18:20:26, 2026-05-27 18:20:26
<==        Row: 1, 艾尔登法环, https://cdn.cloudflare.steamstatic.com/steam/apps/1245620/library_600x900.jpg, <<BLOB>>, FromSoftware, Bandai Namco, 2022-02-25, PC,PS5,Xbox, 魂系,开放世界,RPG, 9.50, 1200, 1, 1, 2026-05-27 18:20:26, 2026-05-27 18:20:26
<==        Row: 5, 星露谷物语, https://cdn.cloudflare.steamstatic.com/steam/apps/413150/library_600x900.jpg, <<BLOB>>, ConcernedApe, ConcernedApe, 2016-02-27, PC,Switch,PS5,Xbox, 模拟经营,像素,休闲, 9.30, 760, 1, 1, 2026-05-27 18:20:26, 2026-05-27 18:20:26
<==        Row: 4, 黑神话：悟空, https://cdn.cloudflare.steamstatic.com/steam/apps/2358720/library_600x900.jpg, <<BLOB>>, 游戏科学, 游戏科学, 2024-08-20, PC,PS5, 动作,RPG,神话, 9.20, 2100, 1, 1, 2026-05-27 18:20:26, 2026-05-27 18:20:26
<==      Total: 5
Closing non transactional SqlSession [org.apache.ibatis.session.defaults.DefaultSqlSession@f961a90]
<==    Updates: 1
Closing non transactional SqlSession [org.apache.ibatis.session.defaults.DefaultSqlSession@2726d846]
Creating a new SqlSession
SqlSession [org.apache.ibatis.session.defaults.DefaultSqlSession@1c2b56da] was not registered for synchronization because synchronization is not active
JDBC Connection [HikariProxyConnection@232675825 wrapping com.mysql.cj.jdbc.ConnectionImpl@45f49252] will not be managed by Spring
==>  Preparing: SELECT id,name,code,sort_order,status,created_at,updated_at FROM t_post_category WHERE id=? AND status=1
==> Parameters: 1(Long)
<==    Columns: id, name, code, sort_order, status, created_at, updated_at
<==        Row: 1, 攻略, guide, 1, 1, 2026-05-27 18:20:26, 2026-05-27 18:20:26
<==      Total: 1
Closing non transactional SqlSession [org.apache.ibatis.session.defaults.DefaultSqlSession@1c2b56da]
Creating a new SqlSession
SqlSession [org.apache.ibatis.session.defaults.DefaultSqlSession@9dc4f07] was not registered for synchronization because synchronization is not active
JDBC Connection [HikariProxyConnection@1325876576 wrapping com.mysql.cj.jdbc.ConnectionImpl@45f49252] will not be managed by Spring
==>  Preparing: SELECT id,username,password,nickname,avatar,bio,email,status,created_at,updated_at FROM t_user WHERE id=? AND status=1
==> Parameters: 3(Long)
<==    Columns: id, username, password, nickname, avatar, bio, email, status, created_at, updated_at
<==        Row: 3, gamer_pro, $2a$10$N.zmdr9k7uOCQb376NoUnuTJ8iAt6Z5EHsM8lE9lBOsl7iKTVKIUi, 高玩达人, null, 全平台制霸！, null, 1, 2026-05-27 18:20:26, 2026-05-27 18:20:26
<==      Total: 1
Closing non transactional SqlSession [org.apache.ibatis.session.defaults.DefaultSqlSession@9dc4f07]
Creating a new SqlSession
SqlSession [org.apache.ibatis.session.defaults.DefaultSqlSession@1497d150] was not registered for synchronization because synchronization is not active
JDBC Connection [HikariProxyConnection@2136477874 wrapping com.mysql.cj.jdbc.ConnectionImpl@45f49252] will not be managed by Spring
==>  Preparing: SELECT COUNT( * ) AS total FROM t_like WHERE (user_id = ? AND target_type = ? AND target_id = ?)
==> Parameters: 1(Long), 1(Integer), 2(Long)
<==    Columns: total
<==        Row: 0
<==      Total: 1
Closing non transactional SqlSession [org.apache.ibatis.session.defaults.DefaultSqlSession@1497d150]
Creating a new SqlSession
SqlSession [org.apache.ibatis.session.defaults.DefaultSqlSession@26427c2] was not registered for synchronization because synchronization is not active
JDBC Connection [HikariProxyConnection@1256705148 wrapping com.mysql.cj.jdbc.ConnectionImpl@45f49252] will not be managed by Spring
==>  Preparing: SELECT COUNT(*) AS total FROM t_reply WHERE status = 1 AND (post_id = ? AND status = ?)
==> Parameters: 2(Long), 1(Integer)
<==    Columns: total
<==        Row: 2
<==      Total: 1
==>  Preparing: SELECT id,post_id,user_id,parent_id,reply_to_user_id,content,like_count,status,created_at,updated_at FROM t_reply WHERE status=1 AND (post_id = ? AND status = ?) ORDER BY created_at ASC LIMIT ?
==> Parameters: 2(Long), 1(Integer), 20(Long)
<==    Columns: id, post_id, user_id, parent_id, reply_to_user_id, content, like_count, status, created_at, updated_at
<==        Row: 3, 2, 5, null, null, <<BLOB>>, 15, 1, 2026-05-27 18:20:26, 2026-05-27 18:20:26
<==        Row: 4, 2, 2, null, null, <<BLOB>>, 6, 1, 2026-05-27 18:20:26, 2026-05-27 18:20:26
<==      Total: 2
Closing non transactional SqlSession [org.apache.ibatis.session.defaults.DefaultSqlSession@26427c2]
Creating a new SqlSession
SqlSession [org.apache.ibatis.session.defaults.DefaultSqlSession@294e1457] was not registered for synchronization because synchronization is not active
JDBC Connection [HikariProxyConnection@1564387630 wrapping com.mysql.cj.jdbc.ConnectionImpl@45f49252] will not be managed by Spring
==>  Preparing: SELECT id,username,password,nickname,avatar,bio,email,status,created_at,updated_at FROM t_user WHERE id=? AND status=1
==> Parameters: 5(Long)
<==    Columns: id, username, password, nickname, avatar, bio, email, status, created_at, updated_at
<==        Row: 5, rpg_lover, $2a$10$N.zmdr9k7uOCQb376NoUnuTJ8iAt6Z5EHsM8lE9lBOsl7iKTVKIUi, RPG爱好者, null, RPG永不毕业！, null, 1, 2026-05-27 18:20:26, 2026-05-27 18:20:26
<==      Total: 1
Closing non transactional SqlSession [org.apache.ibatis.session.defaults.DefaultSqlSession@294e1457]
Creating a new SqlSession
SqlSession [org.apache.ibatis.session.defaults.DefaultSqlSession@1ed8b5b7] was not registered for synchronization because synchronization is not active
JDBC Connection [HikariProxyConnection@1206777495 wrapping com.mysql.cj.jdbc.ConnectionImpl@45f49252] will not be managed by Spring
==>  Preparing: SELECT id,username,password,nickname,avatar,bio,email,status,created_at,updated_at FROM t_user WHERE id=? AND status=1
==> Parameters: 2(Long)
<==    Columns: id, username, password, nickname, avatar, bio, email, status, created_at, updated_at
<==        Row: 2, player1, $2a$10$N.zmdr9k7uOCQb376NoUnuTJ8iAt6Z5EHsM8lE9lBOsl7iKTVKIUi, 玩家一号, null, 热爱游戏的普通玩家, null, 1, 2026-05-27 18:20:26, 2026-05-27 18:20:26
<==      Total: 1
Closing non transactional SqlSession [org.apache.ibatis.session.defaults.DefaultSqlSession@1ed8b5b7]
Creating a new SqlSession
SqlSession [org.apache.ibatis.session.defaults.DefaultSqlSession@4750cf] was not registered for synchronization because synchronization is not active
Creating a new SqlSession
SqlSession [org.apache.ibatis.session.defaults.DefaultSqlSession@22ea1195] was not registered for synchronization because synchronization is not active
JDBC Connection [HikariProxyConnection@1794668098 wrapping com.mysql.cj.jdbc.ConnectionImpl@45f49252] will not be managed by Spring
==>  Preparing: SELECT COUNT( * ) AS total FROM t_notification WHERE (user_id = ? AND is_read = ?)
==> Parameters: 1(Long), 0(Integer)
JDBC Connection [HikariProxyConnection@1348329674 wrapping com.mysql.cj.jdbc.ConnectionImpl@73a9ea26] will not be managed by Spring
==>  Preparing: SELECT COUNT(*) AS total FROM t_game WHERE status = 1 AND (is_recommend = ? AND status = ?)
==> Parameters: 1(Integer), 1(Integer)
<==    Columns: total
<==        Row: 0
<==      Total: 1
Closing non transactional SqlSession [org.apache.ibatis.session.defaults.DefaultSqlSession@22ea1195]
<==    Columns: total
<==        Row: 5
<==      Total: 1
==>  Preparing: SELECT id,name,cover,description,developer,publisher,release_date,platform,tags,rating,rating_count,is_recommend,status,created_at,updated_at FROM t_game WHERE status=1 AND (is_recommend = ? AND status = ?) ORDER BY rating DESC LIMIT ?
==> Parameters: 1(Integer), 1(Integer), 6(Long)
<==    Columns: id, name, cover, description, developer, publisher, release_date, platform, tags, rating, rating_count, is_recommend, status, created_at, updated_at
<==        Row: 2, 塞尔达传说：王国之泪, https://upload.wikimedia.org/wikipedia/en/f/fb/The_Legend_of_Zelda_Tears_of_the_Kingdom_cover.jpg, <<BLOB>>, 任天堂, 任天堂, 2023-05-12, Switch, 开放世界,冒险,解谜, 9.80, 980, 1, 1, 2026-05-27 18:20:26, 2026-05-27 18:20:26
<==        Row: 3, 博德之门3, https://cdn.cloudflare.steamstatic.com/steam/apps/1086940/library_600x900.jpg, <<BLOB>>, Larian Studios, Larian Studios, 2023-08-03, PC,PS5, RPG,回合制,奇幻, 9.60, 850, 1, 1, 2026-05-27 18:20:26, 2026-05-27 18:20:26
<==        Row: 1, 艾尔登法环, https://cdn.cloudflare.steamstatic.com/steam/apps/1245620/library_600x900.jpg, <<BLOB>>, FromSoftware, Bandai Namco, 2022-02-25, PC,PS5,Xbox, 魂系,开放世界,RPG, 9.50, 1200, 1, 1, 2026-05-27 18:20:26, 2026-05-27 18:20:26
<==        Row: 5, 星露谷物语, https://cdn.cloudflare.steamstatic.com/steam/apps/413150/library_600x900.jpg, <<BLOB>>, ConcernedApe, ConcernedApe, 2016-02-27, PC,Switch,PS5,Xbox, 模拟经营,像素,休闲, 9.30, 760, 1, 1, 2026-05-27 18:20:26, 2026-05-27 18:20:26
<==        Row: 4, 黑神话：悟空, https://cdn.cloudflare.steamstatic.com/steam/apps/2358720/library_600x900.jpg, <<BLOB>>, 游戏科学, 游戏科学, 2024-08-20, PC,PS5, 动作,RPG,神话, 9.20, 2100, 1, 1, 2026-05-27 18:20:26, 2026-05-27 18:20:26
<==      Total: 5
Closing non transactional SqlSession [org.apache.ibatis.session.defaults.DefaultSqlSession@4750cf]
Creating a new SqlSession
SqlSession [org.apache.ibatis.session.defaults.DefaultSqlSession@62a96b77] was not registered for synchronization because synchronization is not active
JDBC Connection [HikariProxyConnection@2013551742 wrapping com.mysql.cj.jdbc.ConnectionImpl@45f49252] will not be managed by Spring
==>  Preparing: SELECT id,user_id,game_id,category_id,title,content,tags,cover_image,view_count,like_count,reply_count,share_count,heat_score,is_top,is_essence,status,created_at,updated_at FROM t_post WHERE id=? AND status=1
==> Parameters: 2(Long)
<==    Columns: id, user_id, game_id, category_id, title, content, tags, cover_image, view_count, like_count, reply_count, share_count, heat_score, is_top, is_essence, status, created_at, updated_at
<==        Row: 2, 3, 4, 1, 黑神话：悟空 隐藏BOSS全部打法分享, <<BLOB>>, 黑神话,悟空,BOSS攻略, null, 1896, 203, 67, 0, 92.3, 0, 0, 1, 2026-05-27 18:20:26, 2026-05-27 18:20:26
Creating a new SqlSession
SqlSession [org.apache.ibatis.session.defaults.DefaultSqlSession@144e0fa7] was not registered for synchronization because synchronization is not active
<==      Total: 1
Closing non transactional SqlSession [org.apache.ibatis.session.defaults.DefaultSqlSession@62a96b77]
Creating a new SqlSession
SqlSession [org.apache.ibatis.session.defaults.DefaultSqlSession@7c509ea3] was not registered for synchronization because synchronization is not active
JDBC Connection [HikariProxyConnection@1426829453 wrapping com.mysql.cj.jdbc.ConnectionImpl@45f49252] will not be managed by Spring
==>  Preparing: UPDATE t_post SET user_id=?, game_id=?, category_id=?, title=?, content=?, tags=?, view_count=?, like_count=?, reply_count=?, share_count=?, heat_score=?, is_top=?, is_essence=?, created_at=?, updated_at=? WHERE id=? AND status=1
JDBC Connection [HikariProxyConnection@1358558043 wrapping com.mysql.cj.jdbc.ConnectionImpl@73a9ea26] will not be managed by Spring
==>  Preparing: SELECT COUNT(*) AS total FROM t_game WHERE status = 1 AND (is_recommend = ? AND status = ?)
==> Parameters: 1(Integer), 1(Integer)
==> Parameters: 3(Long), 4(Long), 1(Long), 黑神话：悟空 隐藏BOSS全部打法分享(String), 虎先锋、蝜蝂、赤髯龙...每个隐藏BOSS的详细打法(String), 黑神话,悟空,BOSS攻略(String), 1897(Integer), 203(Integer), 67(Integer), 0(Integer), 92.3(Double), 0(Integer), 0(Integer), 2026-05-27T18:20:26(LocalDateTime), 2026-05-27T18:20:26(LocalDateTime), 2(Long)
<==    Columns: total
<==        Row: 5
<==      Total: 1
==>  Preparing: SELECT id,name,cover,description,developer,publisher,release_date,platform,tags,rating,rating_count,is_recommend,status,created_at,updated_at FROM t_game WHERE status=1 AND (is_recommend = ? AND status = ?) ORDER BY rating DESC LIMIT ?
==> Parameters: 1(Integer), 1(Integer), 6(Long)
<==    Columns: id, name, cover, description, developer, publisher, release_date, platform, tags, rating, rating_count, is_recommend, status, created_at, updated_at
<==        Row: 2, 塞尔达传说：王国之泪, https://upload.wikimedia.org/wikipedia/en/f/fb/The_Legend_of_Zelda_Tears_of_the_Kingdom_cover.jpg, <<BLOB>>, 任天堂, 任天堂, 2023-05-12, Switch, 开放世界,冒险,解谜, 9.80, 980, 1, 1, 2026-05-27 18:20:26, 2026-05-27 18:20:26
<==        Row: 3, 博德之门3, https://cdn.cloudflare.steamstatic.com/steam/apps/1086940/library_600x900.jpg, <<BLOB>>, Larian Studios, Larian Studios, 2023-08-03, PC,PS5, RPG,回合制,奇幻, 9.60, 850, 1, 1, 2026-05-27 18:20:26, 2026-05-27 18:20:26
<==        Row: 1, 艾尔登法环, https://cdn.cloudflare.steamstatic.com/steam/apps/1245620/library_600x900.jpg, <<BLOB>>, FromSoftware, Bandai Namco, 2022-02-25, PC,PS5,Xbox, 魂系,开放世界,RPG, 9.50, 1200, 1, 1, 2026-05-27 18:20:26, 2026-05-27 18:20:26
<==        Row: 5, 星露谷物语, https://cdn.cloudflare.steamstatic.com/steam/apps/413150/library_600x900.jpg, <<BLOB>>, ConcernedApe, ConcernedApe, 2016-02-27, PC,Switch,PS5,Xbox, 模拟经营,像素,休闲, 9.30, 760, 1, 1, 2026-05-27 18:20:26, 2026-05-27 18:20:26
<==        Row: 4, 黑神话：悟空, https://cdn.cloudflare.steamstatic.com/steam/apps/2358720/library_600x900.jpg, <<BLOB>>, 游戏科学, 游戏科学, 2024-08-20, PC,PS5, 动作,RPG,神话, 9.20, 2100, 1, 1, 2026-05-27 18:20:26, 2026-05-27 18:20:26
<==      Total: 5
Closing non transactional SqlSession [org.apache.ibatis.session.defaults.DefaultSqlSession@144e0fa7]
<==    Updates: 1
Closing non transactional SqlSession [org.apache.ibatis.session.defaults.DefaultSqlSession@7c509ea3]
Creating a new SqlSession
SqlSession [org.apache.ibatis.session.defaults.DefaultSqlSession@2030f84c] was not registered for synchronization because synchronization is not active
JDBC Connection [HikariProxyConnection@1483591535 wrapping com.mysql.cj.jdbc.ConnectionImpl@45f49252] will not be managed by Spring
==>  Preparing: SELECT id,name,code,sort_order,status,created_at,updated_at FROM t_post_category WHERE id=? AND status=1
==> Parameters: 1(Long)
<==    Columns: id, name, code, sort_order, status, created_at, updated_at
<==        Row: 1, 攻略, guide, 1, 1, 2026-05-27 18:20:26, 2026-05-27 18:20:26
<==      Total: 1
Closing non transactional SqlSession [org.apache.ibatis.session.defaults.DefaultSqlSession@2030f84c]
Creating a new SqlSession
SqlSession [org.apache.ibatis.session.defaults.DefaultSqlSession@68eba1d5] was not registered for synchronization because synchronization is not active
JDBC Connection [HikariProxyConnection@1329514012 wrapping com.mysql.cj.jdbc.ConnectionImpl@45f49252] will not be managed by Spring
==>  Preparing: SELECT id,username,password,nickname,avatar,bio,email,status,created_at,updated_at FROM t_user WHERE id=? AND status=1
==> Parameters: 3(Long)
<==    Columns: id, username, password, nickname, avatar, bio, email, status, created_at, updated_at
<==        Row: 3, gamer_pro, $2a$10$N.zmdr9k7uOCQb376NoUnuTJ8iAt6Z5EHsM8lE9lBOsl7iKTVKIUi, 高玩达人, null, 全平台制霸！, null, 1, 2026-05-27 18:20:26, 2026-05-27 18:20:26
<==      Total: 1
Closing non transactional SqlSession [org.apache.ibatis.session.defaults.DefaultSqlSession@68eba1d5]
Creating a new SqlSession
SqlSession [org.apache.ibatis.session.defaults.DefaultSqlSession@7d69b91c] was not registered for synchronization because synchronization is not active
JDBC Connection [HikariProxyConnection@1220102765 wrapping com.mysql.cj.jdbc.ConnectionImpl@45f49252] will not be managed by Spring
==>  Preparing: SELECT COUNT( * ) AS total FROM t_like WHERE (user_id = ? AND target_type = ? AND target_id = ?)
==> Parameters: 1(Long), 1(Integer), 2(Long)
<==    Columns: total
<==        Row: 0
<==      Total: 1
Closing non transactional SqlSession [org.apache.ibatis.session.defaults.DefaultSqlSession@7d69b91c]
Creating a new SqlSession
SqlSession [org.apache.ibatis.session.defaults.DefaultSqlSession@7483078f] was not registered for synchronization because synchronization is not active
JDBC Connection [HikariProxyConnection@131650984 wrapping com.mysql.cj.jdbc.ConnectionImpl@45f49252] will not be managed by Spring
==>  Preparing: SELECT COUNT(*) AS total FROM t_reply WHERE status = 1 AND (post_id = ? AND status = ?)
==> Parameters: 2(Long), 1(Integer)
<==    Columns: total
<==        Row: 2
<==      Total: 1
==>  Preparing: SELECT id,post_id,user_id,parent_id,reply_to_user_id,content,like_count,status,created_at,updated_at FROM t_reply WHERE status=1 AND (post_id = ? AND status = ?) ORDER BY created_at ASC LIMIT ?
==> Parameters: 2(Long), 1(Integer), 20(Long)
<==    Columns: id, post_id, user_id, parent_id, reply_to_user_id, content, like_count, status, created_at, updated_at
<==        Row: 3, 2, 5, null, null, <<BLOB>>, 15, 1, 2026-05-27 18:20:26, 2026-05-27 18:20:26
<==        Row: 4, 2, 2, null, null, <<BLOB>>, 6, 1, 2026-05-27 18:20:26, 2026-05-27 18:20:26
<==      Total: 2
Closing non transactional SqlSession [org.apache.ibatis.session.defaults.DefaultSqlSession@7483078f]
Creating a new SqlSession
SqlSession [org.apache.ibatis.session.defaults.DefaultSqlSession@2261afd3] was not registered for synchronization because synchronization is not active
JDBC Connection [HikariProxyConnection@1666534306 wrapping com.mysql.cj.jdbc.ConnectionImpl@45f49252] will not be managed by Spring
==>  Preparing: SELECT id,username,password,nickname,avatar,bio,email,status,created_at,updated_at FROM t_user WHERE id=? AND status=1
==> Parameters: 5(Long)
<==    Columns: id, username, password, nickname, avatar, bio, email, status, created_at, updated_at
<==        Row: 5, rpg_lover, $2a$10$N.zmdr9k7uOCQb376NoUnuTJ8iAt6Z5EHsM8lE9lBOsl7iKTVKIUi, RPG爱好者, null, RPG永不毕业！, null, 1, 2026-05-27 18:20:26, 2026-05-27 18:20:26
<==      Total: 1
Closing non transactional SqlSession [org.apache.ibatis.session.defaults.DefaultSqlSession@2261afd3]
Creating a new SqlSession
SqlSession [org.apache.ibatis.session.defaults.DefaultSqlSession@26e4622f] was not registered for synchronization because synchronization is not active
JDBC Connection [HikariProxyConnection@164908567 wrapping com.mysql.cj.jdbc.ConnectionImpl@45f49252] will not be managed by Spring
==>  Preparing: SELECT id,username,password,nickname,avatar,bio,email,status,created_at,updated_at FROM t_user WHERE id=? AND status=1
==> Parameters: 2(Long)
<==    Columns: id, username, password, nickname, avatar, bio, email, status, created_at, updated_at
<==        Row: 2, player1, $2a$10$N.zmdr9k7uOCQb376NoUnuTJ8iAt6Z5EHsM8lE9lBOsl7iKTVKIUi, 玩家一号, null, 热爱游戏的普通玩家, null, 1, 2026-05-27 18:20:26, 2026-05-27 18:20:26
<==      Total: 1
Closing non transactional SqlSession [org.apache.ibatis.session.defaults.DefaultSqlSession@26e4622f]
Creating a new SqlSession
SqlSession [org.apache.ibatis.session.defaults.DefaultSqlSession@15c568f9] was not registered for synchronization because synchronization is not active
JDBC Connection [HikariProxyConnection@34237823 wrapping com.mysql.cj.jdbc.ConnectionImpl@45f49252] will not be managed by Spring
==>  Preparing: SELECT COUNT(*) AS total FROM t_post WHERE status = 1 AND (status = ?)
==> Parameters: 1(Integer)
<==    Columns: total
<==        Row: 8
<==      Total: 1
==>  Preparing: SELECT id,user_id,game_id,category_id,title,content,tags,cover_image,view_count,like_count,reply_count,share_count,heat_score,is_top,is_essence,status,created_at,updated_at FROM t_post WHERE status=1 AND (status = ?) ORDER BY heat_score DESC,created_at DESC LIMIT ?
==> Parameters: 1(Integer), 10(Long)
<==    Columns: id, user_id, game_id, category_id, title, content, tags, cover_image, view_count, like_count, reply_count, share_count, heat_score, is_top, is_essence, status, created_at, updated_at
<==        Row: 6, 3, 4, 5, 黑神话DLC预测：下一站天庭？, <<BLOB>>, 黑神话,悟空,DLC,预测, null, 3207, 278, 99, 0, 120.5, 0, 0, 1, 2026-05-27 18:20:26, 2026-05-27 18:20:26
<==        Row: 2, 3, 4, 1, 黑神话：悟空 隐藏BOSS全部打法分享, <<BLOB>>, 黑神话,悟空,BOSS攻略, null, 1897, 203, 67, 0, 92.3, 0, 0, 1, 2026-05-27 18:20:26, 2026-05-27 18:20:26
<==        Row: 1, 2, 1, 1, 艾尔登法环 DLC 黄金树幽影 全地图攻略, <<BLOB>>, 艾尔登法环,攻略,DLC, null, 2344, 157, 43, 0, 85.6, 0, 0, 1, 2026-05-27 18:20:26, 2026-05-27 18:20:26
<==        Row: 3, 4, 3, 2, 博德之门3 最强Build推荐, <<BLOB>>, 博德之门3,Build,RPG, null, 1202, 89, 32, 0, 45.2, 0, 0, 1, 2026-05-27 18:20:26, 2026-05-27 18:20:26
<==        Row: 4, 5, 2, 4, 王国之泪 200小时后的感动, <<BLOB>>, 塞尔达,王国之泪,感想, null, 890, 67, 18, 0, 28.7, 0, 0, 1, 2026-05-27 18:20:26, 2026-05-27 18:20:26
<==        Row: 7, 4, 1, 2, 讨论：FromSoftware下一作会是什么题材, <<BLOB>>, FromSoftware,魂系,新作, null, 670, 34, 15, 0, 18.9, 0, 0, 1, 2026-05-27 18:20:26, 2026-05-27 18:20:26
<==        Row: 5, 2, 5, 1, 星露谷物语 新手入门指南, <<BLOB>>, 星露谷,新手,指南, null, 561, 45, 12, 0, 15.3, 0, 0, 1, 2026-05-27 18:20:26, 2026-05-27 18:20:26
<==        Row: 8, 5, 3, 3, 求助：博德之门3 影心个人任务卡住了, <<BLOB>>, 博德之门3,求助,Bug, null, 320, 12, 8, 0, 6.5, 0, 0, 1, 2026-05-27 18:20:26, 2026-05-27 18:20:26
<==      Total: 8
Closing non transactional SqlSession [org.apache.ibatis.session.defaults.DefaultSqlSession@15c568f9]
Creating a new SqlSession
SqlSession [org.apache.ibatis.session.defaults.DefaultSqlSession@4be8f1c0] was not registered for synchronization because synchronization is not active
JDBC Connection [HikariProxyConnection@1637786779 wrapping com.mysql.cj.jdbc.ConnectionImpl@45f49252] will not be managed by Spring
==>  Preparing: SELECT id,name,code,sort_order,status,created_at,updated_at FROM t_post_category WHERE id=? AND status=1
==> Parameters: 5(Long)
<==    Columns: id, name, code, sort_order, status, created_at, updated_at
<==        Row: 5, 新闻, news, 5, 1, 2026-05-27 18:20:26, 2026-05-27 18:20:26
<==      Total: 1
Closing non transactional SqlSession [org.apache.ibatis.session.defaults.DefaultSqlSession@4be8f1c0]
Creating a new SqlSession
SqlSession [org.apache.ibatis.session.defaults.DefaultSqlSession@3e4ba07c] was not registered for synchronization because synchronization is not active
JDBC Connection [HikariProxyConnection@849424516 wrapping com.mysql.cj.jdbc.ConnectionImpl@45f49252] will not be managed by Spring
==>  Preparing: SELECT id,username,password,nickname,avatar,bio,email,status,created_at,updated_at FROM t_user WHERE id=? AND status=1
==> Parameters: 3(Long)
<==    Columns: id, username, password, nickname, avatar, bio, email, status, created_at, updated_at
<==        Row: 3, gamer_pro, $2a$10$N.zmdr9k7uOCQb376NoUnuTJ8iAt6Z5EHsM8lE9lBOsl7iKTVKIUi, 高玩达人, null, 全平台制霸！, null, 1, 2026-05-27 18:20:26, 2026-05-27 18:20:26
<==      Total: 1
Closing non transactional SqlSession [org.apache.ibatis.session.defaults.DefaultSqlSession@3e4ba07c]
Creating a new SqlSession
SqlSession [org.apache.ibatis.session.defaults.DefaultSqlSession@148b6bd3] was not registered for synchronization because synchronization is not active
JDBC Connection [HikariProxyConnection@2006999422 wrapping com.mysql.cj.jdbc.ConnectionImpl@45f49252] will not be managed by Spring
==>  Preparing: SELECT id,name,code,sort_order,status,created_at,updated_at FROM t_post_category WHERE id=? AND status=1
==> Parameters: 1(Long)
<==    Columns: id, name, code, sort_order, status, created_at, updated_at
<==        Row: 1, 攻略, guide, 1, 1, 2026-05-27 18:20:26, 2026-05-27 18:20:26
<==      Total: 1
Closing non transactional SqlSession [org.apache.ibatis.session.defaults.DefaultSqlSession@148b6bd3]
Creating a new SqlSession
SqlSession [org.apache.ibatis.session.defaults.DefaultSqlSession@15e995f6] was not registered for synchronization because synchronization is not active
JDBC Connection [HikariProxyConnection@1517527403 wrapping com.mysql.cj.jdbc.ConnectionImpl@45f49252] will not be managed by Spring
==>  Preparing: SELECT id,username,password,nickname,avatar,bio,email,status,created_at,updated_at FROM t_user WHERE id=? AND status=1
==> Parameters: 3(Long)
<==    Columns: id, username, password, nickname, avatar, bio, email, status, created_at, updated_at
<==        Row: 3, gamer_pro, $2a$10$N.zmdr9k7uOCQb376NoUnuTJ8iAt6Z5EHsM8lE9lBOsl7iKTVKIUi, 高玩达人, null, 全平台制霸！, null, 1, 2026-05-27 18:20:26, 2026-05-27 18:20:26
<==      Total: 1
Closing non transactional SqlSession [org.apache.ibatis.session.defaults.DefaultSqlSession@15e995f6]
Creating a new SqlSession
SqlSession [org.apache.ibatis.session.defaults.DefaultSqlSession@107cd1ab] was not registered for synchronization because synchronization is not active
JDBC Connection [HikariProxyConnection@1239654519 wrapping com.mysql.cj.jdbc.ConnectionImpl@45f49252] will not be managed by Spring
==>  Preparing: SELECT id,name,code,sort_order,status,created_at,updated_at FROM t_post_category WHERE id=? AND status=1
==> Parameters: 1(Long)
<==    Columns: id, name, code, sort_order, status, created_at, updated_at
<==        Row: 1, 攻略, guide, 1, 1, 2026-05-27 18:20:26, 2026-05-27 18:20:26
<==      Total: 1
Closing non transactional SqlSession [org.apache.ibatis.session.defaults.DefaultSqlSession@107cd1ab]
Creating a new SqlSession
SqlSession [org.apache.ibatis.session.defaults.DefaultSqlSession@44bc5318] was not registered for synchronization because synchronization is not active
JDBC Connection [HikariProxyConnection@842740653 wrapping com.mysql.cj.jdbc.ConnectionImpl@45f49252] will not be managed by Spring
==>  Preparing: SELECT id,username,password,nickname,avatar,bio,email,status,created_at,updated_at FROM t_user WHERE id=? AND status=1
==> Parameters: 2(Long)
<==    Columns: id, username, password, nickname, avatar, bio, email, status, created_at, updated_at
<==        Row: 2, player1, $2a$10$N.zmdr9k7uOCQb376NoUnuTJ8iAt6Z5EHsM8lE9lBOsl7iKTVKIUi, 玩家一号, null, 热爱游戏的普通玩家, null, 1, 2026-05-27 18:20:26, 2026-05-27 18:20:26
<==      Total: 1
Closing non transactional SqlSession [org.apache.ibatis.session.defaults.DefaultSqlSession@44bc5318]
Creating a new SqlSession
SqlSession [org.apache.ibatis.session.defaults.DefaultSqlSession@9fabb6d] was not registered for synchronization because synchronization is not active
JDBC Connection [HikariProxyConnection@804785625 wrapping com.mysql.cj.jdbc.ConnectionImpl@45f49252] will not be managed by Spring
==>  Preparing: SELECT id,name,code,sort_order,status,created_at,updated_at FROM t_post_category WHERE id=? AND status=1
==> Parameters: 2(Long)
<==    Columns: id, name, code, sort_order, status, created_at, updated_at
<==        Row: 2, 讨论, discuss, 2, 1, 2026-05-27 18:20:26, 2026-05-27 18:20:26
<==      Total: 1
Closing non transactional SqlSession [org.apache.ibatis.session.defaults.DefaultSqlSession@9fabb6d]
Creating a new SqlSession
SqlSession [org.apache.ibatis.session.defaults.DefaultSqlSession@5cce6b26] was not registered for synchronization because synchronization is not active
JDBC Connection [HikariProxyConnection@3375617 wrapping com.mysql.cj.jdbc.ConnectionImpl@45f49252] will not be managed by Spring
==>  Preparing: SELECT id,username,password,nickname,avatar,bio,email,status,created_at,updated_at FROM t_user WHERE id=? AND status=1
==> Parameters: 4(Long)
<==    Columns: id, username, password, nickname, avatar, bio, email, status, created_at, updated_at
<==        Row: 4, game_girl, $2a$10$N.zmdr9k7uOCQb376NoUnuTJ8iAt6Z5EHsM8lE9lBOsl7iKTVKIUi, 游戏少女, null, 只玩好游戏~, null, 1, 2026-05-27 18:20:26, 2026-05-27 18:20:26
<==      Total: 1
Closing non transactional SqlSession [org.apache.ibatis.session.defaults.DefaultSqlSession@5cce6b26]
Creating a new SqlSession
SqlSession [org.apache.ibatis.session.defaults.DefaultSqlSession@2dc1d316] was not registered for synchronization because synchronization is not active
JDBC Connection [HikariProxyConnection@65545728 wrapping com.mysql.cj.jdbc.ConnectionImpl@45f49252] will not be managed by Spring
==>  Preparing: SELECT id,name,code,sort_order,status,created_at,updated_at FROM t_post_category WHERE id=? AND status=1
==> Parameters: 4(Long)
<==    Columns: id, name, code, sort_order, status, created_at, updated_at
<==        Row: 4, 分享, share, 4, 1, 2026-05-27 18:20:26, 2026-05-27 18:20:26
<==      Total: 1
Closing non transactional SqlSession [org.apache.ibatis.session.defaults.DefaultSqlSession@2dc1d316]
Creating a new SqlSession
SqlSession [org.apache.ibatis.session.defaults.DefaultSqlSession@5de9309e] was not registered for synchronization because synchronization is not active
JDBC Connection [HikariProxyConnection@2123567446 wrapping com.mysql.cj.jdbc.ConnectionImpl@45f49252] will not be managed by Spring
==>  Preparing: SELECT id,username,password,nickname,avatar,bio,email,status,created_at,updated_at FROM t_user WHERE id=? AND status=1
==> Parameters: 5(Long)
<==    Columns: id, username, password, nickname, avatar, bio, email, status, created_at, updated_at
<==        Row: 5, rpg_lover, $2a$10$N.zmdr9k7uOCQb376NoUnuTJ8iAt6Z5EHsM8lE9lBOsl7iKTVKIUi, RPG爱好者, null, RPG永不毕业！, null, 1, 2026-05-27 18:20:26, 2026-05-27 18:20:26
<==      Total: 1
Closing non transactional SqlSession [org.apache.ibatis.session.defaults.DefaultSqlSession@5de9309e]
Creating a new SqlSession
SqlSession [org.apache.ibatis.session.defaults.DefaultSqlSession@3bf46035] was not registered for synchronization because synchronization is not active
JDBC Connection [HikariProxyConnection@789432853 wrapping com.mysql.cj.jdbc.ConnectionImpl@45f49252] will not be managed by Spring
==>  Preparing: SELECT id,name,code,sort_order,status,created_at,updated_at FROM t_post_category WHERE id=? AND status=1
==> Parameters: 2(Long)
<==    Columns: id, name, code, sort_order, status, created_at, updated_at
<==        Row: 2, 讨论, discuss, 2, 1, 2026-05-27 18:20:26, 2026-05-27 18:20:26
<==      Total: 1
Closing non transactional SqlSession [org.apache.ibatis.session.defaults.DefaultSqlSession@3bf46035]
Creating a new SqlSession
SqlSession [org.apache.ibatis.session.defaults.DefaultSqlSession@3a0d926f] was not registered for synchronization because synchronization is not active
JDBC Connection [HikariProxyConnection@576764115 wrapping com.mysql.cj.jdbc.ConnectionImpl@45f49252] will not be managed by Spring
==>  Preparing: SELECT id,username,password,nickname,avatar,bio,email,status,created_at,updated_at FROM t_user WHERE id=? AND status=1
==> Parameters: 4(Long)
<==    Columns: id, username, password, nickname, avatar, bio, email, status, created_at, updated_at
<==        Row: 4, game_girl, $2a$10$N.zmdr9k7uOCQb376NoUnuTJ8iAt6Z5EHsM8lE9lBOsl7iKTVKIUi, 游戏少女, null, 只玩好游戏~, null, 1, 2026-05-27 18:20:26, 2026-05-27 18:20:26
<==      Total: 1
Closing non transactional SqlSession [org.apache.ibatis.session.defaults.DefaultSqlSession@3a0d926f]
Creating a new SqlSession
SqlSession [org.apache.ibatis.session.defaults.DefaultSqlSession@39ecaaeb] was not registered for synchronization because synchronization is not active
JDBC Connection [HikariProxyConnection@1873070419 wrapping com.mysql.cj.jdbc.ConnectionImpl@45f49252] will not be managed by Spring
==>  Preparing: SELECT id,name,code,sort_order,status,created_at,updated_at FROM t_post_category WHERE id=? AND status=1
==> Parameters: 1(Long)
<==    Columns: id, name, code, sort_order, status, created_at, updated_at
<==        Row: 1, 攻略, guide, 1, 1, 2026-05-27 18:20:26, 2026-05-27 18:20:26
<==      Total: 1
Closing non transactional SqlSession [org.apache.ibatis.session.defaults.DefaultSqlSession@39ecaaeb]
Creating a new SqlSession
SqlSession [org.apache.ibatis.session.defaults.DefaultSqlSession@4fc16b7b] was not registered for synchronization because synchronization is not active
JDBC Connection [HikariProxyConnection@329657242 wrapping com.mysql.cj.jdbc.ConnectionImpl@45f49252] will not be managed by Spring
==>  Preparing: SELECT id,username,password,nickname,avatar,bio,email,status,created_at,updated_at FROM t_user WHERE id=? AND status=1
==> Parameters: 2(Long)
<==    Columns: id, username, password, nickname, avatar, bio, email, status, created_at, updated_at
<==        Row: 2, player1, $2a$10$N.zmdr9k7uOCQb376NoUnuTJ8iAt6Z5EHsM8lE9lBOsl7iKTVKIUi, 玩家一号, null, 热爱游戏的普通玩家, null, 1, 2026-05-27 18:20:26, 2026-05-27 18:20:26
<==      Total: 1
Closing non transactional SqlSession [org.apache.ibatis.session.defaults.DefaultSqlSession@4fc16b7b]
Creating a new SqlSession
SqlSession [org.apache.ibatis.session.defaults.DefaultSqlSession@3854481a] was not registered for synchronization because synchronization is not active
JDBC Connection [HikariProxyConnection@2089449176 wrapping com.mysql.cj.jdbc.ConnectionImpl@45f49252] will not be managed by Spring
==>  Preparing: SELECT id,name,code,sort_order,status,created_at,updated_at FROM t_post_category WHERE id=? AND status=1
==> Parameters: 3(Long)
<==    Columns: id, name, code, sort_order, status, created_at, updated_at
<==        Row: 3, 求助, help, 3, 1, 2026-05-27 18:20:26, 2026-05-27 18:20:26
<==      Total: 1
Closing non transactional SqlSession [org.apache.ibatis.session.defaults.DefaultSqlSession@3854481a]
Creating a new SqlSession
SqlSession [org.apache.ibatis.session.defaults.DefaultSqlSession@832b3f8] was not registered for synchronization because synchronization is not active
JDBC Connection [HikariProxyConnection@305933948 wrapping com.mysql.cj.jdbc.ConnectionImpl@45f49252] will not be managed by Spring
==>  Preparing: SELECT id,username,password,nickname,avatar,bio,email,status,created_at,updated_at FROM t_user WHERE id=? AND status=1
==> Parameters: 5(Long)
<==    Columns: id, username, password, nickname, avatar, bio, email, status, created_at, updated_at
<==        Row: 5, rpg_lover, $2a$10$N.zmdr9k7uOCQb376NoUnuTJ8iAt6Z5EHsM8lE9lBOsl7iKTVKIUi, RPG爱好者, null, RPG永不毕业！, null, 1, 2026-05-27 18:20:26, 2026-05-27 18:20:26
<==      Total: 1
Closing non transactional SqlSession [org.apache.ibatis.session.defaults.DefaultSqlSession@832b3f8]
Creating a new SqlSession
SqlSession [org.apache.ibatis.session.defaults.DefaultSqlSession@58344a3c] was not registered for synchronization because synchronization is not active
JDBC Connection [HikariProxyConnection@799326473 wrapping com.mysql.cj.jdbc.ConnectionImpl@73a9ea26] will not be managed by Spring
==>  Preparing: SELECT id,user_id,game_id,category_id,title,content,tags,cover_image,view_count,like_count,reply_count,share_count,heat_score,is_top,is_essence,status,created_at,updated_at FROM t_post WHERE id=? AND status=1
==> Parameters: 3(Long)
<==    Columns: id, user_id, game_id, category_id, title, content, tags, cover_image, view_count, like_count, reply_count, share_count, heat_score, is_top, is_essence, status, created_at, updated_at
<==        Row: 3, 4, 3, 2, 博德之门3 最强Build推荐, <<BLOB>>, 博德之门3,Build,RPG, null, 1202, 89, 32, 0, 45.2, 0, 0, 1, 2026-05-27 18:20:26, 2026-05-27 18:20:26
<==      Total: 1
Closing non transactional SqlSession [org.apache.ibatis.session.defaults.DefaultSqlSession@58344a3c]
Creating a new SqlSession
SqlSession [org.apache.ibatis.session.defaults.DefaultSqlSession@1857702d] was not registered for synchronization because synchronization is not active
JDBC Connection [HikariProxyConnection@1657322673 wrapping com.mysql.cj.jdbc.ConnectionImpl@73a9ea26] will not be managed by Spring
==>  Preparing: UPDATE t_post SET user_id=?, game_id=?, category_id=?, title=?, content=?, tags=?, view_count=?, like_count=?, reply_count=?, share_count=?, heat_score=?, is_top=?, is_essence=?, created_at=?, updated_at=? WHERE id=? AND status=1
==> Parameters: 4(Long), 3(Long), 2(Long), 博德之门3 最强Build推荐(String), 玩了300小时后总结的最强职业组合...(String), 博德之门3,Build,RPG(String), 1203(Integer), 89(Integer), 32(Integer), 0(Integer), 45.2(Double), 0(Integer), 0(Integer), 2026-05-27T18:20:26(LocalDateTime), 2026-05-27T18:20:26(LocalDateTime), 3(Long)
<==    Updates: 1
Closing non transactional SqlSession [org.apache.ibatis.session.defaults.DefaultSqlSession@1857702d]
Creating a new SqlSession
SqlSession [org.apache.ibatis.session.defaults.DefaultSqlSession@72a01110] was not registered for synchronization because synchronization is not active
JDBC Connection [HikariProxyConnection@1372967281 wrapping com.mysql.cj.jdbc.ConnectionImpl@73a9ea26] will not be managed by Spring
==>  Preparing: SELECT id,name,code,sort_order,status,created_at,updated_at FROM t_post_category WHERE id=? AND status=1
==> Parameters: 2(Long)
<==    Columns: id, name, code, sort_order, status, created_at, updated_at
<==        Row: 2, 讨论, discuss, 2, 1, 2026-05-27 18:20:26, 2026-05-27 18:20:26
<==      Total: 1
Closing non transactional SqlSession [org.apache.ibatis.session.defaults.DefaultSqlSession@72a01110]
Creating a new SqlSession
SqlSession [org.apache.ibatis.session.defaults.DefaultSqlSession@719edfa8] was not registered for synchronization because synchronization is not active
JDBC Connection [HikariProxyConnection@63203354 wrapping com.mysql.cj.jdbc.ConnectionImpl@73a9ea26] will not be managed by Spring
==>  Preparing: SELECT id,username,password,nickname,avatar,bio,email,status,created_at,updated_at FROM t_user WHERE id=? AND status=1
==> Parameters: 4(Long)
<==    Columns: id, username, password, nickname, avatar, bio, email, status, created_at, updated_at
<==        Row: 4, game_girl, $2a$10$N.zmdr9k7uOCQb376NoUnuTJ8iAt6Z5EHsM8lE9lBOsl7iKTVKIUi, 游戏少女, null, 只玩好游戏~, null, 1, 2026-05-27 18:20:26, 2026-05-27 18:20:26
<==      Total: 1
Closing non transactional SqlSession [org.apache.ibatis.session.defaults.DefaultSqlSession@719edfa8]
Creating a new SqlSession
SqlSession [org.apache.ibatis.session.defaults.DefaultSqlSession@74a40bba] was not registered for synchronization because synchronization is not active
JDBC Connection [HikariProxyConnection@1933633817 wrapping com.mysql.cj.jdbc.ConnectionImpl@73a9ea26] will not be managed by Spring
==>  Preparing: SELECT COUNT( * ) AS total FROM t_like WHERE (user_id = ? AND target_type = ? AND target_id = ?)
==> Parameters: 1(Long), 1(Integer), 3(Long)
<==    Columns: total
<==        Row: 0
<==      Total: 1
Closing non transactional SqlSession [org.apache.ibatis.session.defaults.DefaultSqlSession@74a40bba]
Creating a new SqlSession
SqlSession [org.apache.ibatis.session.defaults.DefaultSqlSession@76f1f710] was not registered for synchronization because synchronization is not active
JDBC Connection [HikariProxyConnection@1654119419 wrapping com.mysql.cj.jdbc.ConnectionImpl@45f49252] will not be managed by Spring
==>  Preparing: SELECT COUNT(*) AS total FROM t_reply WHERE status = 1 AND (post_id = ? AND status = ?)
==> Parameters: 3(Long), 1(Integer)
<==    Columns: total
<==        Row: 0
<==      Total: 1
Closing non transactional SqlSession [org.apache.ibatis.session.defaults.DefaultSqlSession@76f1f710]
Creating a new SqlSession
SqlSession [org.apache.ibatis.session.defaults.DefaultSqlSession@80fdfcb] was not registered for synchronization because synchronization is not active
JDBC Connection [HikariProxyConnection@1403102832 wrapping com.mysql.cj.jdbc.ConnectionImpl@45f49252] will not be managed by Spring
==>  Preparing: SELECT COUNT( * ) AS total FROM t_notification WHERE (user_id = ? AND is_read = ?)
==> Parameters: 1(Long), 0(Integer)
<==    Columns: total
<==        Row: 0
<==      Total: 1
Closing non transactional SqlSession [org.apache.ibatis.session.defaults.DefaultSqlSession@80fdfcb]
Creating a new SqlSession
SqlSession [org.apache.ibatis.session.defaults.DefaultSqlSession@71ddf1a] was not registered for synchronization because synchronization is not active
JDBC Connection [HikariProxyConnection@1963528405 wrapping com.mysql.cj.jdbc.ConnectionImpl@45f49252] will not be managed by Spring
==>  Preparing: SELECT COUNT(*) AS total FROM t_game WHERE status = 1 AND (status = ?)
==> Parameters: 1(Integer)
<==    Columns: total
<==        Row: 5
<==      Total: 1
==>  Preparing: SELECT id,name,cover,description,developer,publisher,release_date,platform,tags,rating,rating_count,is_recommend,status,created_at,updated_at FROM t_game WHERE status=1 AND (status = ?) ORDER BY rating DESC LIMIT ?
==> Parameters: 1(Integer), 12(Long)
<==    Columns: id, name, cover, description, developer, publisher, release_date, platform, tags, rating, rating_count, is_recommend, status, created_at, updated_at
<==        Row: 2, 塞尔达传说：王国之泪, https://upload.wikimedia.org/wikipedia/en/f/fb/The_Legend_of_Zelda_Tears_of_the_Kingdom_cover.jpg, <<BLOB>>, 任天堂, 任天堂, 2023-05-12, Switch, 开放世界,冒险,解谜, 9.80, 980, 1, 1, 2026-05-27 18:20:26, 2026-05-27 18:20:26
<==        Row: 3, 博德之门3, https://cdn.cloudflare.steamstatic.com/steam/apps/1086940/library_600x900.jpg, <<BLOB>>, Larian Studios, Larian Studios, 2023-08-03, PC,PS5, RPG,回合制,奇幻, 9.60, 850, 1, 1, 2026-05-27 18:20:26, 2026-05-27 18:20:26
<==        Row: 1, 艾尔登法环, https://cdn.cloudflare.steamstatic.com/steam/apps/1245620/library_600x900.jpg, <<BLOB>>, FromSoftware, Bandai Namco, 2022-02-25, PC,PS5,Xbox, 魂系,开放世界,RPG, 9.50, 1200, 1, 1, 2026-05-27 18:20:26, 2026-05-27 18:20:26
<==        Row: 5, 星露谷物语, https://cdn.cloudflare.steamstatic.com/steam/apps/413150/library_600x900.jpg, <<BLOB>>, ConcernedApe, ConcernedApe, 2016-02-27, PC,Switch,PS5,Xbox, 模拟经营,像素,休闲, 9.30, 760, 1, 1, 2026-05-27 18:20:26, 2026-05-27 18:20:26
<==        Row: 4, 黑神话：悟空, https://cdn.cloudflare.steamstatic.com/steam/apps/2358720/library_600x900.jpg, <<BLOB>>, 游戏科学, 游戏科学, 2024-08-20, PC,PS5, 动作,RPG,神话, 9.20, 2100, 1, 1, 2026-05-27 18:20:26, 2026-05-27 18:20:26
<==      Total: 5
Closing non transactional SqlSession [org.apache.ibatis.session.defaults.DefaultSqlSession@71ddf1a]
Creating a new SqlSession
SqlSession [org.apache.ibatis.session.defaults.DefaultSqlSession@3649440e] was not registered for synchronization because synchronization is not active
JDBC Connection [HikariProxyConnection@691342007 wrapping com.mysql.cj.jdbc.ConnectionImpl@73a9ea26] will not be managed by Spring
==>  Preparing: SELECT COUNT( * ) AS total FROM t_notification WHERE (user_id = ? AND is_read = ?)
==> Parameters: 1(Long), 0(Integer)
<==    Columns: total
<==        Row: 0
<==      Total: 1
Closing non transactional SqlSession [org.apache.ibatis.session.defaults.DefaultSqlSession@3649440e]
Creating a new SqlSession
SqlSession [org.apache.ibatis.session.defaults.DefaultSqlSession@5a00259b] was not registered for synchronization because synchronization is not active
JDBC Connection [HikariProxyConnection@1609617902 wrapping com.mysql.cj.jdbc.ConnectionImpl@45f49252] will not be managed by Spring
==>  Preparing: SELECT COUNT( * ) AS total FROM t_notification WHERE (user_id = ? AND is_read = ?)
==> Parameters: 1(Long), 0(Integer)
<==    Columns: total
<==        Row: 0
<==      Total: 1
Closing non transactional SqlSession [org.apache.ibatis.session.defaults.DefaultSqlSession@5a00259b]
2026-05-27T21:18:04.236+08:00 ERROR 30748 --- [nio-8080-exec-3] c.g.exception.GlobalExceptionHandler     : 系统异常

org.springframework.web.servlet.resource.NoResourceFoundException: No static resource .
	at org.springframework.web.servlet.resource.ResourceHttpRequestHandler.handleRequest(ResourceHttpRequestHandler.java:585) ~[spring-webmvc-6.1.6.jar!/:6.1.6]
	at org.springframework.web.servlet.mvc.HttpRequestHandlerAdapter.handle(HttpRequestHandlerAdapter.java:52) ~[spring-webmvc-6.1.6.jar!/:6.1.6]
	at org.springframework.web.servlet.DispatcherServlet.doDispatch(DispatcherServlet.java:1089) ~[spring-webmvc-6.1.6.jar!/:6.1.6]
	at org.springframework.web.servlet.DispatcherServlet.doService(DispatcherServlet.java:979) ~[spring-webmvc-6.1.6.jar!/:6.1.6]
	at org.springframework.web.servlet.FrameworkServlet.processRequest(FrameworkServlet.java:1014) ~[spring-webmvc-6.1.6.jar!/:6.1.6]
	at org.springframework.web.servlet.FrameworkServlet.doGet(FrameworkServlet.java:903) ~[spring-webmvc-6.1.6.jar!/:6.1.6]
	at jakarta.servlet.http.HttpServlet.service(HttpServlet.java:564) ~[tomcat-embed-core-10.1.20.jar!/:na]
	at org.springframework.web.servlet.FrameworkServlet.service(FrameworkServlet.java:885) ~[spring-webmvc-6.1.6.jar!/:6.1.6]
	at jakarta.servlet.http.HttpServlet.service(HttpServlet.java:658) ~[tomcat-embed-core-10.1.20.jar!/:na]
	at org.apache.catalina.core.ApplicationFilterChain.internalDoFilter(ApplicationFilterChain.java:206) ~[tomcat-embed-core-10.1.20.jar!/:na]
	at org.apache.catalina.core.ApplicationFilterChain.doFilter(ApplicationFilterChain.java:150) ~[tomcat-embed-core-10.1.20.jar!/:na]
	at org.apache.tomcat.websocket.server.WsFilter.doFilter(WsFilter.java:51) ~[tomcat-embed-websocket-10.1.20.jar!/:na]
	at org.apache.catalina.core.ApplicationFilterChain.internalDoFilter(ApplicationFilterChain.java:175) ~[tomcat-embed-core-10.1.20.jar!/:na]
	at org.apache.catalina.core.ApplicationFilterChain.doFilter(ApplicationFilterChain.java:150) ~[tomcat-embed-core-10.1.20.jar!/:na]
	at org.springframework.web.filter.RequestContextFilter.doFilterInternal(RequestContextFilter.java:100) ~[spring-web-6.1.6.jar!/:6.1.6]
	at org.springframework.web.filter.OncePerRequestFilter.doFilter(OncePerRequestFilter.java:116) ~[spring-web-6.1.6.jar!/:6.1.6]
	at org.apache.catalina.core.ApplicationFilterChain.internalDoFilter(ApplicationFilterChain.java:175) ~[tomcat-embed-core-10.1.20.jar!/:na]
	at org.apache.catalina.core.ApplicationFilterChain.doFilter(ApplicationFilterChain.java:150) ~[tomcat-embed-core-10.1.20.jar!/:na]
	at org.springframework.web.filter.FormContentFilter.doFilterInternal(FormContentFilter.java:93) ~[spring-web-6.1.6.jar!/:6.1.6]
	at org.springframework.web.filter.OncePerRequestFilter.doFilter(OncePerRequestFilter.java:116) ~[spring-web-6.1.6.jar!/:6.1.6]
	at org.apache.catalina.core.ApplicationFilterChain.internalDoFilter(ApplicationFilterChain.java:175) ~[tomcat-embed-core-10.1.20.jar!/:na]
	at org.apache.catalina.core.ApplicationFilterChain.doFilter(ApplicationFilterChain.java:150) ~[tomcat-embed-core-10.1.20.jar!/:na]
	at org.springframework.web.filter.CharacterEncodingFilter.doFilterInternal(CharacterEncodingFilter.java:201) ~[spring-web-6.1.6.jar!/:6.1.6]
	at org.springframework.web.filter.OncePerRequestFilter.doFilter(OncePerRequestFilter.java:116) ~[spring-web-6.1.6.jar!/:6.1.6]
	at org.apache.catalina.core.ApplicationFilterChain.internalDoFilter(ApplicationFilterChain.java:175) ~[tomcat-embed-core-10.1.20.jar!/:na]
	at org.apache.catalina.core.ApplicationFilterChain.doFilter(ApplicationFilterChain.java:150) ~[tomcat-embed-core-10.1.20.jar!/:na]
	at org.apache.catalina.core.StandardWrapperValve.invoke(StandardWrapperValve.java:167) ~[tomcat-embed-core-10.1.20.jar!/:na]
	at org.apache.catalina.core.StandardContextValve.invoke(StandardContextValve.java:90) ~[tomcat-embed-core-10.1.20.jar!/:na]
	at org.apache.catalina.authenticator.AuthenticatorBase.invoke(AuthenticatorBase.java:482) ~[tomcat-embed-core-10.1.20.jar!/:na]
	at org.apache.catalina.core.StandardHostValve.invoke(StandardHostValve.java:115) ~[tomcat-embed-core-10.1.20.jar!/:na]
	at org.apache.catalina.valves.ErrorReportValve.invoke(ErrorReportValve.java:93) ~[tomcat-embed-core-10.1.20.jar!/:na]
	at org.apache.catalina.core.StandardEngineValve.invoke(StandardEngineValve.java:74) ~[tomcat-embed-core-10.1.20.jar!/:na]
	at org.apache.catalina.connector.CoyoteAdapter.service(CoyoteAdapter.java:344) ~[tomcat-embed-core-10.1.20.jar!/:na]
	at org.apache.coyote.http11.Http11Processor.service(Http11Processor.java:391) ~[tomcat-embed-core-10.1.20.jar!/:na]
	at org.apache.coyote.AbstractProcessorLight.process(AbstractProcessorLight.java:63) ~[tomcat-embed-core-10.1.20.jar!/:na]
	at org.apache.coyote.AbstractProtocol$ConnectionHandler.process(AbstractProtocol.java:896) ~[tomcat-embed-core-10.1.20.jar!/:na]
	at org.apache.tomcat.util.net.NioEndpoint$SocketProcessor.doRun(NioEndpoint.java:1736) ~[tomcat-embed-core-10.1.20.jar!/:na]
	at org.apache.tomcat.util.net.SocketProcessorBase.run(SocketProcessorBase.java:52) ~[tomcat-embed-core-10.1.20.jar!/:na]
	at org.apache.tomcat.util.threads.ThreadPoolExecutor.runWorker(ThreadPoolExecutor.java:1191) ~[tomcat-embed-core-10.1.20.jar!/:na]
	at org.apache.tomcat.util.threads.ThreadPoolExecutor$Worker.run(ThreadPoolExecutor.java:659) ~[tomcat-embed-core-10.1.20.jar!/:na]
	at org.apache.tomcat.util.threads.TaskThread$WrappingRunnable.run(TaskThread.java:63) ~[tomcat-embed-core-10.1.20.jar!/:na]
	at java.base/java.lang.Thread.run(Thread.java:840) ~[na:na]

Creating a new SqlSession
SqlSession [org.apache.ibatis.session.defaults.DefaultSqlSession@42c71da] was not registered for synchronization because synchronization is not active
JDBC Connection [HikariProxyConnection@1342264126 wrapping com.mysql.cj.jdbc.ConnectionImpl@73a9ea26] will not be managed by Spring
==>  Preparing: SELECT COUNT(*) AS total FROM t_game WHERE status = 1 AND (is_recommend = ? AND status = ?)
==> Parameters: 1(Integer), 1(Integer)
<==    Columns: total
<==        Row: 5
<==      Total: 1
==>  Preparing: SELECT id,name,cover,description,developer,publisher,release_date,platform,tags,rating,rating_count,is_recommend,status,created_at,updated_at FROM t_game WHERE status=1 AND (is_recommend = ? AND status = ?) ORDER BY rating DESC LIMIT ?
==> Parameters: 1(Integer), 1(Integer), 6(Long)
<==    Columns: id, name, cover, description, developer, publisher, release_date, platform, tags, rating, rating_count, is_recommend, status, created_at, updated_at
<==        Row: 2, 塞尔达传说：王国之泪, https://upload.wikimedia.org/wikipedia/en/f/fb/The_Legend_of_Zelda_Tears_of_the_Kingdom_cover.jpg, <<BLOB>>, 任天堂, 任天堂, 2023-05-12, Switch, 开放世界,冒险,解谜, 9.80, 980, 1, 1, 2026-05-27 18:20:26, 2026-05-27 18:20:26
<==        Row: 3, 博德之门3, https://cdn.cloudflare.steamstatic.com/steam/apps/1086940/library_600x900.jpg, <<BLOB>>, Larian Studios, Larian Studios, 2023-08-03, PC,PS5, RPG,回合制,奇幻, 9.60, 850, 1, 1, 2026-05-27 18:20:26, 2026-05-27 18:20:26
<==        Row: 1, 艾尔登法环, https://cdn.cloudflare.steamstatic.com/steam/apps/1245620/library_600x900.jpg, <<BLOB>>, FromSoftware, Bandai Namco, 2022-02-25, PC,PS5,Xbox, 魂系,开放世界,RPG, 9.50, 1200, 1, 1, 2026-05-27 18:20:26, 2026-05-27 18:20:26
<==        Row: 5, 星露谷物语, https://cdn.cloudflare.steamstatic.com/steam/apps/413150/library_600x900.jpg, <<BLOB>>, ConcernedApe, ConcernedApe, 2016-02-27, PC,Switch,PS5,Xbox, 模拟经营,像素,休闲, 9.30, 760, 1, 1, 2026-05-27 18:20:26, 2026-05-27 18:20:26
<==        Row: 4, 黑神话：悟空, https://cdn.cloudflare.steamstatic.com/steam/apps/2358720/library_600x900.jpg, <<BLOB>>, 游戏科学, 游戏科学, 2024-08-20, PC,PS5, 动作,RPG,神话, 9.20, 2100, 1, 1, 2026-05-27 18:20:26, 2026-05-27 18:20:26
<==      Total: 5
Closing non transactional SqlSession [org.apache.ibatis.session.defaults.DefaultSqlSession@42c71da]
Creating a new SqlSession
SqlSession [org.apache.ibatis.session.defaults.DefaultSqlSession@69b3a82] was not registered for synchronization because synchronization is not active
Creating a new SqlSession
SqlSession [org.apache.ibatis.session.defaults.DefaultSqlSession@eb1f347] was not registered for synchronization because synchronization is not active
JDBC Connection [HikariProxyConnection@1880906781 wrapping com.mysql.cj.jdbc.ConnectionImpl@45f49252] will not be managed by Spring
==>  Preparing: SELECT COUNT(*) AS total FROM t_game WHERE status = 1 AND (is_recommend = ? AND status = ?)
==> Parameters: 1(Integer), 1(Integer)
<==    Columns: total
<==        Row: 5
<==      Total: 1
==>  Preparing: SELECT id,name,cover,description,developer,publisher,release_date,platform,tags,rating,rating_count,is_recommend,status,created_at,updated_at FROM t_game WHERE status=1 AND (is_recommend = ? AND status = ?) ORDER BY rating DESC LIMIT ?
==> Parameters: 1(Integer), 1(Integer), 6(Long)
JDBC Connection [HikariProxyConnection@864278012 wrapping com.mysql.cj.jdbc.ConnectionImpl@73a9ea26] will not be managed by Spring
==>  Preparing: SELECT COUNT(*) AS total FROM t_post WHERE status = 1 AND (status = ?)
==> Parameters: 1(Integer)
<==    Columns: total
<==    Columns: id, name, cover, description, developer, publisher, release_date, platform, tags, rating, rating_count, is_recommend, status, created_at, updated_at
<==        Row: 8
<==      Total: 1
<==        Row: 2, 塞尔达传说：王国之泪, https://upload.wikimedia.org/wikipedia/en/f/fb/The_Legend_of_Zelda_Tears_of_the_Kingdom_cover.jpg, <<BLOB>>, 任天堂, 任天堂, 2023-05-12, Switch, 开放世界,冒险,解谜, 9.80, 980, 1, 1, 2026-05-27 18:20:26, 2026-05-27 18:20:26
==>  Preparing: SELECT id,user_id,game_id,category_id,title,content,tags,cover_image,view_count,like_count,reply_count,share_count,heat_score,is_top,is_essence,status,created_at,updated_at FROM t_post WHERE status=1 AND (status = ?) ORDER BY heat_score DESC,created_at DESC LIMIT ?
==> Parameters: 1(Integer), 10(Long)
<==        Row: 3, 博德之门3, https://cdn.cloudflare.steamstatic.com/steam/apps/1086940/library_600x900.jpg, <<BLOB>>, Larian Studios, Larian Studios, 2023-08-03, PC,PS5, RPG,回合制,奇幻, 9.60, 850, 1, 1, 2026-05-27 18:20:26, 2026-05-27 18:20:26
<==        Row: 1, 艾尔登法环, https://cdn.cloudflare.steamstatic.com/steam/apps/1245620/library_600x900.jpg, <<BLOB>>, FromSoftware, Bandai Namco, 2022-02-25, PC,PS5,Xbox, 魂系,开放世界,RPG, 9.50, 1200, 1, 1, 2026-05-27 18:20:26, 2026-05-27 18:20:26
<==        Row: 5, 星露谷物语, https://cdn.cloudflare.steamstatic.com/steam/apps/413150/library_600x900.jpg, <<BLOB>>, ConcernedApe, ConcernedApe, 2016-02-27, PC,Switch,PS5,Xbox, 模拟经营,像素,休闲, 9.30, 760, 1, 1, 2026-05-27 18:20:26, 2026-05-27 18:20:26
<==        Row: 4, 黑神话：悟空, https://cdn.cloudflare.steamstatic.com/steam/apps/2358720/library_600x900.jpg, <<BLOB>>, 游戏科学, 游戏科学, 2024-08-20, PC,PS5, 动作,RPG,神话, 9.20, 2100, 1, 1, 2026-05-27 18:20:26, 2026-05-27 18:20:26
<==    Columns: id, user_id, game_id, category_id, title, content, tags, cover_image, view_count, like_count, reply_count, share_count, heat_score, is_top, is_essence, status, created_at, updated_at
<==      Total: 5
<==        Row: 6, 3, 4, 5, 黑神话DLC预测：下一站天庭？, <<BLOB>>, 黑神话,悟空,DLC,预测, null, 3207, 278, 99, 0, 120.5, 0, 0, 1, 2026-05-27 18:20:26, 2026-05-27 18:20:26
Closing non transactional SqlSession [org.apache.ibatis.session.defaults.DefaultSqlSession@69b3a82]
<==        Row: 2, 3, 4, 1, 黑神话：悟空 隐藏BOSS全部打法分享, <<BLOB>>, 黑神话,悟空,BOSS攻略, null, 1897, 203, 67, 0, 92.3, 0, 0, 1, 2026-05-27 18:20:26, 2026-05-27 18:20:26
<==        Row: 1, 2, 1, 1, 艾尔登法环 DLC 黄金树幽影 全地图攻略, <<BLOB>>, 艾尔登法环,攻略,DLC, null, 2344, 157, 43, 0, 85.6, 0, 0, 1, 2026-05-27 18:20:26, 2026-05-27 18:20:26
<==        Row: 3, 4, 3, 2, 博德之门3 最强Build推荐, <<BLOB>>, 博德之门3,Build,RPG, null, 1203, 89, 32, 0, 45.2, 0, 0, 1, 2026-05-27 18:20:26, 2026-05-27 18:20:26
<==        Row: 4, 5, 2, 4, 王国之泪 200小时后的感动, <<BLOB>>, 塞尔达,王国之泪,感想, null, 890, 67, 18, 0, 28.7, 0, 0, 1, 2026-05-27 18:20:26, 2026-05-27 18:20:26
<==        Row: 7, 4, 1, 2, 讨论：FromSoftware下一作会是什么题材, <<BLOB>>, FromSoftware,魂系,新作, null, 670, 34, 15, 0, 18.9, 0, 0, 1, 2026-05-27 18:20:26, 2026-05-27 18:20:26
<==        Row: 5, 2, 5, 1, 星露谷物语 新手入门指南, <<BLOB>>, 星露谷,新手,指南, null, 561, 45, 12, 0, 15.3, 0, 0, 1, 2026-05-27 18:20:26, 2026-05-27 18:20:26
<==        Row: 8, 5, 3, 3, 求助：博德之门3 影心个人任务卡住了, <<BLOB>>, 博德之门3,求助,Bug, null, 320, 12, 8, 0, 6.5, 0, 0, 1, 2026-05-27 18:20:26, 2026-05-27 18:20:26
<==      Total: 8
Closing non transactional SqlSession [org.apache.ibatis.session.defaults.DefaultSqlSession@eb1f347]
Creating a new SqlSession
SqlSession [org.apache.ibatis.session.defaults.DefaultSqlSession@2b4b97ab] was not registered for synchronization because synchronization is not active
JDBC Connection [HikariProxyConnection@1683092834 wrapping com.mysql.cj.jdbc.ConnectionImpl@73a9ea26] will not be managed by Spring
==>  Preparing: SELECT id,name,code,sort_order,status,created_at,updated_at FROM t_post_category WHERE id=? AND status=1
==> Parameters: 5(Long)
<==    Columns: id, name, code, sort_order, status, created_at, updated_at
<==        Row: 5, 新闻, news, 5, 1, 2026-05-27 18:20:26, 2026-05-27 18:20:26
<==      Total: 1
Closing non transactional SqlSession [org.apache.ibatis.session.defaults.DefaultSqlSession@2b4b97ab]
Creating a new SqlSession
SqlSession [org.apache.ibatis.session.defaults.DefaultSqlSession@70273f32] was not registered for synchronization because synchronization is not active
JDBC Connection [HikariProxyConnection@119933010 wrapping com.mysql.cj.jdbc.ConnectionImpl@73a9ea26] will not be managed by Spring
==>  Preparing: SELECT id,username,password,nickname,avatar,bio,email,status,created_at,updated_at FROM t_user WHERE id=? AND status=1
==> Parameters: 3(Long)
<==    Columns: id, username, password, nickname, avatar, bio, email, status, created_at, updated_at
<==        Row: 3, gamer_pro, $2a$10$N.zmdr9k7uOCQb376NoUnuTJ8iAt6Z5EHsM8lE9lBOsl7iKTVKIUi, 高玩达人, null, 全平台制霸！, null, 1, 2026-05-27 18:20:26, 2026-05-27 18:20:26
<==      Total: 1
Closing non transactional SqlSession [org.apache.ibatis.session.defaults.DefaultSqlSession@70273f32]
Creating a new SqlSession
SqlSession [org.apache.ibatis.session.defaults.DefaultSqlSession@22315545] was not registered for synchronization because synchronization is not active
JDBC Connection [HikariProxyConnection@1806053534 wrapping com.mysql.cj.jdbc.ConnectionImpl@73a9ea26] will not be managed by Spring
==>  Preparing: SELECT id,name,code,sort_order,status,created_at,updated_at FROM t_post_category WHERE id=? AND status=1
==> Parameters: 1(Long)
<==    Columns: id, name, code, sort_order, status, created_at, updated_at
<==        Row: 1, 攻略, guide, 1, 1, 2026-05-27 18:20:26, 2026-05-27 18:20:26
<==      Total: 1
Closing non transactional SqlSession [org.apache.ibatis.session.defaults.DefaultSqlSession@22315545]
Creating a new SqlSession
SqlSession [org.apache.ibatis.session.defaults.DefaultSqlSession@8afdb10] was not registered for synchronization because synchronization is not active
JDBC Connection [HikariProxyConnection@538721341 wrapping com.mysql.cj.jdbc.ConnectionImpl@73a9ea26] will not be managed by Spring
==>  Preparing: SELECT id,username,password,nickname,avatar,bio,email,status,created_at,updated_at FROM t_user WHERE id=? AND status=1
==> Parameters: 3(Long)
<==    Columns: id, username, password, nickname, avatar, bio, email, status, created_at, updated_at
<==        Row: 3, gamer_pro, $2a$10$N.zmdr9k7uOCQb376NoUnuTJ8iAt6Z5EHsM8lE9lBOsl7iKTVKIUi, 高玩达人, null, 全平台制霸！, null, 1, 2026-05-27 18:20:26, 2026-05-27 18:20:26
<==      Total: 1
Closing non transactional SqlSession [org.apache.ibatis.session.defaults.DefaultSqlSession@8afdb10]
Creating a new SqlSession
SqlSession [org.apache.ibatis.session.defaults.DefaultSqlSession@8eae8cd] was not registered for synchronization because synchronization is not active
JDBC Connection [HikariProxyConnection@2129380763 wrapping com.mysql.cj.jdbc.ConnectionImpl@73a9ea26] will not be managed by Spring
==>  Preparing: SELECT id,name,code,sort_order,status,created_at,updated_at FROM t_post_category WHERE id=? AND status=1
==> Parameters: 1(Long)
<==    Columns: id, name, code, sort_order, status, created_at, updated_at
<==        Row: 1, 攻略, guide, 1, 1, 2026-05-27 18:20:26, 2026-05-27 18:20:26
<==      Total: 1
Closing non transactional SqlSession [org.apache.ibatis.session.defaults.DefaultSqlSession@8eae8cd]
Creating a new SqlSession
SqlSession [org.apache.ibatis.session.defaults.DefaultSqlSession@74d62995] was not registered for synchronization because synchronization is not active
JDBC Connection [HikariProxyConnection@554365963 wrapping com.mysql.cj.jdbc.ConnectionImpl@73a9ea26] will not be managed by Spring
==>  Preparing: SELECT id,username,password,nickname,avatar,bio,email,status,created_at,updated_at FROM t_user WHERE id=? AND status=1
==> Parameters: 2(Long)
<==    Columns: id, username, password, nickname, avatar, bio, email, status, created_at, updated_at
<==        Row: 2, player1, $2a$10$N.zmdr9k7uOCQb376NoUnuTJ8iAt6Z5EHsM8lE9lBOsl7iKTVKIUi, 玩家一号, null, 热爱游戏的普通玩家, null, 1, 2026-05-27 18:20:26, 2026-05-27 18:20:26
<==      Total: 1
Closing non transactional SqlSession [org.apache.ibatis.session.defaults.DefaultSqlSession@74d62995]
Creating a new SqlSession
SqlSession [org.apache.ibatis.session.defaults.DefaultSqlSession@33c5fd21] was not registered for synchronization because synchronization is not active
JDBC Connection [HikariProxyConnection@1989865549 wrapping com.mysql.cj.jdbc.ConnectionImpl@73a9ea26] will not be managed by Spring
==>  Preparing: SELECT id,name,code,sort_order,status,created_at,updated_at FROM t_post_category WHERE id=? AND status=1
==> Parameters: 2(Long)
<==    Columns: id, name, code, sort_order, status, created_at, updated_at
<==        Row: 2, 讨论, discuss, 2, 1, 2026-05-27 18:20:26, 2026-05-27 18:20:26
<==      Total: 1
Closing non transactional SqlSession [org.apache.ibatis.session.defaults.DefaultSqlSession@33c5fd21]
Creating a new SqlSession
SqlSession [org.apache.ibatis.session.defaults.DefaultSqlSession@80bda4a] was not registered for synchronization because synchronization is not active
JDBC Connection [HikariProxyConnection@347804319 wrapping com.mysql.cj.jdbc.ConnectionImpl@73a9ea26] will not be managed by Spring
==>  Preparing: SELECT id,username,password,nickname,avatar,bio,email,status,created_at,updated_at FROM t_user WHERE id=? AND status=1
==> Parameters: 4(Long)
<==    Columns: id, username, password, nickname, avatar, bio, email, status, created_at, updated_at
<==        Row: 4, game_girl, $2a$10$N.zmdr9k7uOCQb376NoUnuTJ8iAt6Z5EHsM8lE9lBOsl7iKTVKIUi, 游戏少女, null, 只玩好游戏~, null, 1, 2026-05-27 18:20:26, 2026-05-27 18:20:26
<==      Total: 1
Closing non transactional SqlSession [org.apache.ibatis.session.defaults.DefaultSqlSession@80bda4a]
Creating a new SqlSession
SqlSession [org.apache.ibatis.session.defaults.DefaultSqlSession@2b23174] was not registered for synchronization because synchronization is not active
JDBC Connection [HikariProxyConnection@1421701858 wrapping com.mysql.cj.jdbc.ConnectionImpl@73a9ea26] will not be managed by Spring
==>  Preparing: SELECT id,name,code,sort_order,status,created_at,updated_at FROM t_post_category WHERE id=? AND status=1
==> Parameters: 4(Long)
<==    Columns: id, name, code, sort_order, status, created_at, updated_at
<==        Row: 4, 分享, share, 4, 1, 2026-05-27 18:20:26, 2026-05-27 18:20:26
<==      Total: 1
Closing non transactional SqlSession [org.apache.ibatis.session.defaults.DefaultSqlSession@2b23174]
Creating a new SqlSession
SqlSession [org.apache.ibatis.session.defaults.DefaultSqlSession@397b52ae] was not registered for synchronization because synchronization is not active
JDBC Connection [HikariProxyConnection@710016356 wrapping com.mysql.cj.jdbc.ConnectionImpl@73a9ea26] will not be managed by Spring
==>  Preparing: SELECT id,username,password,nickname,avatar,bio,email,status,created_at,updated_at FROM t_user WHERE id=? AND status=1
==> Parameters: 5(Long)
<==    Columns: id, username, password, nickname, avatar, bio, email, status, created_at, updated_at
<==        Row: 5, rpg_lover, $2a$10$N.zmdr9k7uOCQb376NoUnuTJ8iAt6Z5EHsM8lE9lBOsl7iKTVKIUi, RPG爱好者, null, RPG永不毕业！, null, 1, 2026-05-27 18:20:26, 2026-05-27 18:20:26
<==      Total: 1
Closing non transactional SqlSession [org.apache.ibatis.session.defaults.DefaultSqlSession@397b52ae]
Creating a new SqlSession
SqlSession [org.apache.ibatis.session.defaults.DefaultSqlSession@781fa9ab] was not registered for synchronization because synchronization is not active
JDBC Connection [HikariProxyConnection@454195748 wrapping com.mysql.cj.jdbc.ConnectionImpl@73a9ea26] will not be managed by Spring
==>  Preparing: SELECT id,name,code,sort_order,status,created_at,updated_at FROM t_post_category WHERE id=? AND status=1
==> Parameters: 2(Long)
<==    Columns: id, name, code, sort_order, status, created_at, updated_at
<==        Row: 2, 讨论, discuss, 2, 1, 2026-05-27 18:20:26, 2026-05-27 18:20:26
<==      Total: 1
Closing non transactional SqlSession [org.apache.ibatis.session.defaults.DefaultSqlSession@781fa9ab]
Creating a new SqlSession
SqlSession [org.apache.ibatis.session.defaults.DefaultSqlSession@efc8850] was not registered for synchronization because synchronization is not active
JDBC Connection [HikariProxyConnection@195766997 wrapping com.mysql.cj.jdbc.ConnectionImpl@73a9ea26] will not be managed by Spring
==>  Preparing: SELECT id,username,password,nickname,avatar,bio,email,status,created_at,updated_at FROM t_user WHERE id=? AND status=1
==> Parameters: 4(Long)
<==    Columns: id, username, password, nickname, avatar, bio, email, status, created_at, updated_at
<==        Row: 4, game_girl, $2a$10$N.zmdr9k7uOCQb376NoUnuTJ8iAt6Z5EHsM8lE9lBOsl7iKTVKIUi, 游戏少女, null, 只玩好游戏~, null, 1, 2026-05-27 18:20:26, 2026-05-27 18:20:26
<==      Total: 1
Closing non transactional SqlSession [org.apache.ibatis.session.defaults.DefaultSqlSession@efc8850]
Creating a new SqlSession
SqlSession [org.apache.ibatis.session.defaults.DefaultSqlSession@55ccbebb] was not registered for synchronization because synchronization is not active
JDBC Connection [HikariProxyConnection@1066926682 wrapping com.mysql.cj.jdbc.ConnectionImpl@73a9ea26] will not be managed by Spring
==>  Preparing: SELECT id,name,code,sort_order,status,created_at,updated_at FROM t_post_category WHERE id=? AND status=1
==> Parameters: 1(Long)
<==    Columns: id, name, code, sort_order, status, created_at, updated_at
<==        Row: 1, 攻略, guide, 1, 1, 2026-05-27 18:20:26, 2026-05-27 18:20:26
<==      Total: 1
Closing non transactional SqlSession [org.apache.ibatis.session.defaults.DefaultSqlSession@55ccbebb]
Creating a new SqlSession
SqlSession [org.apache.ibatis.session.defaults.DefaultSqlSession@6bc743c4] was not registered for synchronization because synchronization is not active
JDBC Connection [HikariProxyConnection@1540231521 wrapping com.mysql.cj.jdbc.ConnectionImpl@73a9ea26] will not be managed by Spring
==>  Preparing: SELECT id,username,password,nickname,avatar,bio,email,status,created_at,updated_at FROM t_user WHERE id=? AND status=1
==> Parameters: 2(Long)
<==    Columns: id, username, password, nickname, avatar, bio, email, status, created_at, updated_at
<==        Row: 2, player1, $2a$10$N.zmdr9k7uOCQb376NoUnuTJ8iAt6Z5EHsM8lE9lBOsl7iKTVKIUi, 玩家一号, null, 热爱游戏的普通玩家, null, 1, 2026-05-27 18:20:26, 2026-05-27 18:20:26
<==      Total: 1
Closing non transactional SqlSession [org.apache.ibatis.session.defaults.DefaultSqlSession@6bc743c4]
Creating a new SqlSession
SqlSession [org.apache.ibatis.session.defaults.DefaultSqlSession@720dbc73] was not registered for synchronization because synchronization is not active
JDBC Connection [HikariProxyConnection@595921045 wrapping com.mysql.cj.jdbc.ConnectionImpl@73a9ea26] will not be managed by Spring
==>  Preparing: SELECT id,name,code,sort_order,status,created_at,updated_at FROM t_post_category WHERE id=? AND status=1
==> Parameters: 3(Long)
<==    Columns: id, name, code, sort_order, status, created_at, updated_at
<==        Row: 3, 求助, help, 3, 1, 2026-05-27 18:20:26, 2026-05-27 18:20:26
<==      Total: 1
Closing non transactional SqlSession [org.apache.ibatis.session.defaults.DefaultSqlSession@720dbc73]
Creating a new SqlSession
SqlSession [org.apache.ibatis.session.defaults.DefaultSqlSession@763abcd2] was not registered for synchronization because synchronization is not active
JDBC Connection [HikariProxyConnection@1774938178 wrapping com.mysql.cj.jdbc.ConnectionImpl@73a9ea26] will not be managed by Spring
==>  Preparing: SELECT id,username,password,nickname,avatar,bio,email,status,created_at,updated_at FROM t_user WHERE id=? AND status=1
==> Parameters: 5(Long)
<==    Columns: id, username, password, nickname, avatar, bio, email, status, created_at, updated_at
<==        Row: 5, rpg_lover, $2a$10$N.zmdr9k7uOCQb376NoUnuTJ8iAt6Z5EHsM8lE9lBOsl7iKTVKIUi, RPG爱好者, null, RPG永不毕业！, null, 1, 2026-05-27 18:20:26, 2026-05-27 18:20:26
<==      Total: 1
Closing non transactional SqlSession [org.apache.ibatis.session.defaults.DefaultSqlSession@763abcd2]
Creating a new SqlSession
SqlSession [org.apache.ibatis.session.defaults.DefaultSqlSession@41e63f4d] was not registered for synchronization because synchronization is not active
JDBC Connection [HikariProxyConnection@818823075 wrapping com.mysql.cj.jdbc.ConnectionImpl@45f49252] will not be managed by Spring
==>  Preparing: SELECT id,username,password,nickname,avatar,bio,email,status,created_at,updated_at FROM t_user WHERE status=1 AND (username = ?)
==> Parameters: admin(String)
<==    Columns: id, username, password, nickname, avatar, bio, email, status, created_at, updated_at
<==        Row: 1, admin, $2a$10$N.zmdr9k7uOCQb376NoUnuTJ8iAt6Z5EHsM8lE9lBOsl7iKTVKIUi, 管理员, null, GameBox 官方管理员, null, 1, 2026-05-27 18:20:26, 2026-05-27 18:20:26
<==      Total: 1
Closing non transactional SqlSession [org.apache.ibatis.session.defaults.DefaultSqlSession@41e63f4d]
Creating a new SqlSession
SqlSession [org.apache.ibatis.session.defaults.DefaultSqlSession@404b7835] was not registered for synchronization because synchronization is not active
JDBC Connection [HikariProxyConnection@1760941531 wrapping com.mysql.cj.jdbc.ConnectionImpl@45f49252] will not be managed by Spring
==>  Preparing: SELECT COUNT( * ) AS total FROM t_post WHERE status=1 AND (user_id = ? AND status = ?)
==> Parameters: 1(Long), 1(Integer)
<==    Columns: total
<==        Row: 0
<==      Total: 1
Closing non transactional SqlSession [org.apache.ibatis.session.defaults.DefaultSqlSession@404b7835]
Creating a new SqlSession
SqlSession [org.apache.ibatis.session.defaults.DefaultSqlSession@4a14c118] was not registered for synchronization because synchronization is not active
JDBC Connection [HikariProxyConnection@201952908 wrapping com.mysql.cj.jdbc.ConnectionImpl@45f49252] will not be managed by Spring
==>  Preparing: SELECT COUNT( * ) AS total FROM t_follow WHERE (follower_id = ?)
==> Parameters: 1(Long)
<==    Columns: total
<==        Row: 0
<==      Total: 1
Closing non transactional SqlSession [org.apache.ibatis.session.defaults.DefaultSqlSession@4a14c118]
Creating a new SqlSession
SqlSession [org.apache.ibatis.session.defaults.DefaultSqlSession@5768efd0] was not registered for synchronization because synchronization is not active
JDBC Connection [HikariProxyConnection@399861343 wrapping com.mysql.cj.jdbc.ConnectionImpl@45f49252] will not be managed by Spring
==>  Preparing: SELECT COUNT( * ) AS total FROM t_follow WHERE (followee_id = ?)
==> Parameters: 1(Long)
<==    Columns: total
<==        Row: 0
<==      Total: 1
Closing non transactional SqlSession [org.apache.ibatis.session.defaults.DefaultSqlSession@5768efd0]
Creating a new SqlSession
SqlSession [org.apache.ibatis.session.defaults.DefaultSqlSession@756771be] was not registered for synchronization because synchronization is not active
JDBC Connection [HikariProxyConnection@1326831628 wrapping com.mysql.cj.jdbc.ConnectionImpl@45f49252] will not be managed by Spring
==>  Preparing: SELECT id,user_id,game_id,category_id,title,content,tags,cover_image,view_count,like_count,reply_count,share_count,heat_score,is_top,is_essence,status,created_at,updated_at FROM t_post WHERE status=1 AND (user_id = ? AND status = ?)
==> Parameters: 1(Long), 1(Integer)
<==      Total: 0
Closing non transactional SqlSession [org.apache.ibatis.session.defaults.DefaultSqlSession@756771be]
Creating a new SqlSession
SqlSession [org.apache.ibatis.session.defaults.DefaultSqlSession@4a4220cd] was not registered for synchronization because synchronization is not active
Creating a new SqlSession
SqlSession [org.apache.ibatis.session.defaults.DefaultSqlSession@36f71444] was not registered for synchronization because synchronization is not active
JDBC Connection [HikariProxyConnection@1823815943 wrapping com.mysql.cj.jdbc.ConnectionImpl@73a9ea26] will not be managed by Spring
==>  Preparing: SELECT COUNT( * ) AS total FROM t_notification WHERE (user_id = ? AND is_read = ?)
==> Parameters: 1(Long), 0(Integer)
<==    Columns: total
<==        Row: 0
<==      Total: 1
JDBC Connection [HikariProxyConnection@69541217 wrapping com.mysql.cj.jdbc.ConnectionImpl@45f49252] will not be managed by Spring
Closing non transactional SqlSession [org.apache.ibatis.session.defaults.DefaultSqlSession@36f71444]
==>  Preparing: SELECT COUNT(*) AS total FROM t_game WHERE status = 1 AND (is_recommend = ? AND status = ?)
==> Parameters: 1(Integer), 1(Integer)
<==    Columns: total
<==        Row: 5
<==      Total: 1
==>  Preparing: SELECT id,name,cover,description,developer,publisher,release_date,platform,tags,rating,rating_count,is_recommend,status,created_at,updated_at FROM t_game WHERE status=1 AND (is_recommend = ? AND status = ?) ORDER BY rating DESC LIMIT ?
==> Parameters: 1(Integer), 1(Integer), 6(Long)
<==    Columns: id, name, cover, description, developer, publisher, release_date, platform, tags, rating, rating_count, is_recommend, status, created_at, updated_at
<==        Row: 2, 塞尔达传说：王国之泪, https://upload.wikimedia.org/wikipedia/en/f/fb/The_Legend_of_Zelda_Tears_of_the_Kingdom_cover.jpg, <<BLOB>>, 任天堂, 任天堂, 2023-05-12, Switch, 开放世界,冒险,解谜, 9.80, 980, 1, 1, 2026-05-27 18:20:26, 2026-05-27 18:20:26
<==        Row: 3, 博德之门3, https://cdn.cloudflare.steamstatic.com/steam/apps/1086940/library_600x900.jpg, <<BLOB>>, Larian Studios, Larian Studios, 2023-08-03, PC,PS5, RPG,回合制,奇幻, 9.60, 850, 1, 1, 2026-05-27 18:20:26, 2026-05-27 18:20:26
<==        Row: 1, 艾尔登法环, https://cdn.cloudflare.steamstatic.com/steam/apps/1245620/library_600x900.jpg, <<BLOB>>, FromSoftware, Bandai Namco, 2022-02-25, PC,PS5,Xbox, 魂系,开放世界,RPG, 9.50, 1200, 1, 1, 2026-05-27 18:20:26, 2026-05-27 18:20:26
<==        Row: 5, 星露谷物语, https://cdn.cloudflare.steamstatic.com/steam/apps/413150/library_600x900.jpg, <<BLOB>>, ConcernedApe, ConcernedApe, 2016-02-27, PC,Switch,PS5,Xbox, 模拟经营,像素,休闲, 9.30, 760, 1, 1, 2026-05-27 18:20:26, 2026-05-27 18:20:26
<==        Row: 4, 黑神话：悟空, https://cdn.cloudflare.steamstatic.com/steam/apps/2358720/library_600x900.jpg, <<BLOB>>, 游戏科学, 游戏科学, 2024-08-20, PC,PS5, 动作,RPG,神话, 9.20, 2100, 1, 1, 2026-05-27 18:20:26, 2026-05-27 18:20:26
<==      Total: 5
Closing non transactional SqlSession [org.apache.ibatis.session.defaults.DefaultSqlSession@4a4220cd]
Creating a new SqlSession
SqlSession [org.apache.ibatis.session.defaults.DefaultSqlSession@3402981a] was not registered for synchronization because synchronization is not active
JDBC Connection [HikariProxyConnection@1133550695 wrapping com.mysql.cj.jdbc.ConnectionImpl@45f49252] will not be managed by Spring
==>  Preparing: SELECT COUNT(*) AS total FROM t_game WHERE status = 1 AND (is_recommend = ? AND status = ?)
==> Parameters: 1(Integer), 1(Integer)
<==    Columns: total
<==        Row: 5
<==      Total: 1
==>  Preparing: SELECT id,name,cover,description,developer,publisher,release_date,platform,tags,rating,rating_count,is_recommend,status,created_at,updated_at FROM t_game WHERE status=1 AND (is_recommend = ? AND status = ?) ORDER BY rating DESC LIMIT ?
==> Parameters: 1(Integer), 1(Integer), 6(Long)
<==    Columns: id, name, cover, description, developer, publisher, release_date, platform, tags, rating, rating_count, is_recommend, status, created_at, updated_at
<==        Row: 2, 塞尔达传说：王国之泪, https://upload.wikimedia.org/wikipedia/en/f/fb/The_Legend_of_Zelda_Tears_of_the_Kingdom_cover.jpg, <<BLOB>>, 任天堂, 任天堂, 2023-05-12, Switch, 开放世界,冒险,解谜, 9.80, 980, 1, 1, 2026-05-27 18:20:26, 2026-05-27 18:20:26
<==        Row: 3, 博德之门3, https://cdn.cloudflare.steamstatic.com/steam/apps/1086940/library_600x900.jpg, <<BLOB>>, Larian Studios, Larian Studios, 2023-08-03, PC,PS5, RPG,回合制,奇幻, 9.60, 850, 1, 1, 2026-05-27 18:20:26, 2026-05-27 18:20:26
<==        Row: 1, 艾尔登法环, https://cdn.cloudflare.steamstatic.com/steam/apps/1245620/library_600x900.jpg, <<BLOB>>, FromSoftware, Bandai Namco, 2022-02-25, PC,PS5,Xbox, 魂系,开放世界,RPG, 9.50, 1200, 1, 1, 2026-05-27 18:20:26, 2026-05-27 18:20:26
<==        Row: 5, 星露谷物语, https://cdn.cloudflare.steamstatic.com/steam/apps/413150/library_600x900.jpg, <<BLOB>>, ConcernedApe, ConcernedApe, 2016-02-27, PC,Switch,PS5,Xbox, 模拟经营,像素,休闲, 9.30, 760, 1, 1, 2026-05-27 18:20:26, 2026-05-27 18:20:26
<==        Row: 4, 黑神话：悟空, https://cdn.cloudflare.steamstatic.com/steam/apps/2358720/library_600x900.jpg, <<BLOB>>, 游戏科学, 游戏科学, 2024-08-20, PC,PS5, 动作,RPG,神话, 9.20, 2100, 1, 1, 2026-05-27 18:20:26, 2026-05-27 18:20:26
<==      Total: 5
Closing non transactional SqlSession [org.apache.ibatis.session.defaults.DefaultSqlSession@3402981a]
Creating a new SqlSession
SqlSession [org.apache.ibatis.session.defaults.DefaultSqlSession@523a7f6f] was not registered for synchronization because synchronization is not active
JDBC Connection [HikariProxyConnection@538614817 wrapping com.mysql.cj.jdbc.ConnectionImpl@73a9ea26] will not be managed by Spring
==>  Preparing: SELECT COUNT(*) AS total FROM t_post WHERE status = 1 AND (status = ?)
==> Parameters: 1(Integer)
<==    Columns: total
<==        Row: 8
<==      Total: 1
==>  Preparing: SELECT id,user_id,game_id,category_id,title,content,tags,cover_image,view_count,like_count,reply_count,share_count,heat_score,is_top,is_essence,status,created_at,updated_at FROM t_post WHERE status=1 AND (status = ?) ORDER BY heat_score DESC,created_at DESC LIMIT ?
==> Parameters: 1(Integer), 10(Long)
<==    Columns: id, user_id, game_id, category_id, title, content, tags, cover_image, view_count, like_count, reply_count, share_count, heat_score, is_top, is_essence, status, created_at, updated_at
<==        Row: 6, 3, 4, 5, 黑神话DLC预测：下一站天庭？, <<BLOB>>, 黑神话,悟空,DLC,预测, null, 3207, 278, 99, 0, 120.5, 0, 0, 1, 2026-05-27 18:20:26, 2026-05-27 18:20:26
<==        Row: 2, 3, 4, 1, 黑神话：悟空 隐藏BOSS全部打法分享, <<BLOB>>, 黑神话,悟空,BOSS攻略, null, 1897, 203, 67, 0, 92.3, 0, 0, 1, 2026-05-27 18:20:26, 2026-05-27 18:20:26
<==        Row: 1, 2, 1, 1, 艾尔登法环 DLC 黄金树幽影 全地图攻略, <<BLOB>>, 艾尔登法环,攻略,DLC, null, 2344, 157, 43, 0, 85.6, 0, 0, 1, 2026-05-27 18:20:26, 2026-05-27 18:20:26
<==        Row: 3, 4, 3, 2, 博德之门3 最强Build推荐, <<BLOB>>, 博德之门3,Build,RPG, null, 1203, 89, 32, 0, 45.2, 0, 0, 1, 2026-05-27 18:20:26, 2026-05-27 18:20:26
<==        Row: 4, 5, 2, 4, 王国之泪 200小时后的感动, <<BLOB>>, 塞尔达,王国之泪,感想, null, 890, 67, 18, 0, 28.7, 0, 0, 1, 2026-05-27 18:20:26, 2026-05-27 18:20:26
<==        Row: 7, 4, 1, 2, 讨论：FromSoftware下一作会是什么题材, <<BLOB>>, FromSoftware,魂系,新作, null, 670, 34, 15, 0, 18.9, 0, 0, 1, 2026-05-27 18:20:26, 2026-05-27 18:20:26
<==        Row: 5, 2, 5, 1, 星露谷物语 新手入门指南, <<BLOB>>, 星露谷,新手,指南, null, 561, 45, 12, 0, 15.3, 0, 0, 1, 2026-05-27 18:20:26, 2026-05-27 18:20:26
<==        Row: 8, 5, 3, 3, 求助：博德之门3 影心个人任务卡住了, <<BLOB>>, 博德之门3,求助,Bug, null, 320, 12, 8, 0, 6.5, 0, 0, 1, 2026-05-27 18:20:26, 2026-05-27 18:20:26
<==      Total: 8
Closing non transactional SqlSession [org.apache.ibatis.session.defaults.DefaultSqlSession@523a7f6f]
Creating a new SqlSession
SqlSession [org.apache.ibatis.session.defaults.DefaultSqlSession@3849c7f5] was not registered for synchronization because synchronization is not active
JDBC Connection [HikariProxyConnection@1279700809 wrapping com.mysql.cj.jdbc.ConnectionImpl@73a9ea26] will not be managed by Spring
==>  Preparing: SELECT id,name,code,sort_order,status,created_at,updated_at FROM t_post_category WHERE id=? AND status=1
==> Parameters: 5(Long)
<==    Columns: id, name, code, sort_order, status, created_at, updated_at
<==        Row: 5, 新闻, news, 5, 1, 2026-05-27 18:20:26, 2026-05-27 18:20:26
<==      Total: 1
Closing non transactional SqlSession [org.apache.ibatis.session.defaults.DefaultSqlSession@3849c7f5]
Creating a new SqlSession
SqlSession [org.apache.ibatis.session.defaults.DefaultSqlSession@45499dc0] was not registered for synchronization because synchronization is not active
JDBC Connection [HikariProxyConnection@860462323 wrapping com.mysql.cj.jdbc.ConnectionImpl@73a9ea26] will not be managed by Spring
==>  Preparing: SELECT id,username,password,nickname,avatar,bio,email,status,created_at,updated_at FROM t_user WHERE id=? AND status=1
==> Parameters: 3(Long)
<==    Columns: id, username, password, nickname, avatar, bio, email, status, created_at, updated_at
<==        Row: 3, gamer_pro, $2a$10$N.zmdr9k7uOCQb376NoUnuTJ8iAt6Z5EHsM8lE9lBOsl7iKTVKIUi, 高玩达人, null, 全平台制霸！, null, 1, 2026-05-27 18:20:26, 2026-05-27 18:20:26
<==      Total: 1
Closing non transactional SqlSession [org.apache.ibatis.session.defaults.DefaultSqlSession@45499dc0]
Creating a new SqlSession
SqlSession [org.apache.ibatis.session.defaults.DefaultSqlSession@581255ee] was not registered for synchronization because synchronization is not active
JDBC Connection [HikariProxyConnection@1362912433 wrapping com.mysql.cj.jdbc.ConnectionImpl@73a9ea26] will not be managed by Spring
==>  Preparing: SELECT id,name,code,sort_order,status,created_at,updated_at FROM t_post_category WHERE id=? AND status=1
==> Parameters: 1(Long)
<==    Columns: id, name, code, sort_order, status, created_at, updated_at
<==        Row: 1, 攻略, guide, 1, 1, 2026-05-27 18:20:26, 2026-05-27 18:20:26
<==      Total: 1
Closing non transactional SqlSession [org.apache.ibatis.session.defaults.DefaultSqlSession@581255ee]
Creating a new SqlSession
SqlSession [org.apache.ibatis.session.defaults.DefaultSqlSession@6402569] was not registered for synchronization because synchronization is not active
JDBC Connection [HikariProxyConnection@1278721386 wrapping com.mysql.cj.jdbc.ConnectionImpl@73a9ea26] will not be managed by Spring
==>  Preparing: SELECT id,username,password,nickname,avatar,bio,email,status,created_at,updated_at FROM t_user WHERE id=? AND status=1
==> Parameters: 3(Long)
<==    Columns: id, username, password, nickname, avatar, bio, email, status, created_at, updated_at
<==        Row: 3, gamer_pro, $2a$10$N.zmdr9k7uOCQb376NoUnuTJ8iAt6Z5EHsM8lE9lBOsl7iKTVKIUi, 高玩达人, null, 全平台制霸！, null, 1, 2026-05-27 18:20:26, 2026-05-27 18:20:26
<==      Total: 1
Closing non transactional SqlSession [org.apache.ibatis.session.defaults.DefaultSqlSession@6402569]
Creating a new SqlSession
SqlSession [org.apache.ibatis.session.defaults.DefaultSqlSession@3e925ccf] was not registered for synchronization because synchronization is not active
JDBC Connection [HikariProxyConnection@972967193 wrapping com.mysql.cj.jdbc.ConnectionImpl@73a9ea26] will not be managed by Spring
==>  Preparing: SELECT id,name,code,sort_order,status,created_at,updated_at FROM t_post_category WHERE id=? AND status=1
==> Parameters: 1(Long)
<==    Columns: id, name, code, sort_order, status, created_at, updated_at
<==        Row: 1, 攻略, guide, 1, 1, 2026-05-27 18:20:26, 2026-05-27 18:20:26
<==      Total: 1
Closing non transactional SqlSession [org.apache.ibatis.session.defaults.DefaultSqlSession@3e925ccf]
Creating a new SqlSession
SqlSession [org.apache.ibatis.session.defaults.DefaultSqlSession@54de3ac3] was not registered for synchronization because synchronization is not active
JDBC Connection [HikariProxyConnection@2022076595 wrapping com.mysql.cj.jdbc.ConnectionImpl@73a9ea26] will not be managed by Spring
==>  Preparing: SELECT id,username,password,nickname,avatar,bio,email,status,created_at,updated_at FROM t_user WHERE id=? AND status=1
==> Parameters: 2(Long)
<==    Columns: id, username, password, nickname, avatar, bio, email, status, created_at, updated_at
<==        Row: 2, player1, $2a$10$N.zmdr9k7uOCQb376NoUnuTJ8iAt6Z5EHsM8lE9lBOsl7iKTVKIUi, 玩家一号, null, 热爱游戏的普通玩家, null, 1, 2026-05-27 18:20:26, 2026-05-27 18:20:26
<==      Total: 1
Closing non transactional SqlSession [org.apache.ibatis.session.defaults.DefaultSqlSession@54de3ac3]
Creating a new SqlSession
SqlSession [org.apache.ibatis.session.defaults.DefaultSqlSession@60060796] was not registered for synchronization because synchronization is not active
JDBC Connection [HikariProxyConnection@1160458615 wrapping com.mysql.cj.jdbc.ConnectionImpl@73a9ea26] will not be managed by Spring
==>  Preparing: SELECT id,name,code,sort_order,status,created_at,updated_at FROM t_post_category WHERE id=? AND status=1
==> Parameters: 2(Long)
<==    Columns: id, name, code, sort_order, status, created_at, updated_at
<==        Row: 2, 讨论, discuss, 2, 1, 2026-05-27 18:20:26, 2026-05-27 18:20:26
<==      Total: 1
Closing non transactional SqlSession [org.apache.ibatis.session.defaults.DefaultSqlSession@60060796]
Creating a new SqlSession
SqlSession [org.apache.ibatis.session.defaults.DefaultSqlSession@6631fdee] was not registered for synchronization because synchronization is not active
JDBC Connection [HikariProxyConnection@920353801 wrapping com.mysql.cj.jdbc.ConnectionImpl@73a9ea26] will not be managed by Spring
==>  Preparing: SELECT id,username,password,nickname,avatar,bio,email,status,created_at,updated_at FROM t_user WHERE id=? AND status=1
==> Parameters: 4(Long)
<==    Columns: id, username, password, nickname, avatar, bio, email, status, created_at, updated_at
<==        Row: 4, game_girl, $2a$10$N.zmdr9k7uOCQb376NoUnuTJ8iAt6Z5EHsM8lE9lBOsl7iKTVKIUi, 游戏少女, null, 只玩好游戏~, null, 1, 2026-05-27 18:20:26, 2026-05-27 18:20:26
<==      Total: 1
Closing non transactional SqlSession [org.apache.ibatis.session.defaults.DefaultSqlSession@6631fdee]
Creating a new SqlSession
SqlSession [org.apache.ibatis.session.defaults.DefaultSqlSession@3a003b73] was not registered for synchronization because synchronization is not active
JDBC Connection [HikariProxyConnection@1396141904 wrapping com.mysql.cj.jdbc.ConnectionImpl@73a9ea26] will not be managed by Spring
==>  Preparing: SELECT id,name,code,sort_order,status,created_at,updated_at FROM t_post_category WHERE id=? AND status=1
==> Parameters: 4(Long)
<==    Columns: id, name, code, sort_order, status, created_at, updated_at
<==        Row: 4, 分享, share, 4, 1, 2026-05-27 18:20:26, 2026-05-27 18:20:26
<==      Total: 1
Closing non transactional SqlSession [org.apache.ibatis.session.defaults.DefaultSqlSession@3a003b73]
Creating a new SqlSession
SqlSession [org.apache.ibatis.session.defaults.DefaultSqlSession@2e8fb0c8] was not registered for synchronization because synchronization is not active
JDBC Connection [HikariProxyConnection@359652809 wrapping com.mysql.cj.jdbc.ConnectionImpl@73a9ea26] will not be managed by Spring
==>  Preparing: SELECT id,username,password,nickname,avatar,bio,email,status,created_at,updated_at FROM t_user WHERE id=? AND status=1
==> Parameters: 5(Long)
<==    Columns: id, username, password, nickname, avatar, bio, email, status, created_at, updated_at
<==        Row: 5, rpg_lover, $2a$10$N.zmdr9k7uOCQb376NoUnuTJ8iAt6Z5EHsM8lE9lBOsl7iKTVKIUi, RPG爱好者, null, RPG永不毕业！, null, 1, 2026-05-27 18:20:26, 2026-05-27 18:20:26
<==      Total: 1
Closing non transactional SqlSession [org.apache.ibatis.session.defaults.DefaultSqlSession@2e8fb0c8]
Creating a new SqlSession
SqlSession [org.apache.ibatis.session.defaults.DefaultSqlSession@484ee15b] was not registered for synchronization because synchronization is not active
JDBC Connection [HikariProxyConnection@462688618 wrapping com.mysql.cj.jdbc.ConnectionImpl@73a9ea26] will not be managed by Spring
==>  Preparing: SELECT id,name,code,sort_order,status,created_at,updated_at FROM t_post_category WHERE id=? AND status=1
==> Parameters: 2(Long)
<==    Columns: id, name, code, sort_order, status, created_at, updated_at
<==        Row: 2, 讨论, discuss, 2, 1, 2026-05-27 18:20:26, 2026-05-27 18:20:26
<==      Total: 1
Closing non transactional SqlSession [org.apache.ibatis.session.defaults.DefaultSqlSession@484ee15b]
Creating a new SqlSession
SqlSession [org.apache.ibatis.session.defaults.DefaultSqlSession@5e748935] was not registered for synchronization because synchronization is not active
JDBC Connection [HikariProxyConnection@1628434329 wrapping com.mysql.cj.jdbc.ConnectionImpl@73a9ea26] will not be managed by Spring
==>  Preparing: SELECT id,username,password,nickname,avatar,bio,email,status,created_at,updated_at FROM t_user WHERE id=? AND status=1
==> Parameters: 4(Long)
<==    Columns: id, username, password, nickname, avatar, bio, email, status, created_at, updated_at
<==        Row: 4, game_girl, $2a$10$N.zmdr9k7uOCQb376NoUnuTJ8iAt6Z5EHsM8lE9lBOsl7iKTVKIUi, 游戏少女, null, 只玩好游戏~, null, 1, 2026-05-27 18:20:26, 2026-05-27 18:20:26
<==      Total: 1
Closing non transactional SqlSession [org.apache.ibatis.session.defaults.DefaultSqlSession@5e748935]
Creating a new SqlSession
SqlSession [org.apache.ibatis.session.defaults.DefaultSqlSession@5ae7cca4] was not registered for synchronization because synchronization is not active
JDBC Connection [HikariProxyConnection@547412972 wrapping com.mysql.cj.jdbc.ConnectionImpl@73a9ea26] will not be managed by Spring
==>  Preparing: SELECT id,name,code,sort_order,status,created_at,updated_at FROM t_post_category WHERE id=? AND status=1
==> Parameters: 1(Long)
<==    Columns: id, name, code, sort_order, status, created_at, updated_at
<==        Row: 1, 攻略, guide, 1, 1, 2026-05-27 18:20:26, 2026-05-27 18:20:26
<==      Total: 1
Closing non transactional SqlSession [org.apache.ibatis.session.defaults.DefaultSqlSession@5ae7cca4]
Creating a new SqlSession
SqlSession [org.apache.ibatis.session.defaults.DefaultSqlSession@398dee29] was not registered for synchronization because synchronization is not active
JDBC Connection [HikariProxyConnection@1567328080 wrapping com.mysql.cj.jdbc.ConnectionImpl@73a9ea26] will not be managed by Spring
==>  Preparing: SELECT id,username,password,nickname,avatar,bio,email,status,created_at,updated_at FROM t_user WHERE id=? AND status=1
==> Parameters: 2(Long)
<==    Columns: id, username, password, nickname, avatar, bio, email, status, created_at, updated_at
<==        Row: 2, player1, $2a$10$N.zmdr9k7uOCQb376NoUnuTJ8iAt6Z5EHsM8lE9lBOsl7iKTVKIUi, 玩家一号, null, 热爱游戏的普通玩家, null, 1, 2026-05-27 18:20:26, 2026-05-27 18:20:26
<==      Total: 1
Closing non transactional SqlSession [org.apache.ibatis.session.defaults.DefaultSqlSession@398dee29]
Creating a new SqlSession
SqlSession [org.apache.ibatis.session.defaults.DefaultSqlSession@29f7eb31] was not registered for synchronization because synchronization is not active
JDBC Connection [HikariProxyConnection@2136843392 wrapping com.mysql.cj.jdbc.ConnectionImpl@73a9ea26] will not be managed by Spring
==>  Preparing: SELECT id,name,code,sort_order,status,created_at,updated_at FROM t_post_category WHERE id=? AND status=1
==> Parameters: 3(Long)
<==    Columns: id, name, code, sort_order, status, created_at, updated_at
<==        Row: 3, 求助, help, 3, 1, 2026-05-27 18:20:26, 2026-05-27 18:20:26
<==      Total: 1
Closing non transactional SqlSession [org.apache.ibatis.session.defaults.DefaultSqlSession@29f7eb31]
Creating a new SqlSession
SqlSession [org.apache.ibatis.session.defaults.DefaultSqlSession@17939d4f] was not registered for synchronization because synchronization is not active
JDBC Connection [HikariProxyConnection@19616495 wrapping com.mysql.cj.jdbc.ConnectionImpl@73a9ea26] will not be managed by Spring
==>  Preparing: SELECT id,username,password,nickname,avatar,bio,email,status,created_at,updated_at FROM t_user WHERE id=? AND status=1
==> Parameters: 5(Long)
<==    Columns: id, username, password, nickname, avatar, bio, email, status, created_at, updated_at
<==        Row: 5, rpg_lover, $2a$10$N.zmdr9k7uOCQb376NoUnuTJ8iAt6Z5EHsM8lE9lBOsl7iKTVKIUi, RPG爱好者, null, RPG永不毕业！, null, 1, 2026-05-27 18:20:26, 2026-05-27 18:20:26
<==      Total: 1
Closing non transactional SqlSession [org.apache.ibatis.session.defaults.DefaultSqlSession@17939d4f]
Creating a new SqlSession
SqlSession [org.apache.ibatis.session.defaults.DefaultSqlSession@63bbfc83] was not registered for synchronization because synchronization is not active
JDBC Connection [HikariProxyConnection@1558121358 wrapping com.mysql.cj.jdbc.ConnectionImpl@73a9ea26] will not be managed by Spring
==>  Preparing: SELECT COUNT( * ) AS total FROM t_notification WHERE (user_id = ? AND is_read = ?)
==> Parameters: 1(Long), 0(Integer)
<==    Columns: total
<==        Row: 0
<==      Total: 1
Closing non transactional SqlSession [org.apache.ibatis.session.defaults.DefaultSqlSession@63bbfc83]
Creating a new SqlSession
SqlSession [org.apache.ibatis.session.defaults.DefaultSqlSession@6f81e7fb] was not registered for synchronization because synchronization is not active
JDBC Connection [HikariProxyConnection@328513329 wrapping com.mysql.cj.jdbc.ConnectionImpl@73a9ea26] will not be managed by Spring
==>  Preparing: SELECT COUNT( * ) AS total FROM t_notification WHERE (user_id = ? AND is_read = ?)
==> Parameters: 1(Long), 0(Integer)
<==    Columns: total
<==        Row: 0
<==      Total: 1
Closing non transactional SqlSession [org.apache.ibatis.session.defaults.DefaultSqlSession@6f81e7fb]
2026-05-27T21:18:39.793+08:00 ERROR 30748 --- [nio-8080-exec-6] c.g.exception.GlobalExceptionHandler     : 系统异常

org.springframework.web.servlet.resource.NoResourceFoundException: No static resource .
	at org.springframework.web.servlet.resource.ResourceHttpRequestHandler.handleRequest(ResourceHttpRequestHandler.java:585) ~[spring-webmvc-6.1.6.jar!/:6.1.6]
	at org.springframework.web.servlet.mvc.HttpRequestHandlerAdapter.handle(HttpRequestHandlerAdapter.java:52) ~[spring-webmvc-6.1.6.jar!/:6.1.6]
	at org.springframework.web.servlet.DispatcherServlet.doDispatch(DispatcherServlet.java:1089) ~[spring-webmvc-6.1.6.jar!/:6.1.6]
	at org.springframework.web.servlet.DispatcherServlet.doService(DispatcherServlet.java:979) ~[spring-webmvc-6.1.6.jar!/:6.1.6]
	at org.springframework.web.servlet.FrameworkServlet.processRequest(FrameworkServlet.java:1014) ~[spring-webmvc-6.1.6.jar!/:6.1.6]
	at org.springframework.web.servlet.FrameworkServlet.doGet(FrameworkServlet.java:903) ~[spring-webmvc-6.1.6.jar!/:6.1.6]
	at jakarta.servlet.http.HttpServlet.service(HttpServlet.java:564) ~[tomcat-embed-core-10.1.20.jar!/:na]
	at org.springframework.web.servlet.FrameworkServlet.service(FrameworkServlet.java:885) ~[spring-webmvc-6.1.6.jar!/:6.1.6]
	at jakarta.servlet.http.HttpServlet.service(HttpServlet.java:658) ~[tomcat-embed-core-10.1.20.jar!/:na]
	at org.apache.catalina.core.ApplicationFilterChain.internalDoFilter(ApplicationFilterChain.java:206) ~[tomcat-embed-core-10.1.20.jar!/:na]
	at org.apache.catalina.core.ApplicationFilterChain.doFilter(ApplicationFilterChain.java:150) ~[tomcat-embed-core-10.1.20.jar!/:na]
	at org.apache.tomcat.websocket.server.WsFilter.doFilter(WsFilter.java:51) ~[tomcat-embed-websocket-10.1.20.jar!/:na]
	at org.apache.catalina.core.ApplicationFilterChain.internalDoFilter(ApplicationFilterChain.java:175) ~[tomcat-embed-core-10.1.20.jar!/:na]
	at org.apache.catalina.core.ApplicationFilterChain.doFilter(ApplicationFilterChain.java:150) ~[tomcat-embed-core-10.1.20.jar!/:na]
	at org.springframework.web.filter.RequestContextFilter.doFilterInternal(RequestContextFilter.java:100) ~[spring-web-6.1.6.jar!/:6.1.6]
	at org.springframework.web.filter.OncePerRequestFilter.doFilter(OncePerRequestFilter.java:116) ~[spring-web-6.1.6.jar!/:6.1.6]
	at org.apache.catalina.core.ApplicationFilterChain.internalDoFilter(ApplicationFilterChain.java:175) ~[tomcat-embed-core-10.1.20.jar!/:na]
	at org.apache.catalina.core.ApplicationFilterChain.doFilter(ApplicationFilterChain.java:150) ~[tomcat-embed-core-10.1.20.jar!/:na]
	at org.springframework.web.filter.FormContentFilter.doFilterInternal(FormContentFilter.java:93) ~[spring-web-6.1.6.jar!/:6.1.6]
	at org.springframework.web.filter.OncePerRequestFilter.doFilter(OncePerRequestFilter.java:116) ~[spring-web-6.1.6.jar!/:6.1.6]
	at org.apache.catalina.core.ApplicationFilterChain.internalDoFilter(ApplicationFilterChain.java:175) ~[tomcat-embed-core-10.1.20.jar!/:na]
	at org.apache.catalina.core.ApplicationFilterChain.doFilter(ApplicationFilterChain.java:150) ~[tomcat-embed-core-10.1.20.jar!/:na]
	at org.springframework.web.filter.CharacterEncodingFilter.doFilterInternal(CharacterEncodingFilter.java:201) ~[spring-web-6.1.6.jar!/:6.1.6]
	at org.springframework.web.filter.OncePerRequestFilter.doFilter(OncePerRequestFilter.java:116) ~[spring-web-6.1.6.jar!/:6.1.6]
	at org.apache.catalina.core.ApplicationFilterChain.internalDoFilter(ApplicationFilterChain.java:175) ~[tomcat-embed-core-10.1.20.jar!/:na]
	at org.apache.catalina.core.ApplicationFilterChain.doFilter(ApplicationFilterChain.java:150) ~[tomcat-embed-core-10.1.20.jar!/:na]
	at org.apache.catalina.core.StandardWrapperValve.invoke(StandardWrapperValve.java:167) ~[tomcat-embed-core-10.1.20.jar!/:na]
	at org.apache.catalina.core.StandardContextValve.invoke(StandardContextValve.java:90) ~[tomcat-embed-core-10.1.20.jar!/:na]
	at org.apache.catalina.authenticator.AuthenticatorBase.invoke(AuthenticatorBase.java:482) ~[tomcat-embed-core-10.1.20.jar!/:na]
	at org.apache.catalina.core.StandardHostValve.invoke(StandardHostValve.java:115) ~[tomcat-embed-core-10.1.20.jar!/:na]
	at org.apache.catalina.valves.ErrorReportValve.invoke(ErrorReportValve.java:93) ~[tomcat-embed-core-10.1.20.jar!/:na]
	at org.apache.catalina.core.StandardEngineValve.invoke(StandardEngineValve.java:74) ~[tomcat-embed-core-10.1.20.jar!/:na]
	at org.apache.catalina.connector.CoyoteAdapter.service(CoyoteAdapter.java:344) ~[tomcat-embed-core-10.1.20.jar!/:na]
	at org.apache.coyote.http11.Http11Processor.service(Http11Processor.java:391) ~[tomcat-embed-core-10.1.20.jar!/:na]
	at org.apache.coyote.AbstractProcessorLight.process(AbstractProcessorLight.java:63) ~[tomcat-embed-core-10.1.20.jar!/:na]
	at org.apache.coyote.AbstractProtocol$ConnectionHandler.process(AbstractProtocol.java:896) ~[tomcat-embed-core-10.1.20.jar!/:na]
	at org.apache.tomcat.util.net.NioEndpoint$SocketProcessor.doRun(NioEndpoint.java:1736) ~[tomcat-embed-core-10.1.20.jar!/:na]
	at org.apache.tomcat.util.net.SocketProcessorBase.run(SocketProcessorBase.java:52) ~[tomcat-embed-core-10.1.20.jar!/:na]
	at org.apache.tomcat.util.threads.ThreadPoolExecutor.runWorker(ThreadPoolExecutor.java:1191) ~[tomcat-embed-core-10.1.20.jar!/:na]
	at org.apache.tomcat.util.threads.ThreadPoolExecutor$Worker.run(ThreadPoolExecutor.java:659) ~[tomcat-embed-core-10.1.20.jar!/:na]
	at org.apache.tomcat.util.threads.TaskThread$WrappingRunnable.run(TaskThread.java:63) ~[tomcat-embed-core-10.1.20.jar!/:na]
	at java.base/java.lang.Thread.run(Thread.java:840) ~[na:na]

Creating a new SqlSession
SqlSession [org.apache.ibatis.session.defaults.DefaultSqlSession@382aa114] was not registered for synchronization because synchronization is not active
JDBC Connection [HikariProxyConnection@1820891749 wrapping com.mysql.cj.jdbc.ConnectionImpl@45f49252] will not be managed by Spring
==>  Preparing: SELECT COUNT( * ) AS total FROM t_notification WHERE (user_id = ? AND is_read = ?)
==> Parameters: 1(Long), 0(Integer)
<==    Columns: total
<==        Row: 0
<==      Total: 1
Closing non transactional SqlSession [org.apache.ibatis.session.defaults.DefaultSqlSession@382aa114]
Creating a new SqlSession
SqlSession [org.apache.ibatis.session.defaults.DefaultSqlSession@629c826b] was not registered for synchronization because synchronization is not active
JDBC Connection [HikariProxyConnection@1825042248 wrapping com.mysql.cj.jdbc.ConnectionImpl@73a9ea26] will not be managed by Spring
==>  Preparing: SELECT COUNT( * ) AS total FROM t_notification WHERE (user_id = ? AND is_read = ?)
==> Parameters: 1(Long), 0(Integer)
<==    Columns: total
<==        Row: 0
<==      Total: 1
Closing non transactional SqlSession [org.apache.ibatis.session.defaults.DefaultSqlSession@629c826b]
Creating a new SqlSession
SqlSession [org.apache.ibatis.session.defaults.DefaultSqlSession@fb0c1a0] was not registered for synchronization because synchronization is not active
JDBC Connection [HikariProxyConnection@492738815 wrapping com.mysql.cj.jdbc.ConnectionImpl@45f49252] will not be managed by Spring
==>  Preparing: SELECT COUNT( * ) AS total FROM t_notification WHERE (user_id = ? AND is_read = ?)
==> Parameters: 1(Long), 0(Integer)
<==    Columns: total
<==        Row: 0
<==      Total: 1
Closing non transactional SqlSession [org.apache.ibatis.session.defaults.DefaultSqlSession@fb0c1a0]
Creating a new SqlSession
SqlSession [org.apache.ibatis.session.defaults.DefaultSqlSession@2b5e4b7] was not registered for synchronization because synchronization is not active
JDBC Connection [HikariProxyConnection@155674699 wrapping com.mysql.cj.jdbc.ConnectionImpl@73a9ea26] will not be managed by Spring
==>  Preparing: SELECT COUNT( * ) AS total FROM t_notification WHERE (user_id = ? AND is_read = ?)
==> Parameters: 1(Long), 0(Integer)
<==    Columns: total
<==        Row: 0
<==      Total: 1
Closing non transactional SqlSession [org.apache.ibatis.session.defaults.DefaultSqlSession@2b5e4b7]
Creating a new SqlSession
SqlSession [org.apache.ibatis.session.defaults.DefaultSqlSession@4bd7e316] was not registered for synchronization because synchronization is not active
JDBC Connection [HikariProxyConnection@109276743 wrapping com.mysql.cj.jdbc.ConnectionImpl@73a9ea26] will not be managed by Spring
==>  Preparing: SELECT COUNT( * ) AS total FROM t_notification WHERE (user_id = ? AND is_read = ?)
==> Parameters: 1(Long), 0(Integer)
<==    Columns: total
<==        Row: 0
<==      Total: 1
Closing non transactional SqlSession [org.apache.ibatis.session.defaults.DefaultSqlSession@4bd7e316]
Creating a new SqlSession
SqlSession [org.apache.ibatis.session.defaults.DefaultSqlSession@53b93a59] was not registered for synchronization because synchronization is not active
JDBC Connection [HikariProxyConnection@221036162 wrapping com.mysql.cj.jdbc.ConnectionImpl@45f49252] will not be managed by Spring
==>  Preparing: SELECT COUNT( * ) AS total FROM t_notification WHERE (user_id = ? AND is_read = ?)
==> Parameters: 1(Long), 0(Integer)
<==    Columns: total
<==        Row: 0
<==      Total: 1
Closing non transactional SqlSession [org.apache.ibatis.session.defaults.DefaultSqlSession@53b93a59]
Creating a new SqlSession
SqlSession [org.apache.ibatis.session.defaults.DefaultSqlSession@1c64d906] was not registered for synchronization because synchronization is not active
JDBC Connection [HikariProxyConnection@1200819180 wrapping com.mysql.cj.jdbc.ConnectionImpl@45f49252] will not be managed by Spring
==>  Preparing: SELECT COUNT( * ) AS total FROM t_notification WHERE (user_id = ? AND is_read = ?)
==> Parameters: 1(Long), 0(Integer)
<==    Columns: total
<==        Row: 0
<==      Total: 1
Closing non transactional SqlSession [org.apache.ibatis.session.defaults.DefaultSqlSession@1c64d906]
Creating a new SqlSession
SqlSession [org.apache.ibatis.session.defaults.DefaultSqlSession@7616b4d8] was not registered for synchronization because synchronization is not active
JDBC Connection [HikariProxyConnection@467241231 wrapping com.mysql.cj.jdbc.ConnectionImpl@45f49252] will not be managed by Spring
==>  Preparing: SELECT COUNT( * ) AS total FROM t_notification WHERE (user_id = ? AND is_read = ?)
==> Parameters: 1(Long), 0(Integer)
<==    Columns: total
<==        Row: 0
<==      Total: 1
Closing non transactional SqlSession [org.apache.ibatis.session.defaults.DefaultSqlSession@7616b4d8]
Creating a new SqlSession
SqlSession [org.apache.ibatis.session.defaults.DefaultSqlSession@322de31f] was not registered for synchronization because synchronization is not active
JDBC Connection [HikariProxyConnection@874815723 wrapping com.mysql.cj.jdbc.ConnectionImpl@73a9ea26] will not be managed by Spring
==>  Preparing: SELECT COUNT( * ) AS total FROM t_notification WHERE (user_id = ? AND is_read = ?)
==> Parameters: 1(Long), 0(Integer)
<==    Columns: total
<==        Row: 0
<==      Total: 1
Closing non transactional SqlSession [org.apache.ibatis.session.defaults.DefaultSqlSession@322de31f]
Creating a new SqlSession
SqlSession [org.apache.ibatis.session.defaults.DefaultSqlSession@7252baa7] was not registered for synchronization because synchronization is not active
JDBC Connection [HikariProxyConnection@1580232601 wrapping com.mysql.cj.jdbc.ConnectionImpl@45f49252] will not be managed by Spring
==>  Preparing: SELECT COUNT( * ) AS total FROM t_notification WHERE (user_id = ? AND is_read = ?)
==> Parameters: 1(Long), 0(Integer)
<==    Columns: total
<==        Row: 0
<==      Total: 1
Closing non transactional SqlSession [org.apache.ibatis.session.defaults.DefaultSqlSession@7252baa7]
Creating a new SqlSession
SqlSession [org.apache.ibatis.session.defaults.DefaultSqlSession@36e48c1a] was not registered for synchronization because synchronization is not active
JDBC Connection [HikariProxyConnection@1901088005 wrapping com.mysql.cj.jdbc.ConnectionImpl@45f49252] will not be managed by Spring
==>  Preparing: SELECT COUNT( * ) AS total FROM t_notification WHERE (user_id = ? AND is_read = ?)
==> Parameters: 1(Long), 0(Integer)
<==    Columns: total
<==        Row: 0
<==      Total: 1
Closing non transactional SqlSession [org.apache.ibatis.session.defaults.DefaultSqlSession@36e48c1a]
Creating a new SqlSession
SqlSession [org.apache.ibatis.session.defaults.DefaultSqlSession@6190d76a] was not registered for synchronization because synchronization is not active
JDBC Connection [HikariProxyConnection@1747236665 wrapping com.mysql.cj.jdbc.ConnectionImpl@45f49252] will not be managed by Spring
==>  Preparing: SELECT COUNT( * ) AS total FROM t_notification WHERE (user_id = ? AND is_read = ?)
==> Parameters: 1(Long), 0(Integer)
<==    Columns: total
<==        Row: 0
<==      Total: 1
Closing non transactional SqlSession [org.apache.ibatis.session.defaults.DefaultSqlSession@6190d76a]
Creating a new SqlSession
SqlSession [org.apache.ibatis.session.defaults.DefaultSqlSession@458835e3] was not registered for synchronization because synchronization is not active
JDBC Connection [HikariProxyConnection@1748365753 wrapping com.mysql.cj.jdbc.ConnectionImpl@73a9ea26] will not be managed by Spring
==>  Preparing: SELECT COUNT( * ) AS total FROM t_notification WHERE (user_id = ? AND is_read = ?)
==> Parameters: 1(Long), 0(Integer)
<==    Columns: total
<==        Row: 0
<==      Total: 1
Closing non transactional SqlSession [org.apache.ibatis.session.defaults.DefaultSqlSession@458835e3]
Creating a new SqlSession
SqlSession [org.apache.ibatis.session.defaults.DefaultSqlSession@76cfc1c] was not registered for synchronization because synchronization is not active
JDBC Connection [HikariProxyConnection@1943494836 wrapping com.mysql.cj.jdbc.ConnectionImpl@73a9ea26] will not be managed by Spring
==>  Preparing: SELECT COUNT( * ) AS total FROM t_notification WHERE (user_id = ? AND is_read = ?)
==> Parameters: 1(Long), 0(Integer)
<==    Columns: total
<==        Row: 0
<==      Total: 1
Closing non transactional SqlSession [org.apache.ibatis.session.defaults.DefaultSqlSession@76cfc1c]
Creating a new SqlSession
SqlSession [org.apache.ibatis.session.defaults.DefaultSqlSession@113867ad] was not registered for synchronization because synchronization is not active
JDBC Connection [HikariProxyConnection@1910961230 wrapping com.mysql.cj.jdbc.ConnectionImpl@73a9ea26] will not be managed by Spring
==>  Preparing: SELECT COUNT( * ) AS total FROM t_notification WHERE (user_id = ? AND is_read = ?)
==> Parameters: 1(Long), 0(Integer)
<==    Columns: total
<==        Row: 0
<==      Total: 1
Closing non transactional SqlSession [org.apache.ibatis.session.defaults.DefaultSqlSession@113867ad]
Creating a new SqlSession
SqlSession [org.apache.ibatis.session.defaults.DefaultSqlSession@4a8ed694] was not registered for synchronization because synchronization is not active
JDBC Connection [HikariProxyConnection@1350518382 wrapping com.mysql.cj.jdbc.ConnectionImpl@45f49252] will not be managed by Spring
==>  Preparing: SELECT COUNT( * ) AS total FROM t_notification WHERE (user_id = ? AND is_read = ?)
==> Parameters: 1(Long), 0(Integer)
<==    Columns: total
<==        Row: 0
<==      Total: 1
Closing non transactional SqlSession [org.apache.ibatis.session.defaults.DefaultSqlSession@4a8ed694]
Creating a new SqlSession
SqlSession [org.apache.ibatis.session.defaults.DefaultSqlSession@2c253312] was not registered for synchronization because synchronization is not active
JDBC Connection [HikariProxyConnection@1876357690 wrapping com.mysql.cj.jdbc.ConnectionImpl@45f49252] will not be managed by Spring
==>  Preparing: SELECT COUNT( * ) AS total FROM t_notification WHERE (user_id = ? AND is_read = ?)
==> Parameters: 1(Long), 0(Integer)
<==    Columns: total
<==        Row: 0
<==      Total: 1
Closing non transactional SqlSession [org.apache.ibatis.session.defaults.DefaultSqlSession@2c253312]
Creating a new SqlSession
SqlSession [org.apache.ibatis.session.defaults.DefaultSqlSession@32161f89] was not registered for synchronization because synchronization is not active
JDBC Connection [HikariProxyConnection@1878931407 wrapping com.mysql.cj.jdbc.ConnectionImpl@73a9ea26] will not be managed by Spring
==>  Preparing: SELECT COUNT( * ) AS total FROM t_notification WHERE (user_id = ? AND is_read = ?)
==> Parameters: 1(Long), 0(Integer)
<==    Columns: total
<==        Row: 0
<==      Total: 1
Closing non transactional SqlSession [org.apache.ibatis.session.defaults.DefaultSqlSession@32161f89]
Creating a new SqlSession
SqlSession [org.apache.ibatis.session.defaults.DefaultSqlSession@6da2882e] was not registered for synchronization because synchronization is not active
JDBC Connection [HikariProxyConnection@180519103 wrapping com.mysql.cj.jdbc.ConnectionImpl@45f49252] will not be managed by Spring
==>  Preparing: SELECT COUNT( * ) AS total FROM t_notification WHERE (user_id = ? AND is_read = ?)
==> Parameters: 1(Long), 0(Integer)
<==    Columns: total
<==        Row: 0
<==      Total: 1
Closing non transactional SqlSession [org.apache.ibatis.session.defaults.DefaultSqlSession@6da2882e]
Creating a new SqlSession
SqlSession [org.apache.ibatis.session.defaults.DefaultSqlSession@61daea48] was not registered for synchronization because synchronization is not active
JDBC Connection [HikariProxyConnection@1942765109 wrapping com.mysql.cj.jdbc.ConnectionImpl@45f49252] will not be managed by Spring
==>  Preparing: SELECT COUNT( * ) AS total FROM t_notification WHERE (user_id = ? AND is_read = ?)
==> Parameters: 1(Long), 0(Integer)
<==    Columns: total
<==        Row: 0
<==      Total: 1
Closing non transactional SqlSession [org.apache.ibatis.session.defaults.DefaultSqlSession@61daea48]
Creating a new SqlSession
SqlSession [org.apache.ibatis.session.defaults.DefaultSqlSession@1ba624bd] was not registered for synchronization because synchronization is not active
JDBC Connection [HikariProxyConnection@2095745828 wrapping com.mysql.cj.jdbc.ConnectionImpl@45f49252] will not be managed by Spring
==>  Preparing: SELECT COUNT( * ) AS total FROM t_notification WHERE (user_id = ? AND is_read = ?)
==> Parameters: 1(Long), 0(Integer)
<==    Columns: total
<==        Row: 0
<==      Total: 1
Closing non transactional SqlSession [org.apache.ibatis.session.defaults.DefaultSqlSession@1ba624bd]
Creating a new SqlSession
SqlSession [org.apache.ibatis.session.defaults.DefaultSqlSession@f0a50ed] was not registered for synchronization because synchronization is not active
JDBC Connection [HikariProxyConnection@187259842 wrapping com.mysql.cj.jdbc.ConnectionImpl@73a9ea26] will not be managed by Spring
==>  Preparing: SELECT COUNT( * ) AS total FROM t_notification WHERE (user_id = ? AND is_read = ?)
==> Parameters: 1(Long), 0(Integer)
<==    Columns: total
<==        Row: 0
<==      Total: 1
Closing non transactional SqlSession [org.apache.ibatis.session.defaults.DefaultSqlSession@f0a50ed]
Creating a new SqlSession
SqlSession [org.apache.ibatis.session.defaults.DefaultSqlSession@18f6e06d] was not registered for synchronization because synchronization is not active
JDBC Connection [HikariProxyConnection@2014999411 wrapping com.mysql.cj.jdbc.ConnectionImpl@73a9ea26] will not be managed by Spring
==>  Preparing: SELECT COUNT( * ) AS total FROM t_notification WHERE (user_id = ? AND is_read = ?)
==> Parameters: 1(Long), 0(Integer)
<==    Columns: total
<==        Row: 0
<==      Total: 1
Closing non transactional SqlSession [org.apache.ibatis.session.defaults.DefaultSqlSession@18f6e06d]
Creating a new SqlSession
SqlSession [org.apache.ibatis.session.defaults.DefaultSqlSession@7e0be882] was not registered for synchronization because synchronization is not active
JDBC Connection [HikariProxyConnection@744287713 wrapping com.mysql.cj.jdbc.ConnectionImpl@73a9ea26] will not be managed by Spring
==>  Preparing: SELECT COUNT( * ) AS total FROM t_notification WHERE (user_id = ? AND is_read = ?)
==> Parameters: 1(Long), 0(Integer)
<==    Columns: total
<==        Row: 0
<==      Total: 1
Closing non transactional SqlSession [org.apache.ibatis.session.defaults.DefaultSqlSession@7e0be882]
Creating a new SqlSession
SqlSession [org.apache.ibatis.session.defaults.DefaultSqlSession@653d5c66] was not registered for synchronization because synchronization is not active
JDBC Connection [HikariProxyConnection@1497041955 wrapping com.mysql.cj.jdbc.ConnectionImpl@45f49252] will not be managed by Spring
==>  Preparing: SELECT COUNT( * ) AS total FROM t_notification WHERE (user_id = ? AND is_read = ?)
==> Parameters: 1(Long), 0(Integer)
<==    Columns: total
<==        Row: 0
<==      Total: 1
Closing non transactional SqlSession [org.apache.ibatis.session.defaults.DefaultSqlSession@653d5c66]
Creating a new SqlSession
SqlSession [org.apache.ibatis.session.defaults.DefaultSqlSession@1605f666] was not registered for synchronization because synchronization is not active
JDBC Connection [HikariProxyConnection@747876681 wrapping com.mysql.cj.jdbc.ConnectionImpl@45f49252] will not be managed by Spring
==>  Preparing: SELECT COUNT( * ) AS total FROM t_notification WHERE (user_id = ? AND is_read = ?)
==> Parameters: 1(Long), 0(Integer)
<==    Columns: total
<==        Row: 0
<==      Total: 1
Closing non transactional SqlSession [org.apache.ibatis.session.defaults.DefaultSqlSession@1605f666]
Creating a new SqlSession
SqlSession [org.apache.ibatis.session.defaults.DefaultSqlSession@5847c4f4] was not registered for synchronization because synchronization is not active
JDBC Connection [HikariProxyConnection@1577046349 wrapping com.mysql.cj.jdbc.ConnectionImpl@45f49252] will not be managed by Spring
==>  Preparing: SELECT COUNT( * ) AS total FROM t_notification WHERE (user_id = ? AND is_read = ?)
==> Parameters: 1(Long), 0(Integer)
<==    Columns: total
<==        Row: 0
<==      Total: 1
Closing non transactional SqlSession [org.apache.ibatis.session.defaults.DefaultSqlSession@5847c4f4]
Creating a new SqlSession
SqlSession [org.apache.ibatis.session.defaults.DefaultSqlSession@4c907486] was not registered for synchronization because synchronization is not active
JDBC Connection [HikariProxyConnection@1324929226 wrapping com.mysql.cj.jdbc.ConnectionImpl@73a9ea26] will not be managed by Spring
==>  Preparing: SELECT COUNT( * ) AS total FROM t_notification WHERE (user_id = ? AND is_read = ?)
==> Parameters: 1(Long), 0(Integer)
<==    Columns: total
<==        Row: 0
<==      Total: 1
Closing non transactional SqlSession [org.apache.ibatis.session.defaults.DefaultSqlSession@4c907486]
Creating a new SqlSession
SqlSession [org.apache.ibatis.session.defaults.DefaultSqlSession@67cbbba8] was not registered for synchronization because synchronization is not active
JDBC Connection [HikariProxyConnection@508673159 wrapping com.mysql.cj.jdbc.ConnectionImpl@45f49252] will not be managed by Spring
==>  Preparing: SELECT COUNT( * ) AS total FROM t_notification WHERE (user_id = ? AND is_read = ?)
==> Parameters: 1(Long), 0(Integer)
<==    Columns: total
<==        Row: 0
<==      Total: 1
Closing non transactional SqlSession [org.apache.ibatis.session.defaults.DefaultSqlSession@67cbbba8]
Creating a new SqlSession
SqlSession [org.apache.ibatis.session.defaults.DefaultSqlSession@37cdfc3f] was not registered for synchronization because synchronization is not active
JDBC Connection [HikariProxyConnection@32757796 wrapping com.mysql.cj.jdbc.ConnectionImpl@45f49252] will not be managed by Spring
==>  Preparing: SELECT COUNT( * ) AS total FROM t_notification WHERE (user_id = ? AND is_read = ?)
==> Parameters: 1(Long), 0(Integer)
<==    Columns: total
<==        Row: 0
<==      Total: 1
Closing non transactional SqlSession [org.apache.ibatis.session.defaults.DefaultSqlSession@37cdfc3f]
Creating a new SqlSession
SqlSession [org.apache.ibatis.session.defaults.DefaultSqlSession@12d07a29] was not registered for synchronization because synchronization is not active
JDBC Connection [HikariProxyConnection@947463938 wrapping com.mysql.cj.jdbc.ConnectionImpl@45f49252] will not be managed by Spring
==>  Preparing: SELECT COUNT( * ) AS total FROM t_notification WHERE (user_id = ? AND is_read = ?)
==> Parameters: 1(Long), 0(Integer)
<==    Columns: total
<==        Row: 0
<==      Total: 1
Closing non transactional SqlSession [org.apache.ibatis.session.defaults.DefaultSqlSession@12d07a29]
Creating a new SqlSession
SqlSession [org.apache.ibatis.session.defaults.DefaultSqlSession@566780] was not registered for synchronization because synchronization is not active
JDBC Connection [HikariProxyConnection@1569112671 wrapping com.mysql.cj.jdbc.ConnectionImpl@73a9ea26] will not be managed by Spring
==>  Preparing: SELECT COUNT( * ) AS total FROM t_notification WHERE (user_id = ? AND is_read = ?)
==> Parameters: 1(Long), 0(Integer)
<==    Columns: total
<==        Row: 0
<==      Total: 1
Closing non transactional SqlSession [org.apache.ibatis.session.defaults.DefaultSqlSession@566780]
Creating a new SqlSession
SqlSession [org.apache.ibatis.session.defaults.DefaultSqlSession@c5bcea] was not registered for synchronization because synchronization is not active
JDBC Connection [HikariProxyConnection@799002903 wrapping com.mysql.cj.jdbc.ConnectionImpl@73a9ea26] will not be managed by Spring
==>  Preparing: SELECT COUNT( * ) AS total FROM t_notification WHERE (user_id = ? AND is_read = ?)
==> Parameters: 1(Long), 0(Integer)
<==    Columns: total
<==        Row: 0
<==      Total: 1
Closing non transactional SqlSession [org.apache.ibatis.session.defaults.DefaultSqlSession@c5bcea]
Creating a new SqlSession
SqlSession [org.apache.ibatis.session.defaults.DefaultSqlSession@42c8939f] was not registered for synchronization because synchronization is not active
JDBC Connection [HikariProxyConnection@1671834812 wrapping com.mysql.cj.jdbc.ConnectionImpl@73a9ea26] will not be managed by Spring
==>  Preparing: SELECT COUNT( * ) AS total FROM t_notification WHERE (user_id = ? AND is_read = ?)
==> Parameters: 1(Long), 0(Integer)
<==    Columns: total
<==        Row: 0
<==      Total: 1
Closing non transactional SqlSession [org.apache.ibatis.session.defaults.DefaultSqlSession@42c8939f]
Creating a new SqlSession
SqlSession [org.apache.ibatis.session.defaults.DefaultSqlSession@32012c38] was not registered for synchronization because synchronization is not active
JDBC Connection [HikariProxyConnection@1037076594 wrapping com.mysql.cj.jdbc.ConnectionImpl@45f49252] will not be managed by Spring
==>  Preparing: SELECT COUNT( * ) AS total FROM t_notification WHERE (user_id = ? AND is_read = ?)
==> Parameters: 1(Long), 0(Integer)
<==    Columns: total
<==        Row: 0
<==      Total: 1
Closing non transactional SqlSession [org.apache.ibatis.session.defaults.DefaultSqlSession@32012c38]
Creating a new SqlSession
SqlSession [org.apache.ibatis.session.defaults.DefaultSqlSession@43ef8728] was not registered for synchronization because synchronization is not active
JDBC Connection [HikariProxyConnection@2053177333 wrapping com.mysql.cj.jdbc.ConnectionImpl@45f49252] will not be managed by Spring
==>  Preparing: SELECT COUNT( * ) AS total FROM t_notification WHERE (user_id = ? AND is_read = ?)
==> Parameters: 1(Long), 0(Integer)
<==    Columns: total
<==        Row: 0
<==      Total: 1
Closing non transactional SqlSession [org.apache.ibatis.session.defaults.DefaultSqlSession@43ef8728]
Creating a new SqlSession
SqlSession [org.apache.ibatis.session.defaults.DefaultSqlSession@3935a917] was not registered for synchronization because synchronization is not active
JDBC Connection [HikariProxyConnection@1597225633 wrapping com.mysql.cj.jdbc.ConnectionImpl@45f49252] will not be managed by Spring
==>  Preparing: SELECT COUNT( * ) AS total FROM t_notification WHERE (user_id = ? AND is_read = ?)
==> Parameters: 1(Long), 0(Integer)
<==    Columns: total
<==        Row: 0
<==      Total: 1
Closing non transactional SqlSession [org.apache.ibatis.session.defaults.DefaultSqlSession@3935a917]
Creating a new SqlSession
SqlSession [org.apache.ibatis.session.defaults.DefaultSqlSession@497a704b] was not registered for synchronization because synchronization is not active
JDBC Connection [HikariProxyConnection@100735398 wrapping com.mysql.cj.jdbc.ConnectionImpl@73a9ea26] will not be managed by Spring
==>  Preparing: SELECT COUNT( * ) AS total FROM t_notification WHERE (user_id = ? AND is_read = ?)
==> Parameters: 1(Long), 0(Integer)
<==    Columns: total
<==        Row: 0
<==      Total: 1
Closing non transactional SqlSession [org.apache.ibatis.session.defaults.DefaultSqlSession@497a704b]
Creating a new SqlSession
SqlSession [org.apache.ibatis.session.defaults.DefaultSqlSession@4c41a7e0] was not registered for synchronization because synchronization is not active
JDBC Connection [HikariProxyConnection@1995260731 wrapping com.mysql.cj.jdbc.ConnectionImpl@45f49252] will not be managed by Spring
==>  Preparing: SELECT COUNT( * ) AS total FROM t_notification WHERE (user_id = ? AND is_read = ?)
==> Parameters: 1(Long), 0(Integer)
<==    Columns: total
<==        Row: 0
<==      Total: 1
Closing non transactional SqlSession [org.apache.ibatis.session.defaults.DefaultSqlSession@4c41a7e0]
Creating a new SqlSession
SqlSession [org.apache.ibatis.session.defaults.DefaultSqlSession@288992e3] was not registered for synchronization because synchronization is not active
JDBC Connection [HikariProxyConnection@1895677897 wrapping com.mysql.cj.jdbc.ConnectionImpl@45f49252] will not be managed by Spring
==>  Preparing: SELECT COUNT( * ) AS total FROM t_notification WHERE (user_id = ? AND is_read = ?)
==> Parameters: 1(Long), 0(Integer)
<==    Columns: total
<==        Row: 0
<==      Total: 1
Closing non transactional SqlSession [org.apache.ibatis.session.defaults.DefaultSqlSession@288992e3]
Creating a new SqlSession
SqlSession [org.apache.ibatis.session.defaults.DefaultSqlSession@720d29ff] was not registered for synchronization because synchronization is not active
JDBC Connection [HikariProxyConnection@1662846117 wrapping com.mysql.cj.jdbc.ConnectionImpl@45f49252] will not be managed by Spring
==>  Preparing: SELECT COUNT( * ) AS total FROM t_notification WHERE (user_id = ? AND is_read = ?)
==> Parameters: 1(Long), 0(Integer)
<==    Columns: total
<==        Row: 0
<==      Total: 1
Closing non transactional SqlSession [org.apache.ibatis.session.defaults.DefaultSqlSession@720d29ff]
Creating a new SqlSession
SqlSession [org.apache.ibatis.session.defaults.DefaultSqlSession@66c51a24] was not registered for synchronization because synchronization is not active
JDBC Connection [HikariProxyConnection@1436289819 wrapping com.mysql.cj.jdbc.ConnectionImpl@73a9ea26] will not be managed by Spring
==>  Preparing: SELECT COUNT( * ) AS total FROM t_notification WHERE (user_id = ? AND is_read = ?)
==> Parameters: 1(Long), 0(Integer)
<==    Columns: total
<==        Row: 0
<==      Total: 1
Closing non transactional SqlSession [org.apache.ibatis.session.defaults.DefaultSqlSession@66c51a24]
Creating a new SqlSession
SqlSession [org.apache.ibatis.session.defaults.DefaultSqlSession@377690a0] was not registered for synchronization because synchronization is not active
JDBC Connection [HikariProxyConnection@452548680 wrapping com.mysql.cj.jdbc.ConnectionImpl@73a9ea26] will not be managed by Spring
==>  Preparing: SELECT COUNT( * ) AS total FROM t_notification WHERE (user_id = ? AND is_read = ?)
==> Parameters: 1(Long), 0(Integer)
<==    Columns: total
<==        Row: 0
<==      Total: 1
Closing non transactional SqlSession [org.apache.ibatis.session.defaults.DefaultSqlSession@377690a0]
Creating a new SqlSession
SqlSession [org.apache.ibatis.session.defaults.DefaultSqlSession@33de504f] was not registered for synchronization because synchronization is not active
JDBC Connection [HikariProxyConnection@898398656 wrapping com.mysql.cj.jdbc.ConnectionImpl@73a9ea26] will not be managed by Spring
==>  Preparing: SELECT COUNT( * ) AS total FROM t_notification WHERE (user_id = ? AND is_read = ?)
==> Parameters: 1(Long), 0(Integer)
<==    Columns: total
<==        Row: 0
<==      Total: 1
Closing non transactional SqlSession [org.apache.ibatis.session.defaults.DefaultSqlSession@33de504f]
Creating a new SqlSession
SqlSession [org.apache.ibatis.session.defaults.DefaultSqlSession@24a47cbf] was not registered for synchronization because synchronization is not active
JDBC Connection [HikariProxyConnection@528475391 wrapping com.mysql.cj.jdbc.ConnectionImpl@45f49252] will not be managed by Spring
==>  Preparing: SELECT COUNT( * ) AS total FROM t_notification WHERE (user_id = ? AND is_read = ?)
==> Parameters: 1(Long), 0(Integer)
<==    Columns: total
<==        Row: 0
<==      Total: 1
Closing non transactional SqlSession [org.apache.ibatis.session.defaults.DefaultSqlSession@24a47cbf]
Creating a new SqlSession
SqlSession [org.apache.ibatis.session.defaults.DefaultSqlSession@382160df] was not registered for synchronization because synchronization is not active
JDBC Connection [HikariProxyConnection@130573876 wrapping com.mysql.cj.jdbc.ConnectionImpl@45f49252] will not be managed by Spring
==>  Preparing: SELECT COUNT( * ) AS total FROM t_notification WHERE (user_id = ? AND is_read = ?)
==> Parameters: 1(Long), 0(Integer)
<==    Columns: total
<==        Row: 0
<==      Total: 1
Closing non transactional SqlSession [org.apache.ibatis.session.defaults.DefaultSqlSession@382160df]
Creating a new SqlSession
SqlSession [org.apache.ibatis.session.defaults.DefaultSqlSession@7cfa122a] was not registered for synchronization because synchronization is not active
JDBC Connection [HikariProxyConnection@1754489267 wrapping com.mysql.cj.jdbc.ConnectionImpl@45f49252] will not be managed by Spring
==>  Preparing: SELECT COUNT( * ) AS total FROM t_notification WHERE (user_id = ? AND is_read = ?)
==> Parameters: 1(Long), 0(Integer)
<==    Columns: total
<==        Row: 0
<==      Total: 1
Closing non transactional SqlSession [org.apache.ibatis.session.defaults.DefaultSqlSession@7cfa122a]
Creating a new SqlSession
SqlSession [org.apache.ibatis.session.defaults.DefaultSqlSession@68839a19] was not registered for synchronization because synchronization is not active
JDBC Connection [HikariProxyConnection@1918977898 wrapping com.mysql.cj.jdbc.ConnectionImpl@73a9ea26] will not be managed by Spring
==>  Preparing: SELECT COUNT( * ) AS total FROM t_notification WHERE (user_id = ? AND is_read = ?)
==> Parameters: 1(Long), 0(Integer)
<==    Columns: total
<==        Row: 0
<==      Total: 1
Closing non transactional SqlSession [org.apache.ibatis.session.defaults.DefaultSqlSession@68839a19]
Creating a new SqlSession
SqlSession [org.apache.ibatis.session.defaults.DefaultSqlSession@2587bc86] was not registered for synchronization because synchronization is not active
JDBC Connection [HikariProxyConnection@1689809265 wrapping com.mysql.cj.jdbc.ConnectionImpl@45f49252] will not be managed by Spring
==>  Preparing: SELECT COUNT( * ) AS total FROM t_notification WHERE (user_id = ? AND is_read = ?)
==> Parameters: 1(Long), 0(Integer)
<==    Columns: total
<==        Row: 0
<==      Total: 1
Closing non transactional SqlSession [org.apache.ibatis.session.defaults.DefaultSqlSession@2587bc86]
Creating a new SqlSession
SqlSession [org.apache.ibatis.session.defaults.DefaultSqlSession@1f619ce2] was not registered for synchronization because synchronization is not active
JDBC Connection [HikariProxyConnection@2065374055 wrapping com.mysql.cj.jdbc.ConnectionImpl@45f49252] will not be managed by Spring
==>  Preparing: SELECT COUNT( * ) AS total FROM t_notification WHERE (user_id = ? AND is_read = ?)
==> Parameters: 1(Long), 0(Integer)
<==    Columns: total
<==        Row: 0
<==      Total: 1
Closing non transactional SqlSession [org.apache.ibatis.session.defaults.DefaultSqlSession@1f619ce2]
Creating a new SqlSession
SqlSession [org.apache.ibatis.session.defaults.DefaultSqlSession@130ae20c] was not registered for synchronization because synchronization is not active
JDBC Connection [HikariProxyConnection@148075331 wrapping com.mysql.cj.jdbc.ConnectionImpl@45f49252] will not be managed by Spring
==>  Preparing: SELECT COUNT( * ) AS total FROM t_notification WHERE (user_id = ? AND is_read = ?)
==> Parameters: 1(Long), 0(Integer)
<==    Columns: total
<==        Row: 0
<==      Total: 1
Closing non transactional SqlSession [org.apache.ibatis.session.defaults.DefaultSqlSession@130ae20c]
Creating a new SqlSession
SqlSession [org.apache.ibatis.session.defaults.DefaultSqlSession@21e7f622] was not registered for synchronization because synchronization is not active
JDBC Connection [HikariProxyConnection@1866324992 wrapping com.mysql.cj.jdbc.ConnectionImpl@73a9ea26] will not be managed by Spring
==>  Preparing: SELECT COUNT( * ) AS total FROM t_notification WHERE (user_id = ? AND is_read = ?)
==> Parameters: 1(Long), 0(Integer)
<==    Columns: total
<==        Row: 0
<==      Total: 1
Closing non transactional SqlSession [org.apache.ibatis.session.defaults.DefaultSqlSession@21e7f622]
Creating a new SqlSession
SqlSession [org.apache.ibatis.session.defaults.DefaultSqlSession@6250242c] was not registered for synchronization because synchronization is not active
JDBC Connection [HikariProxyConnection@1629506390 wrapping com.mysql.cj.jdbc.ConnectionImpl@73a9ea26] will not be managed by Spring
==>  Preparing: SELECT COUNT( * ) AS total FROM t_notification WHERE (user_id = ? AND is_read = ?)
==> Parameters: 1(Long), 0(Integer)
<==    Columns: total
<==        Row: 0
<==      Total: 1
Closing non transactional SqlSession [org.apache.ibatis.session.defaults.DefaultSqlSession@6250242c]
Creating a new SqlSession
SqlSession [org.apache.ibatis.session.defaults.DefaultSqlSession@38aa02b8] was not registered for synchronization because synchronization is not active
JDBC Connection [HikariProxyConnection@2042061258 wrapping com.mysql.cj.jdbc.ConnectionImpl@73a9ea26] will not be managed by Spring
==>  Preparing: SELECT COUNT( * ) AS total FROM t_notification WHERE (user_id = ? AND is_read = ?)
==> Parameters: 1(Long), 0(Integer)
<==    Columns: total
<==        Row: 0
<==      Total: 1
Closing non transactional SqlSession [org.apache.ibatis.session.defaults.DefaultSqlSession@38aa02b8]
Creating a new SqlSession
SqlSession [org.apache.ibatis.session.defaults.DefaultSqlSession@44334576] was not registered for synchronization because synchronization is not active
JDBC Connection [HikariProxyConnection@1140168907 wrapping com.mysql.cj.jdbc.ConnectionImpl@45f49252] will not be managed by Spring
==>  Preparing: SELECT COUNT( * ) AS total FROM t_notification WHERE (user_id = ? AND is_read = ?)
==> Parameters: 1(Long), 0(Integer)
<==    Columns: total
<==        Row: 0
<==      Total: 1
Closing non transactional SqlSession [org.apache.ibatis.session.defaults.DefaultSqlSession@44334576]
Creating a new SqlSession
SqlSession [org.apache.ibatis.session.defaults.DefaultSqlSession@71e9b17b] was not registered for synchronization because synchronization is not active
JDBC Connection [HikariProxyConnection@1115488257 wrapping com.mysql.cj.jdbc.ConnectionImpl@45f49252] will not be managed by Spring
==>  Preparing: SELECT COUNT( * ) AS total FROM t_notification WHERE (user_id = ? AND is_read = ?)
==> Parameters: 1(Long), 0(Integer)
<==    Columns: total
<==        Row: 0
<==      Total: 1
Closing non transactional SqlSession [org.apache.ibatis.session.defaults.DefaultSqlSession@71e9b17b]
Creating a new SqlSession
SqlSession [org.apache.ibatis.session.defaults.DefaultSqlSession@7de840b2] was not registered for synchronization because synchronization is not active
JDBC Connection [HikariProxyConnection@1370453607 wrapping com.mysql.cj.jdbc.ConnectionImpl@45f49252] will not be managed by Spring
==>  Preparing: SELECT COUNT( * ) AS total FROM t_notification WHERE (user_id = ? AND is_read = ?)
==> Parameters: 1(Long), 0(Integer)
<==    Columns: total
<==        Row: 0
<==      Total: 1
Closing non transactional SqlSession [org.apache.ibatis.session.defaults.DefaultSqlSession@7de840b2]
Creating a new SqlSession
SqlSession [org.apache.ibatis.session.defaults.DefaultSqlSession@4ddc6a96] was not registered for synchronization because synchronization is not active
JDBC Connection [HikariProxyConnection@972776038 wrapping com.mysql.cj.jdbc.ConnectionImpl@73a9ea26] will not be managed by Spring
==>  Preparing: SELECT COUNT(*) AS total FROM t_post WHERE status = 1 AND (status = ?)
==> Parameters: 1(Integer)
<==    Columns: total
<==        Row: 8
<==      Total: 1
==>  Preparing: SELECT id,user_id,game_id,category_id,title,content,tags,cover_image,view_count,like_count,reply_count,share_count,heat_score,is_top,is_essence,status,created_at,updated_at FROM t_post WHERE status=1 AND (status = ?) ORDER BY heat_score DESC,created_at DESC LIMIT ?
==> Parameters: 1(Integer), 10(Long)
<==    Columns: id, user_id, game_id, category_id, title, content, tags, cover_image, view_count, like_count, reply_count, share_count, heat_score, is_top, is_essence, status, created_at, updated_at
<==        Row: 6, 3, 4, 5, 黑神话DLC预测：下一站天庭？, <<BLOB>>, 黑神话,悟空,DLC,预测, null, 3207, 278, 99, 0, 120.5, 0, 0, 1, 2026-05-27 18:20:26, 2026-05-27 18:20:26
<==        Row: 2, 3, 4, 1, 黑神话：悟空 隐藏BOSS全部打法分享, <<BLOB>>, 黑神话,悟空,BOSS攻略, null, 1897, 203, 67, 0, 92.3, 0, 0, 1, 2026-05-27 18:20:26, 2026-05-27 18:20:26
<==        Row: 1, 2, 1, 1, 艾尔登法环 DLC 黄金树幽影 全地图攻略, <<BLOB>>, 艾尔登法环,攻略,DLC, null, 2344, 157, 43, 0, 85.6, 0, 0, 1, 2026-05-27 18:20:26, 2026-05-27 18:20:26
<==        Row: 3, 4, 3, 2, 博德之门3 最强Build推荐, <<BLOB>>, 博德之门3,Build,RPG, null, 1203, 89, 32, 0, 45.2, 0, 0, 1, 2026-05-27 18:20:26, 2026-05-27 18:20:26
<==        Row: 4, 5, 2, 4, 王国之泪 200小时后的感动, <<BLOB>>, 塞尔达,王国之泪,感想, null, 890, 67, 18, 0, 28.7, 0, 0, 1, 2026-05-27 18:20:26, 2026-05-27 18:20:26
<==        Row: 7, 4, 1, 2, 讨论：FromSoftware下一作会是什么题材, <<BLOB>>, FromSoftware,魂系,新作, null, 670, 34, 15, 0, 18.9, 0, 0, 1, 2026-05-27 18:20:26, 2026-05-27 18:20:26
<==        Row: 5, 2, 5, 1, 星露谷物语 新手入门指南, <<BLOB>>, 星露谷,新手,指南, null, 561, 45, 12, 0, 15.3, 0, 0, 1, 2026-05-27 18:20:26, 2026-05-27 18:20:26
<==        Row: 8, 5, 3, 3, 求助：博德之门3 影心个人任务卡住了, <<BLOB>>, 博德之门3,求助,Bug, null, 320, 12, 8, 0, 6.5, 0, 0, 1, 2026-05-27 18:20:26, 2026-05-27 18:20:26
<==      Total: 8
Closing non transactional SqlSession [org.apache.ibatis.session.defaults.DefaultSqlSession@4ddc6a96]
Creating a new SqlSession
SqlSession [org.apache.ibatis.session.defaults.DefaultSqlSession@e58c411] was not registered for synchronization because synchronization is not active
JDBC Connection [HikariProxyConnection@1817346030 wrapping com.mysql.cj.jdbc.ConnectionImpl@73a9ea26] will not be managed by Spring
==>  Preparing: SELECT id,name,code,sort_order,status,created_at,updated_at FROM t_post_category WHERE id=? AND status=1
==> Parameters: 5(Long)
<==    Columns: id, name, code, sort_order, status, created_at, updated_at
<==        Row: 5, 新闻, news, 5, 1, 2026-05-27 18:20:26, 2026-05-27 18:20:26
<==      Total: 1
Closing non transactional SqlSession [org.apache.ibatis.session.defaults.DefaultSqlSession@e58c411]
Creating a new SqlSession
SqlSession [org.apache.ibatis.session.defaults.DefaultSqlSession@307a8080] was not registered for synchronization because synchronization is not active
JDBC Connection [HikariProxyConnection@2026549970 wrapping com.mysql.cj.jdbc.ConnectionImpl@73a9ea26] will not be managed by Spring
==>  Preparing: SELECT id,username,password,nickname,avatar,bio,email,status,created_at,updated_at FROM t_user WHERE id=? AND status=1
==> Parameters: 3(Long)
<==    Columns: id, username, password, nickname, avatar, bio, email, status, created_at, updated_at
<==        Row: 3, gamer_pro, $2a$10$N.zmdr9k7uOCQb376NoUnuTJ8iAt6Z5EHsM8lE9lBOsl7iKTVKIUi, 高玩达人, null, 全平台制霸！, null, 1, 2026-05-27 18:20:26, 2026-05-27 18:20:26
<==      Total: 1
Closing non transactional SqlSession [org.apache.ibatis.session.defaults.DefaultSqlSession@307a8080]
Creating a new SqlSession
SqlSession [org.apache.ibatis.session.defaults.DefaultSqlSession@74bb7d33] was not registered for synchronization because synchronization is not active
JDBC Connection [HikariProxyConnection@270638500 wrapping com.mysql.cj.jdbc.ConnectionImpl@73a9ea26] will not be managed by Spring
==>  Preparing: SELECT id,name,code,sort_order,status,created_at,updated_at FROM t_post_category WHERE id=? AND status=1
==> Parameters: 1(Long)
<==    Columns: id, name, code, sort_order, status, created_at, updated_at
<==        Row: 1, 攻略, guide, 1, 1, 2026-05-27 18:20:26, 2026-05-27 18:20:26
<==      Total: 1
Closing non transactional SqlSession [org.apache.ibatis.session.defaults.DefaultSqlSession@74bb7d33]
Creating a new SqlSession
SqlSession [org.apache.ibatis.session.defaults.DefaultSqlSession@7af6c89f] was not registered for synchronization because synchronization is not active
JDBC Connection [HikariProxyConnection@1435197463 wrapping com.mysql.cj.jdbc.ConnectionImpl@73a9ea26] will not be managed by Spring
==>  Preparing: SELECT id,username,password,nickname,avatar,bio,email,status,created_at,updated_at FROM t_user WHERE id=? AND status=1
==> Parameters: 3(Long)
<==    Columns: id, username, password, nickname, avatar, bio, email, status, created_at, updated_at
<==        Row: 3, gamer_pro, $2a$10$N.zmdr9k7uOCQb376NoUnuTJ8iAt6Z5EHsM8lE9lBOsl7iKTVKIUi, 高玩达人, null, 全平台制霸！, null, 1, 2026-05-27 18:20:26, 2026-05-27 18:20:26
<==      Total: 1
Closing non transactional SqlSession [org.apache.ibatis.session.defaults.DefaultSqlSession@7af6c89f]
Creating a new SqlSession
SqlSession [org.apache.ibatis.session.defaults.DefaultSqlSession@73bba9a5] was not registered for synchronization because synchronization is not active
JDBC Connection [HikariProxyConnection@1061500285 wrapping com.mysql.cj.jdbc.ConnectionImpl@73a9ea26] will not be managed by Spring
==>  Preparing: SELECT id,name,code,sort_order,status,created_at,updated_at FROM t_post_category WHERE id=? AND status=1
==> Parameters: 1(Long)
<==    Columns: id, name, code, sort_order, status, created_at, updated_at
<==        Row: 1, 攻略, guide, 1, 1, 2026-05-27 18:20:26, 2026-05-27 18:20:26
<==      Total: 1
Closing non transactional SqlSession [org.apache.ibatis.session.defaults.DefaultSqlSession@73bba9a5]
Creating a new SqlSession
SqlSession [org.apache.ibatis.session.defaults.DefaultSqlSession@2057823e] was not registered for synchronization because synchronization is not active
JDBC Connection [HikariProxyConnection@244314384 wrapping com.mysql.cj.jdbc.ConnectionImpl@73a9ea26] will not be managed by Spring
==>  Preparing: SELECT id,username,password,nickname,avatar,bio,email,status,created_at,updated_at FROM t_user WHERE id=? AND status=1
==> Parameters: 2(Long)
<==    Columns: id, username, password, nickname, avatar, bio, email, status, created_at, updated_at
<==        Row: 2, player1, $2a$10$N.zmdr9k7uOCQb376NoUnuTJ8iAt6Z5EHsM8lE9lBOsl7iKTVKIUi, 玩家一号, null, 热爱游戏的普通玩家, null, 1, 2026-05-27 18:20:26, 2026-05-27 18:20:26
<==      Total: 1
Closing non transactional SqlSession [org.apache.ibatis.session.defaults.DefaultSqlSession@2057823e]
Creating a new SqlSession
SqlSession [org.apache.ibatis.session.defaults.DefaultSqlSession@2a0fbb84] was not registered for synchronization because synchronization is not active
JDBC Connection [HikariProxyConnection@919968393 wrapping com.mysql.cj.jdbc.ConnectionImpl@73a9ea26] will not be managed by Spring
==>  Preparing: SELECT id,name,code,sort_order,status,created_at,updated_at FROM t_post_category WHERE id=? AND status=1
==> Parameters: 2(Long)
<==    Columns: id, name, code, sort_order, status, created_at, updated_at
<==        Row: 2, 讨论, discuss, 2, 1, 2026-05-27 18:20:26, 2026-05-27 18:20:26
<==      Total: 1
Closing non transactional SqlSession [org.apache.ibatis.session.defaults.DefaultSqlSession@2a0fbb84]
Creating a new SqlSession
SqlSession [org.apache.ibatis.session.defaults.DefaultSqlSession@6169c56c] was not registered for synchronization because synchronization is not active
JDBC Connection [HikariProxyConnection@913146206 wrapping com.mysql.cj.jdbc.ConnectionImpl@73a9ea26] will not be managed by Spring
==>  Preparing: SELECT id,username,password,nickname,avatar,bio,email,status,created_at,updated_at FROM t_user WHERE id=? AND status=1
==> Parameters: 4(Long)
<==    Columns: id, username, password, nickname, avatar, bio, email, status, created_at, updated_at
<==        Row: 4, game_girl, $2a$10$N.zmdr9k7uOCQb376NoUnuTJ8iAt6Z5EHsM8lE9lBOsl7iKTVKIUi, 游戏少女, null, 只玩好游戏~, null, 1, 2026-05-27 18:20:26, 2026-05-27 18:20:26
<==      Total: 1
Closing non transactional SqlSession [org.apache.ibatis.session.defaults.DefaultSqlSession@6169c56c]
Creating a new SqlSession
SqlSession [org.apache.ibatis.session.defaults.DefaultSqlSession@745cc91e] was not registered for synchronization because synchronization is not active
JDBC Connection [HikariProxyConnection@1529946204 wrapping com.mysql.cj.jdbc.ConnectionImpl@73a9ea26] will not be managed by Spring
==>  Preparing: SELECT id,name,code,sort_order,status,created_at,updated_at FROM t_post_category WHERE id=? AND status=1
==> Parameters: 4(Long)
<==    Columns: id, name, code, sort_order, status, created_at, updated_at
<==        Row: 4, 分享, share, 4, 1, 2026-05-27 18:20:26, 2026-05-27 18:20:26
<==      Total: 1
Closing non transactional SqlSession [org.apache.ibatis.session.defaults.DefaultSqlSession@745cc91e]
Creating a new SqlSession
SqlSession [org.apache.ibatis.session.defaults.DefaultSqlSession@1fc2f9e8] was not registered for synchronization because synchronization is not active
JDBC Connection [HikariProxyConnection@222615351 wrapping com.mysql.cj.jdbc.ConnectionImpl@73a9ea26] will not be managed by Spring
==>  Preparing: SELECT id,username,password,nickname,avatar,bio,email,status,created_at,updated_at FROM t_user WHERE id=? AND status=1
==> Parameters: 5(Long)
<==    Columns: id, username, password, nickname, avatar, bio, email, status, created_at, updated_at
<==        Row: 5, rpg_lover, $2a$10$N.zmdr9k7uOCQb376NoUnuTJ8iAt6Z5EHsM8lE9lBOsl7iKTVKIUi, RPG爱好者, null, RPG永不毕业！, null, 1, 2026-05-27 18:20:26, 2026-05-27 18:20:26
<==      Total: 1
Closing non transactional SqlSession [org.apache.ibatis.session.defaults.DefaultSqlSession@1fc2f9e8]
Creating a new SqlSession
SqlSession [org.apache.ibatis.session.defaults.DefaultSqlSession@3f21cf77] was not registered for synchronization because synchronization is not active
JDBC Connection [HikariProxyConnection@925134018 wrapping com.mysql.cj.jdbc.ConnectionImpl@73a9ea26] will not be managed by Spring
==>  Preparing: SELECT id,name,code,sort_order,status,created_at,updated_at FROM t_post_category WHERE id=? AND status=1
==> Parameters: 2(Long)
<==    Columns: id, name, code, sort_order, status, created_at, updated_at
<==        Row: 2, 讨论, discuss, 2, 1, 2026-05-27 18:20:26, 2026-05-27 18:20:26
<==      Total: 1
Closing non transactional SqlSession [org.apache.ibatis.session.defaults.DefaultSqlSession@3f21cf77]
Creating a new SqlSession
SqlSession [org.apache.ibatis.session.defaults.DefaultSqlSession@6a09cbde] was not registered for synchronization because synchronization is not active
JDBC Connection [HikariProxyConnection@1541598111 wrapping com.mysql.cj.jdbc.ConnectionImpl@73a9ea26] will not be managed by Spring
==>  Preparing: SELECT id,username,password,nickname,avatar,bio,email,status,created_at,updated_at FROM t_user WHERE id=? AND status=1
==> Parameters: 4(Long)
<==    Columns: id, username, password, nickname, avatar, bio, email, status, created_at, updated_at
<==        Row: 4, game_girl, $2a$10$N.zmdr9k7uOCQb376NoUnuTJ8iAt6Z5EHsM8lE9lBOsl7iKTVKIUi, 游戏少女, null, 只玩好游戏~, null, 1, 2026-05-27 18:20:26, 2026-05-27 18:20:26
<==      Total: 1
Closing non transactional SqlSession [org.apache.ibatis.session.defaults.DefaultSqlSession@6a09cbde]
Creating a new SqlSession
SqlSession [org.apache.ibatis.session.defaults.DefaultSqlSession@448eeedd] was not registered for synchronization because synchronization is not active
JDBC Connection [HikariProxyConnection@1627232937 wrapping com.mysql.cj.jdbc.ConnectionImpl@73a9ea26] will not be managed by Spring
==>  Preparing: SELECT id,name,code,sort_order,status,created_at,updated_at FROM t_post_category WHERE id=? AND status=1
==> Parameters: 1(Long)
<==    Columns: id, name, code, sort_order, status, created_at, updated_at
<==        Row: 1, 攻略, guide, 1, 1, 2026-05-27 18:20:26, 2026-05-27 18:20:26
<==      Total: 1
Closing non transactional SqlSession [org.apache.ibatis.session.defaults.DefaultSqlSession@448eeedd]
Creating a new SqlSession
SqlSession [org.apache.ibatis.session.defaults.DefaultSqlSession@45204ed0] was not registered for synchronization because synchronization is not active
JDBC Connection [HikariProxyConnection@1986767023 wrapping com.mysql.cj.jdbc.ConnectionImpl@73a9ea26] will not be managed by Spring
==>  Preparing: SELECT id,username,password,nickname,avatar,bio,email,status,created_at,updated_at FROM t_user WHERE id=? AND status=1
==> Parameters: 2(Long)
<==    Columns: id, username, password, nickname, avatar, bio, email, status, created_at, updated_at
<==        Row: 2, player1, $2a$10$N.zmdr9k7uOCQb376NoUnuTJ8iAt6Z5EHsM8lE9lBOsl7iKTVKIUi, 玩家一号, null, 热爱游戏的普通玩家, null, 1, 2026-05-27 18:20:26, 2026-05-27 18:20:26
<==      Total: 1
Closing non transactional SqlSession [org.apache.ibatis.session.defaults.DefaultSqlSession@45204ed0]
Creating a new SqlSession
SqlSession [org.apache.ibatis.session.defaults.DefaultSqlSession@2fcc7e91] was not registered for synchronization because synchronization is not active
JDBC Connection [HikariProxyConnection@1750983542 wrapping com.mysql.cj.jdbc.ConnectionImpl@73a9ea26] will not be managed by Spring
==>  Preparing: SELECT id,name,code,sort_order,status,created_at,updated_at FROM t_post_category WHERE id=? AND status=1
==> Parameters: 3(Long)
<==    Columns: id, name, code, sort_order, status, created_at, updated_at
<==        Row: 3, 求助, help, 3, 1, 2026-05-27 18:20:26, 2026-05-27 18:20:26
<==      Total: 1
Closing non transactional SqlSession [org.apache.ibatis.session.defaults.DefaultSqlSession@2fcc7e91]
Creating a new SqlSession
SqlSession [org.apache.ibatis.session.defaults.DefaultSqlSession@43f723e4] was not registered for synchronization because synchronization is not active
JDBC Connection [HikariProxyConnection@260306429 wrapping com.mysql.cj.jdbc.ConnectionImpl@73a9ea26] will not be managed by Spring
==>  Preparing: SELECT id,username,password,nickname,avatar,bio,email,status,created_at,updated_at FROM t_user WHERE id=? AND status=1
==> Parameters: 5(Long)
<==    Columns: id, username, password, nickname, avatar, bio, email, status, created_at, updated_at
<==        Row: 5, rpg_lover, $2a$10$N.zmdr9k7uOCQb376NoUnuTJ8iAt6Z5EHsM8lE9lBOsl7iKTVKIUi, RPG爱好者, null, RPG永不毕业！, null, 1, 2026-05-27 18:20:26, 2026-05-27 18:20:26
<==      Total: 1
Closing non transactional SqlSession [org.apache.ibatis.session.defaults.DefaultSqlSession@43f723e4]
Creating a new SqlSession
SqlSession [org.apache.ibatis.session.defaults.DefaultSqlSession@464265fd] was not registered for synchronization because synchronization is not active
JDBC Connection [HikariProxyConnection@1589219903 wrapping com.mysql.cj.jdbc.ConnectionImpl@45f49252] will not be managed by Spring
==>  Preparing: SELECT COUNT( * ) AS total FROM t_notification WHERE (user_id = ? AND is_read = ?)
==> Parameters: 1(Long), 0(Integer)
<==    Columns: total
<==        Row: 0
<==      Total: 1
Closing non transactional SqlSession [org.apache.ibatis.session.defaults.DefaultSqlSession@464265fd]
Creating a new SqlSession
SqlSession [org.apache.ibatis.session.defaults.DefaultSqlSession@7a43caa9] was not registered for synchronization because synchronization is not active
JDBC Connection [HikariProxyConnection@1042111855 wrapping com.mysql.cj.jdbc.ConnectionImpl@45f49252] will not be managed by Spring
==>  Preparing: SELECT id,username,password,nickname,avatar,bio,email,status,created_at,updated_at FROM t_user WHERE id=? AND status=1
==> Parameters: 1(Long)
<==    Columns: id, username, password, nickname, avatar, bio, email, status, created_at, updated_at
<==        Row: 1, admin, $2a$10$N.zmdr9k7uOCQb376NoUnuTJ8iAt6Z5EHsM8lE9lBOsl7iKTVKIUi, 管理员, null, GameBox 官方管理员, null, 1, 2026-05-27 18:20:26, 2026-05-27 18:20:26
<==      Total: 1
Closing non transactional SqlSession [org.apache.ibatis.session.defaults.DefaultSqlSession@7a43caa9]
Creating a new SqlSession
SqlSession [org.apache.ibatis.session.defaults.DefaultSqlSession@2d91dd0a] was not registered for synchronization because synchronization is not active
JDBC Connection [HikariProxyConnection@1239637139 wrapping com.mysql.cj.jdbc.ConnectionImpl@45f49252] will not be managed by Spring
==>  Preparing: SELECT COUNT( * ) AS total FROM t_post WHERE status=1 AND (user_id = ? AND status = ?)
==> Parameters: 1(Long), 1(Integer)
<==    Columns: total
<==        Row: 0
<==      Total: 1
Closing non transactional SqlSession [org.apache.ibatis.session.defaults.DefaultSqlSession@2d91dd0a]
Creating a new SqlSession
SqlSession [org.apache.ibatis.session.defaults.DefaultSqlSession@b544e81] was not registered for synchronization because synchronization is not active
JDBC Connection [HikariProxyConnection@672054124 wrapping com.mysql.cj.jdbc.ConnectionImpl@45f49252] will not be managed by Spring
==>  Preparing: SELECT COUNT( * ) AS total FROM t_follow WHERE (follower_id = ?)
==> Parameters: 1(Long)
<==    Columns: total
<==        Row: 0
<==      Total: 1
Closing non transactional SqlSession [org.apache.ibatis.session.defaults.DefaultSqlSession@b544e81]
Creating a new SqlSession
SqlSession [org.apache.ibatis.session.defaults.DefaultSqlSession@6abdaa1a] was not registered for synchronization because synchronization is not active
JDBC Connection [HikariProxyConnection@1127534986 wrapping com.mysql.cj.jdbc.ConnectionImpl@45f49252] will not be managed by Spring
==>  Preparing: SELECT COUNT( * ) AS total FROM t_follow WHERE (followee_id = ?)
==> Parameters: 1(Long)
<==    Columns: total
<==        Row: 0
<==      Total: 1
Closing non transactional SqlSession [org.apache.ibatis.session.defaults.DefaultSqlSession@6abdaa1a]
Creating a new SqlSession
SqlSession [org.apache.ibatis.session.defaults.DefaultSqlSession@36a74a1b] was not registered for synchronization because synchronization is not active
JDBC Connection [HikariProxyConnection@827186095 wrapping com.mysql.cj.jdbc.ConnectionImpl@45f49252] will not be managed by Spring
==>  Preparing: SELECT id,user_id,game_id,category_id,title,content,tags,cover_image,view_count,like_count,reply_count,share_count,heat_score,is_top,is_essence,status,created_at,updated_at FROM t_post WHERE status=1 AND (user_id = ? AND status = ?)
==> Parameters: 1(Long), 1(Integer)
<==      Total: 0
Closing non transactional SqlSession [org.apache.ibatis.session.defaults.DefaultSqlSession@36a74a1b]
Creating a new SqlSession
SqlSession [org.apache.ibatis.session.defaults.DefaultSqlSession@79f2076c] was not registered for synchronization because synchronization is not active
Creating a new SqlSession
SqlSession [org.apache.ibatis.session.defaults.DefaultSqlSession@36d8b1f] was not registered for synchronization because synchronization is not active
JDBC Connection [HikariProxyConnection@1627373082 wrapping com.mysql.cj.jdbc.ConnectionImpl@45f49252] will not be managed by Spring
JDBC Connection [HikariProxyConnection@1740286102 wrapping com.mysql.cj.jdbc.ConnectionImpl@73a9ea26] will not be managed by Spring
==>  Preparing: SELECT COUNT( * ) AS total FROM t_notification WHERE (user_id = ? AND is_read = ?)
==>  Preparing: SELECT COUNT(*) AS total FROM t_game WHERE status = 1 AND (is_recommend = ? AND status = ?)
==> Parameters: 1(Long), 0(Integer)
==> Parameters: 1(Integer), 1(Integer)
<==    Columns: total
<==        Row: 5
<==    Columns: total
<==      Total: 1
<==        Row: 0
<==      Total: 1
Closing non transactional SqlSession [org.apache.ibatis.session.defaults.DefaultSqlSession@36d8b1f]
==>  Preparing: SELECT id,name,cover,description,developer,publisher,release_date,platform,tags,rating,rating_count,is_recommend,status,created_at,updated_at FROM t_game WHERE status=1 AND (is_recommend = ? AND status = ?) ORDER BY rating DESC LIMIT ?
==> Parameters: 1(Integer), 1(Integer), 6(Long)
Creating a new SqlSession
SqlSession [org.apache.ibatis.session.defaults.DefaultSqlSession@233235c8] was not registered for synchronization because synchronization is not active
<==    Columns: id, name, cover, description, developer, publisher, release_date, platform, tags, rating, rating_count, is_recommend, status, created_at, updated_at
<==        Row: 2, 塞尔达传说：王国之泪, https://upload.wikimedia.org/wikipedia/en/f/fb/The_Legend_of_Zelda_Tears_of_the_Kingdom_cover.jpg, <<BLOB>>, 任天堂, 任天堂, 2023-05-12, Switch, 开放世界,冒险,解谜, 9.80, 980, 1, 1, 2026-05-27 18:20:26, 2026-05-27 18:20:26
<==        Row: 3, 博德之门3, https://cdn.cloudflare.steamstatic.com/steam/apps/1086940/library_600x900.jpg, <<BLOB>>, Larian Studios, Larian Studios, 2023-08-03, PC,PS5, RPG,回合制,奇幻, 9.60, 850, 1, 1, 2026-05-27 18:20:26, 2026-05-27 18:20:26
<==        Row: 1, 艾尔登法环, https://cdn.cloudflare.steamstatic.com/steam/apps/1245620/library_600x900.jpg, <<BLOB>>, FromSoftware, Bandai Namco, 2022-02-25, PC,PS5,Xbox, 魂系,开放世界,RPG, 9.50, 1200, 1, 1, 2026-05-27 18:20:26, 2026-05-27 18:20:26
<==        Row: 5, 星露谷物语, https://cdn.cloudflare.steamstatic.com/steam/apps/413150/library_600x900.jpg, <<BLOB>>, ConcernedApe, ConcernedApe, 2016-02-27, PC,Switch,PS5,Xbox, 模拟经营,像素,休闲, 9.30, 760, 1, 1, 2026-05-27 18:20:26, 2026-05-27 18:20:26
<==        Row: 4, 黑神话：悟空, https://cdn.cloudflare.steamstatic.com/steam/apps/2358720/library_600x900.jpg, <<BLOB>>, 游戏科学, 游戏科学, 2024-08-20, PC,PS5, 动作,RPG,神话, 9.20, 2100, 1, 1, 2026-05-27 18:20:26, 2026-05-27 18:20:26
<==      Total: 5
Closing non transactional SqlSession [org.apache.ibatis.session.defaults.DefaultSqlSession@79f2076c]
JDBC Connection [HikariProxyConnection@1264930004 wrapping com.mysql.cj.jdbc.ConnectionImpl@73a9ea26] will not be managed by Spring
==>  Preparing: SELECT COUNT(*) AS total FROM t_post WHERE status = 1 AND (status = ?)
==> Parameters: 1(Integer)
<==    Columns: total
<==        Row: 8
<==      Total: 1
==>  Preparing: SELECT id,user_id,game_id,category_id,title,content,tags,cover_image,view_count,like_count,reply_count,share_count,heat_score,is_top,is_essence,status,created_at,updated_at FROM t_post WHERE status=1 AND (status = ?) ORDER BY heat_score DESC,created_at DESC LIMIT ?
==> Parameters: 1(Integer), 10(Long)
<==    Columns: id, user_id, game_id, category_id, title, content, tags, cover_image, view_count, like_count, reply_count, share_count, heat_score, is_top, is_essence, status, created_at, updated_at
<==        Row: 6, 3, 4, 5, 黑神话DLC预测：下一站天庭？, <<BLOB>>, 黑神话,悟空,DLC,预测, null, 3207, 278, 99, 0, 120.5, 0, 0, 1, 2026-05-27 18:20:26, 2026-05-27 18:20:26
Creating a new SqlSession
<==        Row: 2, 3, 4, 1, 黑神话：悟空 隐藏BOSS全部打法分享, <<BLOB>>, 黑神话,悟空,BOSS攻略, null, 1897, 203, 67, 0, 92.3, 0, 0, 1, 2026-05-27 18:20:26, 2026-05-27 18:20:26
SqlSession [org.apache.ibatis.session.defaults.DefaultSqlSession@2e76caf9] was not registered for synchronization because synchronization is not active
<==        Row: 1, 2, 1, 1, 艾尔登法环 DLC 黄金树幽影 全地图攻略, <<BLOB>>, 艾尔登法环,攻略,DLC, null, 2344, 157, 43, 0, 85.6, 0, 0, 1, 2026-05-27 18:20:26, 2026-05-27 18:20:26
<==        Row: 3, 4, 3, 2, 博德之门3 最强Build推荐, <<BLOB>>, 博德之门3,Build,RPG, null, 1203, 89, 32, 0, 45.2, 0, 0, 1, 2026-05-27 18:20:26, 2026-05-27 18:20:26
<==        Row: 4, 5, 2, 4, 王国之泪 200小时后的感动, <<BLOB>>, 塞尔达,王国之泪,感想, null, 890, 67, 18, 0, 28.7, 0, 0, 1, 2026-05-27 18:20:26, 2026-05-27 18:20:26
<==        Row: 7, 4, 1, 2, 讨论：FromSoftware下一作会是什么题材, <<BLOB>>, FromSoftware,魂系,新作, null, 670, 34, 15, 0, 18.9, 0, 0, 1, 2026-05-27 18:20:26, 2026-05-27 18:20:26
<==        Row: 5, 2, 5, 1, 星露谷物语 新手入门指南, <<BLOB>>, 星露谷,新手,指南, null, 561, 45, 12, 0, 15.3, 0, 0, 1, 2026-05-27 18:20:26, 2026-05-27 18:20:26
<==        Row: 8, 5, 3, 3, 求助：博德之门3 影心个人任务卡住了, <<BLOB>>, 博德之门3,求助,Bug, null, 320, 12, 8, 0, 6.5, 0, 0, 1, 2026-05-27 18:20:26, 2026-05-27 18:20:26
<==      Total: 8
Closing non transactional SqlSession [org.apache.ibatis.session.defaults.DefaultSqlSession@233235c8]
Creating a new SqlSession
SqlSession [org.apache.ibatis.session.defaults.DefaultSqlSession@e8c5671] was not registered for synchronization because synchronization is not active
JDBC Connection [HikariProxyConnection@1869527192 wrapping com.mysql.cj.jdbc.ConnectionImpl@73a9ea26] will not be managed by Spring
==>  Preparing: SELECT id,name,code,sort_order,status,created_at,updated_at FROM t_post_category WHERE id=? AND status=1
==> Parameters: 5(Long)
JDBC Connection [HikariProxyConnection@1882202804 wrapping com.mysql.cj.jdbc.ConnectionImpl@45f49252] will not be managed by Spring
<==    Columns: id, name, code, sort_order, status, created_at, updated_at
==>  Preparing: SELECT COUNT(*) AS total FROM t_game WHERE status = 1 AND (is_recommend = ? AND status = ?)
<==        Row: 5, 新闻, news, 5, 1, 2026-05-27 18:20:26, 2026-05-27 18:20:26
==> Parameters: 1(Integer), 1(Integer)
<==      Total: 1
Closing non transactional SqlSession [org.apache.ibatis.session.defaults.DefaultSqlSession@e8c5671]
Creating a new SqlSession
SqlSession [org.apache.ibatis.session.defaults.DefaultSqlSession@392c8ecf] was not registered for synchronization because synchronization is not active
JDBC Connection [HikariProxyConnection@1434413125 wrapping com.mysql.cj.jdbc.ConnectionImpl@73a9ea26] will not be managed by Spring
==>  Preparing: SELECT id,username,password,nickname,avatar,bio,email,status,created_at,updated_at FROM t_user WHERE id=? AND status=1
<==    Columns: total
<==        Row: 5
==> Parameters: 3(Long)
<==      Total: 1
==>  Preparing: SELECT id,name,cover,description,developer,publisher,release_date,platform,tags,rating,rating_count,is_recommend,status,created_at,updated_at FROM t_game WHERE status=1 AND (is_recommend = ? AND status = ?) ORDER BY rating DESC LIMIT ?
==> Parameters: 1(Integer), 1(Integer), 6(Long)
<==    Columns: id, username, password, nickname, avatar, bio, email, status, created_at, updated_at
<==        Row: 3, gamer_pro, $2a$10$N.zmdr9k7uOCQb376NoUnuTJ8iAt6Z5EHsM8lE9lBOsl7iKTVKIUi, 高玩达人, null, 全平台制霸！, null, 1, 2026-05-27 18:20:26, 2026-05-27 18:20:26
<==      Total: 1
Closing non transactional SqlSession [org.apache.ibatis.session.defaults.DefaultSqlSession@392c8ecf]
Creating a new SqlSession
<==    Columns: id, name, cover, description, developer, publisher, release_date, platform, tags, rating, rating_count, is_recommend, status, created_at, updated_at
SqlSession [org.apache.ibatis.session.defaults.DefaultSqlSession@7735e79c] was not registered for synchronization because synchronization is not active
<==        Row: 2, 塞尔达传说：王国之泪, https://upload.wikimedia.org/wikipedia/en/f/fb/The_Legend_of_Zelda_Tears_of_the_Kingdom_cover.jpg, <<BLOB>>, 任天堂, 任天堂, 2023-05-12, Switch, 开放世界,冒险,解谜, 9.80, 980, 1, 1, 2026-05-27 18:20:26, 2026-05-27 18:20:26
JDBC Connection [HikariProxyConnection@707937603 wrapping com.mysql.cj.jdbc.ConnectionImpl@73a9ea26] will not be managed by Spring
==>  Preparing: SELECT id,name,code,sort_order,status,created_at,updated_at FROM t_post_category WHERE id=? AND status=1
==> Parameters: 1(Long)
<==        Row: 3, 博德之门3, https://cdn.cloudflare.steamstatic.com/steam/apps/1086940/library_600x900.jpg, <<BLOB>>, Larian Studios, Larian Studios, 2023-08-03, PC,PS5, RPG,回合制,奇幻, 9.60, 850, 1, 1, 2026-05-27 18:20:26, 2026-05-27 18:20:26
<==        Row: 1, 艾尔登法环, https://cdn.cloudflare.steamstatic.com/steam/apps/1245620/library_600x900.jpg, <<BLOB>>, FromSoftware, Bandai Namco, 2022-02-25, PC,PS5,Xbox, 魂系,开放世界,RPG, 9.50, 1200, 1, 1, 2026-05-27 18:20:26, 2026-05-27 18:20:26
<==    Columns: id, name, code, sort_order, status, created_at, updated_at
<==        Row: 5, 星露谷物语, https://cdn.cloudflare.steamstatic.com/steam/apps/413150/library_600x900.jpg, <<BLOB>>, ConcernedApe, ConcernedApe, 2016-02-27, PC,Switch,PS5,Xbox, 模拟经营,像素,休闲, 9.30, 760, 1, 1, 2026-05-27 18:20:26, 2026-05-27 18:20:26
<==        Row: 1, 攻略, guide, 1, 1, 2026-05-27 18:20:26, 2026-05-27 18:20:26
<==        Row: 4, 黑神话：悟空, https://cdn.cloudflare.steamstatic.com/steam/apps/2358720/library_600x900.jpg, <<BLOB>>, 游戏科学, 游戏科学, 2024-08-20, PC,PS5, 动作,RPG,神话, 9.20, 2100, 1, 1, 2026-05-27 18:20:26, 2026-05-27 18:20:26
<==      Total: 1
<==      Total: 5
Closing non transactional SqlSession [org.apache.ibatis.session.defaults.DefaultSqlSession@7735e79c]
Closing non transactional SqlSession [org.apache.ibatis.session.defaults.DefaultSqlSession@2e76caf9]
Creating a new SqlSession
SqlSession [org.apache.ibatis.session.defaults.DefaultSqlSession@36dc027e] was not registered for synchronization because synchronization is not active
JDBC Connection [HikariProxyConnection@1846348350 wrapping com.mysql.cj.jdbc.ConnectionImpl@73a9ea26] will not be managed by Spring
==>  Preparing: SELECT id,username,password,nickname,avatar,bio,email,status,created_at,updated_at FROM t_user WHERE id=? AND status=1
==> Parameters: 3(Long)
<==    Columns: id, username, password, nickname, avatar, bio, email, status, created_at, updated_at
<==        Row: 3, gamer_pro, $2a$10$N.zmdr9k7uOCQb376NoUnuTJ8iAt6Z5EHsM8lE9lBOsl7iKTVKIUi, 高玩达人, null, 全平台制霸！, null, 1, 2026-05-27 18:20:26, 2026-05-27 18:20:26
<==      Total: 1
Closing non transactional SqlSession [org.apache.ibatis.session.defaults.DefaultSqlSession@36dc027e]
Creating a new SqlSession
SqlSession [org.apache.ibatis.session.defaults.DefaultSqlSession@5b692c09] was not registered for synchronization because synchronization is not active
JDBC Connection [HikariProxyConnection@225446632 wrapping com.mysql.cj.jdbc.ConnectionImpl@73a9ea26] will not be managed by Spring
==>  Preparing: SELECT id,name,code,sort_order,status,created_at,updated_at FROM t_post_category WHERE id=? AND status=1
==> Parameters: 1(Long)
<==    Columns: id, name, code, sort_order, status, created_at, updated_at
<==        Row: 1, 攻略, guide, 1, 1, 2026-05-27 18:20:26, 2026-05-27 18:20:26
<==      Total: 1
Closing non transactional SqlSession [org.apache.ibatis.session.defaults.DefaultSqlSession@5b692c09]
Creating a new SqlSession
SqlSession [org.apache.ibatis.session.defaults.DefaultSqlSession@37acdc4c] was not registered for synchronization because synchronization is not active
JDBC Connection [HikariProxyConnection@624404436 wrapping com.mysql.cj.jdbc.ConnectionImpl@73a9ea26] will not be managed by Spring
==>  Preparing: SELECT id,username,password,nickname,avatar,bio,email,status,created_at,updated_at FROM t_user WHERE id=? AND status=1
==> Parameters: 2(Long)
<==    Columns: id, username, password, nickname, avatar, bio, email, status, created_at, updated_at
<==        Row: 2, player1, $2a$10$N.zmdr9k7uOCQb376NoUnuTJ8iAt6Z5EHsM8lE9lBOsl7iKTVKIUi, 玩家一号, null, 热爱游戏的普通玩家, null, 1, 2026-05-27 18:20:26, 2026-05-27 18:20:26
<==      Total: 1
Closing non transactional SqlSession [org.apache.ibatis.session.defaults.DefaultSqlSession@37acdc4c]
Creating a new SqlSession
SqlSession [org.apache.ibatis.session.defaults.DefaultSqlSession@7685a0fc] was not registered for synchronization because synchronization is not active
JDBC Connection [HikariProxyConnection@656039132 wrapping com.mysql.cj.jdbc.ConnectionImpl@73a9ea26] will not be managed by Spring
==>  Preparing: SELECT id,name,code,sort_order,status,created_at,updated_at FROM t_post_category WHERE id=? AND status=1
==> Parameters: 2(Long)
<==    Columns: id, name, code, sort_order, status, created_at, updated_at
<==        Row: 2, 讨论, discuss, 2, 1, 2026-05-27 18:20:26, 2026-05-27 18:20:26
<==      Total: 1
Closing non transactional SqlSession [org.apache.ibatis.session.defaults.DefaultSqlSession@7685a0fc]
Creating a new SqlSession
SqlSession [org.apache.ibatis.session.defaults.DefaultSqlSession@7926e483] was not registered for synchronization because synchronization is not active
JDBC Connection [HikariProxyConnection@587147547 wrapping com.mysql.cj.jdbc.ConnectionImpl@73a9ea26] will not be managed by Spring
==>  Preparing: SELECT id,username,password,nickname,avatar,bio,email,status,created_at,updated_at FROM t_user WHERE id=? AND status=1
==> Parameters: 4(Long)
<==    Columns: id, username, password, nickname, avatar, bio, email, status, created_at, updated_at
<==        Row: 4, game_girl, $2a$10$N.zmdr9k7uOCQb376NoUnuTJ8iAt6Z5EHsM8lE9lBOsl7iKTVKIUi, 游戏少女, null, 只玩好游戏~, null, 1, 2026-05-27 18:20:26, 2026-05-27 18:20:26
<==      Total: 1
Closing non transactional SqlSession [org.apache.ibatis.session.defaults.DefaultSqlSession@7926e483]
Creating a new SqlSession
SqlSession [org.apache.ibatis.session.defaults.DefaultSqlSession@32affd00] was not registered for synchronization because synchronization is not active
JDBC Connection [HikariProxyConnection@2095252778 wrapping com.mysql.cj.jdbc.ConnectionImpl@73a9ea26] will not be managed by Spring
==>  Preparing: SELECT id,name,code,sort_order,status,created_at,updated_at FROM t_post_category WHERE id=? AND status=1
==> Parameters: 4(Long)
<==    Columns: id, name, code, sort_order, status, created_at, updated_at
<==        Row: 4, 分享, share, 4, 1, 2026-05-27 18:20:26, 2026-05-27 18:20:26
<==      Total: 1
Closing non transactional SqlSession [org.apache.ibatis.session.defaults.DefaultSqlSession@32affd00]
Creating a new SqlSession
SqlSession [org.apache.ibatis.session.defaults.DefaultSqlSession@43740ac4] was not registered for synchronization because synchronization is not active
JDBC Connection [HikariProxyConnection@243185751 wrapping com.mysql.cj.jdbc.ConnectionImpl@73a9ea26] will not be managed by Spring
==>  Preparing: SELECT id,username,password,nickname,avatar,bio,email,status,created_at,updated_at FROM t_user WHERE id=? AND status=1
==> Parameters: 5(Long)
<==    Columns: id, username, password, nickname, avatar, bio, email, status, created_at, updated_at
<==        Row: 5, rpg_lover, $2a$10$N.zmdr9k7uOCQb376NoUnuTJ8iAt6Z5EHsM8lE9lBOsl7iKTVKIUi, RPG爱好者, null, RPG永不毕业！, null, 1, 2026-05-27 18:20:26, 2026-05-27 18:20:26
<==      Total: 1
Closing non transactional SqlSession [org.apache.ibatis.session.defaults.DefaultSqlSession@43740ac4]
Creating a new SqlSession
SqlSession [org.apache.ibatis.session.defaults.DefaultSqlSession@37e06a4d] was not registered for synchronization because synchronization is not active
JDBC Connection [HikariProxyConnection@1411478623 wrapping com.mysql.cj.jdbc.ConnectionImpl@73a9ea26] will not be managed by Spring
==>  Preparing: SELECT id,name,code,sort_order,status,created_at,updated_at FROM t_post_category WHERE id=? AND status=1
==> Parameters: 2(Long)
<==    Columns: id, name, code, sort_order, status, created_at, updated_at
<==        Row: 2, 讨论, discuss, 2, 1, 2026-05-27 18:20:26, 2026-05-27 18:20:26
<==      Total: 1
Closing non transactional SqlSession [org.apache.ibatis.session.defaults.DefaultSqlSession@37e06a4d]
Creating a new SqlSession
SqlSession [org.apache.ibatis.session.defaults.DefaultSqlSession@446a2e99] was not registered for synchronization because synchronization is not active
JDBC Connection [HikariProxyConnection@1886164571 wrapping com.mysql.cj.jdbc.ConnectionImpl@73a9ea26] will not be managed by Spring
==>  Preparing: SELECT id,username,password,nickname,avatar,bio,email,status,created_at,updated_at FROM t_user WHERE id=? AND status=1
==> Parameters: 4(Long)
<==    Columns: id, username, password, nickname, avatar, bio, email, status, created_at, updated_at
<==        Row: 4, game_girl, $2a$10$N.zmdr9k7uOCQb376NoUnuTJ8iAt6Z5EHsM8lE9lBOsl7iKTVKIUi, 游戏少女, null, 只玩好游戏~, null, 1, 2026-05-27 18:20:26, 2026-05-27 18:20:26
<==      Total: 1
Closing non transactional SqlSession [org.apache.ibatis.session.defaults.DefaultSqlSession@446a2e99]
Creating a new SqlSession
SqlSession [org.apache.ibatis.session.defaults.DefaultSqlSession@365b425d] was not registered for synchronization because synchronization is not active
JDBC Connection [HikariProxyConnection@592493801 wrapping com.mysql.cj.jdbc.ConnectionImpl@73a9ea26] will not be managed by Spring
==>  Preparing: SELECT id,name,code,sort_order,status,created_at,updated_at FROM t_post_category WHERE id=? AND status=1
==> Parameters: 1(Long)
<==    Columns: id, name, code, sort_order, status, created_at, updated_at
<==        Row: 1, 攻略, guide, 1, 1, 2026-05-27 18:20:26, 2026-05-27 18:20:26
<==      Total: 1
Closing non transactional SqlSession [org.apache.ibatis.session.defaults.DefaultSqlSession@365b425d]
Creating a new SqlSession
SqlSession [org.apache.ibatis.session.defaults.DefaultSqlSession@1cbd1d5f] was not registered for synchronization because synchronization is not active
JDBC Connection [HikariProxyConnection@1880681791 wrapping com.mysql.cj.jdbc.ConnectionImpl@73a9ea26] will not be managed by Spring
==>  Preparing: SELECT id,username,password,nickname,avatar,bio,email,status,created_at,updated_at FROM t_user WHERE id=? AND status=1
==> Parameters: 2(Long)
<==    Columns: id, username, password, nickname, avatar, bio, email, status, created_at, updated_at
<==        Row: 2, player1, $2a$10$N.zmdr9k7uOCQb376NoUnuTJ8iAt6Z5EHsM8lE9lBOsl7iKTVKIUi, 玩家一号, null, 热爱游戏的普通玩家, null, 1, 2026-05-27 18:20:26, 2026-05-27 18:20:26
<==      Total: 1
Closing non transactional SqlSession [org.apache.ibatis.session.defaults.DefaultSqlSession@1cbd1d5f]
Creating a new SqlSession
SqlSession [org.apache.ibatis.session.defaults.DefaultSqlSession@30317cee] was not registered for synchronization because synchronization is not active
JDBC Connection [HikariProxyConnection@1142085714 wrapping com.mysql.cj.jdbc.ConnectionImpl@73a9ea26] will not be managed by Spring
==>  Preparing: SELECT id,name,code,sort_order,status,created_at,updated_at FROM t_post_category WHERE id=? AND status=1
==> Parameters: 3(Long)
<==    Columns: id, name, code, sort_order, status, created_at, updated_at
<==        Row: 3, 求助, help, 3, 1, 2026-05-27 18:20:26, 2026-05-27 18:20:26
<==      Total: 1
Closing non transactional SqlSession [org.apache.ibatis.session.defaults.DefaultSqlSession@30317cee]
Creating a new SqlSession
SqlSession [org.apache.ibatis.session.defaults.DefaultSqlSession@68470a09] was not registered for synchronization because synchronization is not active
JDBC Connection [HikariProxyConnection@1403702755 wrapping com.mysql.cj.jdbc.ConnectionImpl@73a9ea26] will not be managed by Spring
==>  Preparing: SELECT id,username,password,nickname,avatar,bio,email,status,created_at,updated_at FROM t_user WHERE id=? AND status=1
==> Parameters: 5(Long)
<==    Columns: id, username, password, nickname, avatar, bio, email, status, created_at, updated_at
<==        Row: 5, rpg_lover, $2a$10$N.zmdr9k7uOCQb376NoUnuTJ8iAt6Z5EHsM8lE9lBOsl7iKTVKIUi, RPG爱好者, null, RPG永不毕业！, null, 1, 2026-05-27 18:20:26, 2026-05-27 18:20:26
<==      Total: 1
Closing non transactional SqlSession [org.apache.ibatis.session.defaults.DefaultSqlSession@68470a09]
Creating a new SqlSession
SqlSession [org.apache.ibatis.session.defaults.DefaultSqlSession@3123d55a] was not registered for synchronization because synchronization is not active
JDBC Connection [HikariProxyConnection@242351644 wrapping com.mysql.cj.jdbc.ConnectionImpl@45f49252] will not be managed by Spring
==>  Preparing: SELECT id,username,password,nickname,avatar,bio,email,status,created_at,updated_at FROM t_user WHERE id=? AND status=1
==> Parameters: 1(Long)
<==    Columns: id, username, password, nickname, avatar, bio, email, status, created_at, updated_at
<==        Row: 1, admin, $2a$10$N.zmdr9k7uOCQb376NoUnuTJ8iAt6Z5EHsM8lE9lBOsl7iKTVKIUi, 管理员, null, GameBox 官方管理员, null, 1, 2026-05-27 18:20:26, 2026-05-27 18:20:26
<==      Total: 1
Closing non transactional SqlSession [org.apache.ibatis.session.defaults.DefaultSqlSession@3123d55a]
Creating a new SqlSession
SqlSession [org.apache.ibatis.session.defaults.DefaultSqlSession@166f68b0] was not registered for synchronization because synchronization is not active
JDBC Connection [HikariProxyConnection@961144354 wrapping com.mysql.cj.jdbc.ConnectionImpl@45f49252] will not be managed by Spring
==>  Preparing: SELECT COUNT( * ) AS total FROM t_post WHERE status=1 AND (user_id = ? AND status = ?)
==> Parameters: 1(Long), 1(Integer)
<==    Columns: total
<==        Row: 0
<==      Total: 1
Closing non transactional SqlSession [org.apache.ibatis.session.defaults.DefaultSqlSession@166f68b0]
Creating a new SqlSession
SqlSession [org.apache.ibatis.session.defaults.DefaultSqlSession@2178b48e] was not registered for synchronization because synchronization is not active
JDBC Connection [HikariProxyConnection@1279222521 wrapping com.mysql.cj.jdbc.ConnectionImpl@45f49252] will not be managed by Spring
==>  Preparing: SELECT COUNT( * ) AS total FROM t_follow WHERE (follower_id = ?)
==> Parameters: 1(Long)
<==    Columns: total
<==        Row: 0
<==      Total: 1
Closing non transactional SqlSession [org.apache.ibatis.session.defaults.DefaultSqlSession@2178b48e]
Creating a new SqlSession
SqlSession [org.apache.ibatis.session.defaults.DefaultSqlSession@49fbedd3] was not registered for synchronization because synchronization is not active
JDBC Connection [HikariProxyConnection@759430310 wrapping com.mysql.cj.jdbc.ConnectionImpl@45f49252] will not be managed by Spring
==>  Preparing: SELECT COUNT( * ) AS total FROM t_follow WHERE (followee_id = ?)
==> Parameters: 1(Long)
<==    Columns: total
<==        Row: 0
<==      Total: 1
Closing non transactional SqlSession [org.apache.ibatis.session.defaults.DefaultSqlSession@49fbedd3]
Creating a new SqlSession
SqlSession [org.apache.ibatis.session.defaults.DefaultSqlSession@2ff5c119] was not registered for synchronization because synchronization is not active
JDBC Connection [HikariProxyConnection@972436545 wrapping com.mysql.cj.jdbc.ConnectionImpl@45f49252] will not be managed by Spring
==>  Preparing: SELECT id,user_id,game_id,category_id,title,content,tags,cover_image,view_count,like_count,reply_count,share_count,heat_score,is_top,is_essence,status,created_at,updated_at FROM t_post WHERE status=1 AND (user_id = ? AND status = ?)
==> Parameters: 1(Long), 1(Integer)
<==      Total: 0
Closing non transactional SqlSession [org.apache.ibatis.session.defaults.DefaultSqlSession@2ff5c119]
Creating a new SqlSession
SqlSession [org.apache.ibatis.session.defaults.DefaultSqlSession@7b3dd1e5] was not registered for synchronization because synchronization is not active
JDBC Connection [HikariProxyConnection@1653507430 wrapping com.mysql.cj.jdbc.ConnectionImpl@45f49252] will not be managed by Spring
==>  Preparing: SELECT COUNT( * ) AS total FROM t_follow WHERE (follower_id = ? AND followee_id = ?)
==> Parameters: 1(Long), 1(Long)
<==    Columns: total
<==        Row: 0
<==      Total: 1
Closing non transactional SqlSession [org.apache.ibatis.session.defaults.DefaultSqlSession@7b3dd1e5]
Creating a new SqlSession
SqlSession [org.apache.ibatis.session.defaults.DefaultSqlSession@55b06952] was not registered for synchronization because synchronization is not active
JDBC Connection [HikariProxyConnection@1769611617 wrapping com.mysql.cj.jdbc.ConnectionImpl@45f49252] will not be managed by Spring
==>  Preparing: SELECT COUNT(*) AS total FROM t_post WHERE status = 1 AND (user_id = ? AND status = ?)
==> Parameters: 1(Long), 1(Integer)
<==    Columns: total
<==        Row: 0
<==      Total: 1
Closing non transactional SqlSession [org.apache.ibatis.session.defaults.DefaultSqlSession@55b06952]
Creating a new SqlSession
SqlSession [org.apache.ibatis.session.defaults.DefaultSqlSession@7fdaa041] was not registered for synchronization because synchronization is not active
JDBC Connection [HikariProxyConnection@750589883 wrapping com.mysql.cj.jdbc.ConnectionImpl@45f49252] will not be managed by Spring
==>  Preparing: SELECT COUNT(*) AS total FROM t_favorite WHERE (user_id = ?)
==> Parameters: 1(Long)
<==    Columns: total
<==        Row: 0
<==      Total: 1
Closing non transactional SqlSession [org.apache.ibatis.session.defaults.DefaultSqlSession@7fdaa041]
Creating a new SqlSession
SqlSession [org.apache.ibatis.session.defaults.DefaultSqlSession@1cb3f41] was not registered for synchronization because synchronization is not active
JDBC Connection [HikariProxyConnection@1389603224 wrapping com.mysql.cj.jdbc.ConnectionImpl@73a9ea26] will not be managed by Spring
==>  Preparing: SELECT COUNT(*) AS total FROM t_follow WHERE (follower_id = ?)
==> Parameters: 1(Long)
<==    Columns: total
<==        Row: 0
<==      Total: 1
Closing non transactional SqlSession [org.apache.ibatis.session.defaults.DefaultSqlSession@1cb3f41]
Creating a new SqlSession
SqlSession [org.apache.ibatis.session.defaults.DefaultSqlSession@7ca878d] was not registered for synchronization because synchronization is not active
JDBC Connection [HikariProxyConnection@42633026 wrapping com.mysql.cj.jdbc.ConnectionImpl@73a9ea26] will not be managed by Spring
==>  Preparing: SELECT COUNT(*) AS total FROM t_follow WHERE (followee_id = ?)
==> Parameters: 1(Long)
<==    Columns: total
<==        Row: 0
<==      Total: 1
Closing non transactional SqlSession [org.apache.ibatis.session.defaults.DefaultSqlSession@7ca878d]
Creating a new SqlSession
SqlSession [org.apache.ibatis.session.defaults.DefaultSqlSession@293638dd] was not registered for synchronization because synchronization is not active
JDBC Connection [HikariProxyConnection@359147241 wrapping com.mysql.cj.jdbc.ConnectionImpl@45f49252] will not be managed by Spring
==>  Preparing: SELECT id,username,password,nickname,avatar,bio,email,status,created_at,updated_at FROM t_user WHERE id=? AND status=1
==> Parameters: 1(Long)
<==    Columns: id, username, password, nickname, avatar, bio, email, status, created_at, updated_at
<==        Row: 1, admin, $2a$10$N.zmdr9k7uOCQb376NoUnuTJ8iAt6Z5EHsM8lE9lBOsl7iKTVKIUi, 管理员, null, GameBox 官方管理员, null, 1, 2026-05-27 18:20:26, 2026-05-27 18:20:26
<==      Total: 1
Closing non transactional SqlSession [org.apache.ibatis.session.defaults.DefaultSqlSession@293638dd]
Creating a new SqlSession
SqlSession [org.apache.ibatis.session.defaults.DefaultSqlSession@3845ecd1] was not registered for synchronization because synchronization is not active
JDBC Connection [HikariProxyConnection@548264916 wrapping com.mysql.cj.jdbc.ConnectionImpl@45f49252] will not be managed by Spring
==>  Preparing: SELECT COUNT( * ) AS total FROM t_post WHERE status=1 AND (user_id = ? AND status = ?)
==> Parameters: 1(Long), 1(Integer)
<==    Columns: total
<==        Row: 0
<==      Total: 1
Closing non transactional SqlSession [org.apache.ibatis.session.defaults.DefaultSqlSession@3845ecd1]
Creating a new SqlSession
SqlSession [org.apache.ibatis.session.defaults.DefaultSqlSession@3156eca6] was not registered for synchronization because synchronization is not active
JDBC Connection [HikariProxyConnection@652389689 wrapping com.mysql.cj.jdbc.ConnectionImpl@45f49252] will not be managed by Spring
==>  Preparing: SELECT COUNT( * ) AS total FROM t_follow WHERE (follower_id = ?)
==> Parameters: 1(Long)
<==    Columns: total
<==        Row: 0
<==      Total: 1
Closing non transactional SqlSession [org.apache.ibatis.session.defaults.DefaultSqlSession@3156eca6]
Creating a new SqlSession
SqlSession [org.apache.ibatis.session.defaults.DefaultSqlSession@2bc8a6c9] was not registered for synchronization because synchronization is not active
JDBC Connection [HikariProxyConnection@763186378 wrapping com.mysql.cj.jdbc.ConnectionImpl@45f49252] will not be managed by Spring
==>  Preparing: SELECT COUNT( * ) AS total FROM t_follow WHERE (followee_id = ?)
==> Parameters: 1(Long)
<==    Columns: total
<==        Row: 0
<==      Total: 1
Closing non transactional SqlSession [org.apache.ibatis.session.defaults.DefaultSqlSession@2bc8a6c9]
Creating a new SqlSession
SqlSession [org.apache.ibatis.session.defaults.DefaultSqlSession@b05805a] was not registered for synchronization because synchronization is not active
JDBC Connection [HikariProxyConnection@1704296733 wrapping com.mysql.cj.jdbc.ConnectionImpl@45f49252] will not be managed by Spring
==>  Preparing: SELECT id,user_id,game_id,category_id,title,content,tags,cover_image,view_count,like_count,reply_count,share_count,heat_score,is_top,is_essence,status,created_at,updated_at FROM t_post WHERE status=1 AND (user_id = ? AND status = ?)
==> Parameters: 1(Long), 1(Integer)
<==      Total: 0
Closing non transactional SqlSession [org.apache.ibatis.session.defaults.DefaultSqlSession@b05805a]
Creating a new SqlSession
SqlSession [org.apache.ibatis.session.defaults.DefaultSqlSession@11060d66] was not registered for synchronization because synchronization is not active
JDBC Connection [HikariProxyConnection@916867148 wrapping com.mysql.cj.jdbc.ConnectionImpl@45f49252] will not be managed by Spring
==>  Preparing: SELECT COUNT( * ) AS total FROM t_follow WHERE (follower_id = ? AND followee_id = ?)
==> Parameters: 1(Long), 1(Long)
<==    Columns: total
<==        Row: 0
<==      Total: 1
Closing non transactional SqlSession [org.apache.ibatis.session.defaults.DefaultSqlSession@11060d66]
Creating a new SqlSession
SqlSession [org.apache.ibatis.session.defaults.DefaultSqlSession@4c65a4a] was not registered for synchronization because synchronization is not active
JDBC Connection [HikariProxyConnection@299958734 wrapping com.mysql.cj.jdbc.ConnectionImpl@45f49252] will not be managed by Spring
==>  Preparing: SELECT COUNT(*) AS total FROM t_favorite WHERE (user_id = ?)
==> Parameters: 1(Long)
<==    Columns: total
<==        Row: 0
<==      Total: 1
Closing non transactional SqlSession [org.apache.ibatis.session.defaults.DefaultSqlSession@4c65a4a]
Creating a new SqlSession
SqlSession [org.apache.ibatis.session.defaults.DefaultSqlSession@47234193] was not registered for synchronization because synchronization is not active
JDBC Connection [HikariProxyConnection@1159372514 wrapping com.mysql.cj.jdbc.ConnectionImpl@45f49252] will not be managed by Spring
==>  Preparing: SELECT COUNT(*) AS total FROM t_notification WHERE (user_id = ?)
==> Parameters: 1(Long)
<==    Columns: total
<==        Row: 0
<==      Total: 1
Closing non transactional SqlSession [org.apache.ibatis.session.defaults.DefaultSqlSession@47234193]
Creating a new SqlSession
SqlSession [org.apache.ibatis.session.defaults.DefaultSqlSession@a61dfcb] was not registered for synchronization because synchronization is not active
JDBC Connection [HikariProxyConnection@427082985 wrapping com.mysql.cj.jdbc.ConnectionImpl@45f49252] will not be managed by Spring
==>  Preparing: SELECT COUNT(*) AS total FROM t_post WHERE status = 1 AND (status = ?)
==> Parameters: 1(Integer)
<==    Columns: total
<==        Row: 8
<==      Total: 1
==>  Preparing: SELECT id,user_id,game_id,category_id,title,content,tags,cover_image,view_count,like_count,reply_count,share_count,heat_score,is_top,is_essence,status,created_at,updated_at FROM t_post WHERE status=1 AND (status = ?) ORDER BY heat_score DESC,created_at DESC LIMIT ?
==> Parameters: 1(Integer), 10(Long)
<==    Columns: id, user_id, game_id, category_id, title, content, tags, cover_image, view_count, like_count, reply_count, share_count, heat_score, is_top, is_essence, status, created_at, updated_at
<==        Row: 6, 3, 4, 5, 黑神话DLC预测：下一站天庭？, <<BLOB>>, 黑神话,悟空,DLC,预测, null, 3207, 278, 99, 0, 120.5, 0, 0, 1, 2026-05-27 18:20:26, 2026-05-27 18:20:26
<==        Row: 2, 3, 4, 1, 黑神话：悟空 隐藏BOSS全部打法分享, <<BLOB>>, 黑神话,悟空,BOSS攻略, null, 1897, 203, 67, 0, 92.3, 0, 0, 1, 2026-05-27 18:20:26, 2026-05-27 18:20:26
<==        Row: 1, 2, 1, 1, 艾尔登法环 DLC 黄金树幽影 全地图攻略, <<BLOB>>, 艾尔登法环,攻略,DLC, null, 2344, 157, 43, 0, 85.6, 0, 0, 1, 2026-05-27 18:20:26, 2026-05-27 18:20:26
<==        Row: 3, 4, 3, 2, 博德之门3 最强Build推荐, <<BLOB>>, 博德之门3,Build,RPG, null, 1203, 89, 32, 0, 45.2, 0, 0, 1, 2026-05-27 18:20:26, 2026-05-27 18:20:26
<==        Row: 4, 5, 2, 4, 王国之泪 200小时后的感动, <<BLOB>>, 塞尔达,王国之泪,感想, null, 890, 67, 18, 0, 28.7, 0, 0, 1, 2026-05-27 18:20:26, 2026-05-27 18:20:26
<==        Row: 7, 4, 1, 2, 讨论：FromSoftware下一作会是什么题材, <<BLOB>>, FromSoftware,魂系,新作, null, 670, 34, 15, 0, 18.9, 0, 0, 1, 2026-05-27 18:20:26, 2026-05-27 18:20:26
<==        Row: 5, 2, 5, 1, 星露谷物语 新手入门指南, <<BLOB>>, 星露谷,新手,指南, null, 561, 45, 12, 0, 15.3, 0, 0, 1, 2026-05-27 18:20:26, 2026-05-27 18:20:26
<==        Row: 8, 5, 3, 3, 求助：博德之门3 影心个人任务卡住了, <<BLOB>>, 博德之门3,求助,Bug, null, 320, 12, 8, 0, 6.5, 0, 0, 1, 2026-05-27 18:20:26, 2026-05-27 18:20:26
<==      Total: 8
Closing non transactional SqlSession [org.apache.ibatis.session.defaults.DefaultSqlSession@a61dfcb]
Creating a new SqlSession
SqlSession [org.apache.ibatis.session.defaults.DefaultSqlSession@77c111fc] was not registered for synchronization because synchronization is not active
JDBC Connection [HikariProxyConnection@1210962017 wrapping com.mysql.cj.jdbc.ConnectionImpl@45f49252] will not be managed by Spring
==>  Preparing: SELECT id,name,code,sort_order,status,created_at,updated_at FROM t_post_category WHERE id=? AND status=1
==> Parameters: 5(Long)
<==    Columns: id, name, code, sort_order, status, created_at, updated_at
<==        Row: 5, 新闻, news, 5, 1, 2026-05-27 18:20:26, 2026-05-27 18:20:26
<==      Total: 1
Closing non transactional SqlSession [org.apache.ibatis.session.defaults.DefaultSqlSession@77c111fc]
Creating a new SqlSession
SqlSession [org.apache.ibatis.session.defaults.DefaultSqlSession@685af42c] was not registered for synchronization because synchronization is not active
JDBC Connection [HikariProxyConnection@401294890 wrapping com.mysql.cj.jdbc.ConnectionImpl@45f49252] will not be managed by Spring
==>  Preparing: SELECT id,username,password,nickname,avatar,bio,email,status,created_at,updated_at FROM t_user WHERE id=? AND status=1
==> Parameters: 3(Long)
<==    Columns: id, username, password, nickname, avatar, bio, email, status, created_at, updated_at
<==        Row: 3, gamer_pro, $2a$10$N.zmdr9k7uOCQb376NoUnuTJ8iAt6Z5EHsM8lE9lBOsl7iKTVKIUi, 高玩达人, null, 全平台制霸！, null, 1, 2026-05-27 18:20:26, 2026-05-27 18:20:26
<==      Total: 1
Closing non transactional SqlSession [org.apache.ibatis.session.defaults.DefaultSqlSession@685af42c]
Creating a new SqlSession
SqlSession [org.apache.ibatis.session.defaults.DefaultSqlSession@10e91117] was not registered for synchronization because synchronization is not active
JDBC Connection [HikariProxyConnection@799894706 wrapping com.mysql.cj.jdbc.ConnectionImpl@45f49252] will not be managed by Spring
==>  Preparing: SELECT id,name,code,sort_order,status,created_at,updated_at FROM t_post_category WHERE id=? AND status=1
==> Parameters: 1(Long)
<==    Columns: id, name, code, sort_order, status, created_at, updated_at
<==        Row: 1, 攻略, guide, 1, 1, 2026-05-27 18:20:26, 2026-05-27 18:20:26
<==      Total: 1
Closing non transactional SqlSession [org.apache.ibatis.session.defaults.DefaultSqlSession@10e91117]
Creating a new SqlSession
SqlSession [org.apache.ibatis.session.defaults.DefaultSqlSession@4a629b10] was not registered for synchronization because synchronization is not active
JDBC Connection [HikariProxyConnection@316365538 wrapping com.mysql.cj.jdbc.ConnectionImpl@45f49252] will not be managed by Spring
==>  Preparing: SELECT id,username,password,nickname,avatar,bio,email,status,created_at,updated_at FROM t_user WHERE id=? AND status=1
==> Parameters: 3(Long)
<==    Columns: id, username, password, nickname, avatar, bio, email, status, created_at, updated_at
<==        Row: 3, gamer_pro, $2a$10$N.zmdr9k7uOCQb376NoUnuTJ8iAt6Z5EHsM8lE9lBOsl7iKTVKIUi, 高玩达人, null, 全平台制霸！, null, 1, 2026-05-27 18:20:26, 2026-05-27 18:20:26
<==      Total: 1
Closing non transactional SqlSession [org.apache.ibatis.session.defaults.DefaultSqlSession@4a629b10]
Creating a new SqlSession
SqlSession [org.apache.ibatis.session.defaults.DefaultSqlSession@61f18a3b] was not registered for synchronization because synchronization is not active
JDBC Connection [HikariProxyConnection@1058354958 wrapping com.mysql.cj.jdbc.ConnectionImpl@45f49252] will not be managed by Spring
==>  Preparing: SELECT id,name,code,sort_order,status,created_at,updated_at FROM t_post_category WHERE id=? AND status=1
==> Parameters: 1(Long)
<==    Columns: id, name, code, sort_order, status, created_at, updated_at
<==        Row: 1, 攻略, guide, 1, 1, 2026-05-27 18:20:26, 2026-05-27 18:20:26
<==      Total: 1
Closing non transactional SqlSession [org.apache.ibatis.session.defaults.DefaultSqlSession@61f18a3b]
Creating a new SqlSession
SqlSession [org.apache.ibatis.session.defaults.DefaultSqlSession@1a8c0c9d] was not registered for synchronization because synchronization is not active
JDBC Connection [HikariProxyConnection@2000809381 wrapping com.mysql.cj.jdbc.ConnectionImpl@45f49252] will not be managed by Spring
==>  Preparing: SELECT id,username,password,nickname,avatar,bio,email,status,created_at,updated_at FROM t_user WHERE id=? AND status=1
==> Parameters: 2(Long)
<==    Columns: id, username, password, nickname, avatar, bio, email, status, created_at, updated_at
<==        Row: 2, player1, $2a$10$N.zmdr9k7uOCQb376NoUnuTJ8iAt6Z5EHsM8lE9lBOsl7iKTVKIUi, 玩家一号, null, 热爱游戏的普通玩家, null, 1, 2026-05-27 18:20:26, 2026-05-27 18:20:26
<==      Total: 1
Closing non transactional SqlSession [org.apache.ibatis.session.defaults.DefaultSqlSession@1a8c0c9d]
Creating a new SqlSession
SqlSession [org.apache.ibatis.session.defaults.DefaultSqlSession@1de52039] was not registered for synchronization because synchronization is not active
JDBC Connection [HikariProxyConnection@1744257020 wrapping com.mysql.cj.jdbc.ConnectionImpl@45f49252] will not be managed by Spring
==>  Preparing: SELECT id,name,code,sort_order,status,created_at,updated_at FROM t_post_category WHERE id=? AND status=1
==> Parameters: 2(Long)
<==    Columns: id, name, code, sort_order, status, created_at, updated_at
<==        Row: 2, 讨论, discuss, 2, 1, 2026-05-27 18:20:26, 2026-05-27 18:20:26
<==      Total: 1
Closing non transactional SqlSession [org.apache.ibatis.session.defaults.DefaultSqlSession@1de52039]
Creating a new SqlSession
SqlSession [org.apache.ibatis.session.defaults.DefaultSqlSession@2e20c2bb] was not registered for synchronization because synchronization is not active
JDBC Connection [HikariProxyConnection@443603886 wrapping com.mysql.cj.jdbc.ConnectionImpl@45f49252] will not be managed by Spring
==>  Preparing: SELECT id,username,password,nickname,avatar,bio,email,status,created_at,updated_at FROM t_user WHERE id=? AND status=1
==> Parameters: 4(Long)
<==    Columns: id, username, password, nickname, avatar, bio, email, status, created_at, updated_at
<==        Row: 4, game_girl, $2a$10$N.zmdr9k7uOCQb376NoUnuTJ8iAt6Z5EHsM8lE9lBOsl7iKTVKIUi, 游戏少女, null, 只玩好游戏~, null, 1, 2026-05-27 18:20:26, 2026-05-27 18:20:26
<==      Total: 1
Closing non transactional SqlSession [org.apache.ibatis.session.defaults.DefaultSqlSession@2e20c2bb]
Creating a new SqlSession
SqlSession [org.apache.ibatis.session.defaults.DefaultSqlSession@45d72dff] was not registered for synchronization because synchronization is not active
JDBC Connection [HikariProxyConnection@1833568996 wrapping com.mysql.cj.jdbc.ConnectionImpl@45f49252] will not be managed by Spring
==>  Preparing: SELECT id,name,code,sort_order,status,created_at,updated_at FROM t_post_category WHERE id=? AND status=1
==> Parameters: 4(Long)
<==    Columns: id, name, code, sort_order, status, created_at, updated_at
<==        Row: 4, 分享, share, 4, 1, 2026-05-27 18:20:26, 2026-05-27 18:20:26
<==      Total: 1
Closing non transactional SqlSession [org.apache.ibatis.session.defaults.DefaultSqlSession@45d72dff]
Creating a new SqlSession
SqlSession [org.apache.ibatis.session.defaults.DefaultSqlSession@557d0b3] was not registered for synchronization because synchronization is not active
JDBC Connection [HikariProxyConnection@2031332659 wrapping com.mysql.cj.jdbc.ConnectionImpl@45f49252] will not be managed by Spring
==>  Preparing: SELECT id,username,password,nickname,avatar,bio,email,status,created_at,updated_at FROM t_user WHERE id=? AND status=1
==> Parameters: 5(Long)
<==    Columns: id, username, password, nickname, avatar, bio, email, status, created_at, updated_at
<==        Row: 5, rpg_lover, $2a$10$N.zmdr9k7uOCQb376NoUnuTJ8iAt6Z5EHsM8lE9lBOsl7iKTVKIUi, RPG爱好者, null, RPG永不毕业！, null, 1, 2026-05-27 18:20:26, 2026-05-27 18:20:26
<==      Total: 1
Closing non transactional SqlSession [org.apache.ibatis.session.defaults.DefaultSqlSession@557d0b3]
Creating a new SqlSession
SqlSession [org.apache.ibatis.session.defaults.DefaultSqlSession@6deb2d50] was not registered for synchronization because synchronization is not active
JDBC Connection [HikariProxyConnection@1443019286 wrapping com.mysql.cj.jdbc.ConnectionImpl@45f49252] will not be managed by Spring
==>  Preparing: SELECT id,name,code,sort_order,status,created_at,updated_at FROM t_post_category WHERE id=? AND status=1
==> Parameters: 2(Long)
<==    Columns: id, name, code, sort_order, status, created_at, updated_at
<==        Row: 2, 讨论, discuss, 2, 1, 2026-05-27 18:20:26, 2026-05-27 18:20:26
<==      Total: 1
Closing non transactional SqlSession [org.apache.ibatis.session.defaults.DefaultSqlSession@6deb2d50]
Creating a new SqlSession
SqlSession [org.apache.ibatis.session.defaults.DefaultSqlSession@6ad99931] was not registered for synchronization because synchronization is not active
JDBC Connection [HikariProxyConnection@1584179351 wrapping com.mysql.cj.jdbc.ConnectionImpl@45f49252] will not be managed by Spring
==>  Preparing: SELECT id,username,password,nickname,avatar,bio,email,status,created_at,updated_at FROM t_user WHERE id=? AND status=1
==> Parameters: 4(Long)
<==    Columns: id, username, password, nickname, avatar, bio, email, status, created_at, updated_at
<==        Row: 4, game_girl, $2a$10$N.zmdr9k7uOCQb376NoUnuTJ8iAt6Z5EHsM8lE9lBOsl7iKTVKIUi, 游戏少女, null, 只玩好游戏~, null, 1, 2026-05-27 18:20:26, 2026-05-27 18:20:26
<==      Total: 1
Closing non transactional SqlSession [org.apache.ibatis.session.defaults.DefaultSqlSession@6ad99931]
Creating a new SqlSession
SqlSession [org.apache.ibatis.session.defaults.DefaultSqlSession@48ca6556] was not registered for synchronization because synchronization is not active
JDBC Connection [HikariProxyConnection@1862040943 wrapping com.mysql.cj.jdbc.ConnectionImpl@45f49252] will not be managed by Spring
==>  Preparing: SELECT id,name,code,sort_order,status,created_at,updated_at FROM t_post_category WHERE id=? AND status=1
==> Parameters: 1(Long)
<==    Columns: id, name, code, sort_order, status, created_at, updated_at
<==        Row: 1, 攻略, guide, 1, 1, 2026-05-27 18:20:26, 2026-05-27 18:20:26
<==      Total: 1
Closing non transactional SqlSession [org.apache.ibatis.session.defaults.DefaultSqlSession@48ca6556]
Creating a new SqlSession
SqlSession [org.apache.ibatis.session.defaults.DefaultSqlSession@23beae87] was not registered for synchronization because synchronization is not active
JDBC Connection [HikariProxyConnection@952475507 wrapping com.mysql.cj.jdbc.ConnectionImpl@45f49252] will not be managed by Spring
==>  Preparing: SELECT id,username,password,nickname,avatar,bio,email,status,created_at,updated_at FROM t_user WHERE id=? AND status=1
==> Parameters: 2(Long)
<==    Columns: id, username, password, nickname, avatar, bio, email, status, created_at, updated_at
<==        Row: 2, player1, $2a$10$N.zmdr9k7uOCQb376NoUnuTJ8iAt6Z5EHsM8lE9lBOsl7iKTVKIUi, 玩家一号, null, 热爱游戏的普通玩家, null, 1, 2026-05-27 18:20:26, 2026-05-27 18:20:26
<==      Total: 1
Closing non transactional SqlSession [org.apache.ibatis.session.defaults.DefaultSqlSession@23beae87]
Creating a new SqlSession
SqlSession [org.apache.ibatis.session.defaults.DefaultSqlSession@1a5ec26d] was not registered for synchronization because synchronization is not active
JDBC Connection [HikariProxyConnection@1279429943 wrapping com.mysql.cj.jdbc.ConnectionImpl@45f49252] will not be managed by Spring
==>  Preparing: SELECT id,name,code,sort_order,status,created_at,updated_at FROM t_post_category WHERE id=? AND status=1
==> Parameters: 3(Long)
<==    Columns: id, name, code, sort_order, status, created_at, updated_at
<==        Row: 3, 求助, help, 3, 1, 2026-05-27 18:20:26, 2026-05-27 18:20:26
<==      Total: 1
Closing non transactional SqlSession [org.apache.ibatis.session.defaults.DefaultSqlSession@1a5ec26d]
Creating a new SqlSession
SqlSession [org.apache.ibatis.session.defaults.DefaultSqlSession@11ae3b45] was not registered for synchronization because synchronization is not active
JDBC Connection [HikariProxyConnection@2106576567 wrapping com.mysql.cj.jdbc.ConnectionImpl@45f49252] will not be managed by Spring
==>  Preparing: SELECT id,username,password,nickname,avatar,bio,email,status,created_at,updated_at FROM t_user WHERE id=? AND status=1
==> Parameters: 5(Long)
<==    Columns: id, username, password, nickname, avatar, bio, email, status, created_at, updated_at
<==        Row: 5, rpg_lover, $2a$10$N.zmdr9k7uOCQb376NoUnuTJ8iAt6Z5EHsM8lE9lBOsl7iKTVKIUi, RPG爱好者, null, RPG永不毕业！, null, 1, 2026-05-27 18:20:26, 2026-05-27 18:20:26
<==      Total: 1
Closing non transactional SqlSession [org.apache.ibatis.session.defaults.DefaultSqlSession@11ae3b45]
Creating a new SqlSession
SqlSession [org.apache.ibatis.session.defaults.DefaultSqlSession@15278ddd] was not registered for synchronization because synchronization is not active
JDBC Connection [HikariProxyConnection@1899744904 wrapping com.mysql.cj.jdbc.ConnectionImpl@45f49252] will not be managed by Spring
==>  Preparing: SELECT COUNT( * ) AS total FROM t_notification WHERE (user_id = ? AND is_read = ?)
==> Parameters: 1(Long), 0(Integer)
<==    Columns: total
<==        Row: 0
<==      Total: 1
Closing non transactional SqlSession [org.apache.ibatis.session.defaults.DefaultSqlSession@15278ddd]
Creating a new SqlSession
SqlSession [org.apache.ibatis.session.defaults.DefaultSqlSession@6966ad82] was not registered for synchronization because synchronization is not active
JDBC Connection [HikariProxyConnection@104658626 wrapping com.mysql.cj.jdbc.ConnectionImpl@45f49252] will not be managed by Spring
==>  Preparing: SELECT COUNT( * ) AS total FROM t_notification WHERE (user_id = ? AND is_read = ?)
==> Parameters: 1(Long), 0(Integer)
<==    Columns: total
<==        Row: 0
<==      Total: 1
Closing non transactional SqlSession [org.apache.ibatis.session.defaults.DefaultSqlSession@6966ad82]
Creating a new SqlSession
SqlSession [org.apache.ibatis.session.defaults.DefaultSqlSession@298c8932] was not registered for synchronization because synchronization is not active
JDBC Connection [HikariProxyConnection@186837426 wrapping com.mysql.cj.jdbc.ConnectionImpl@73a9ea26] will not be managed by Spring
==>  Preparing: SELECT id,username,password,nickname,avatar,bio,email,status,created_at,updated_at FROM t_user WHERE id=? AND status=1
==> Parameters: 1(Long)
<==    Columns: id, username, password, nickname, avatar, bio, email, status, created_at, updated_at
<==        Row: 1, admin, $2a$10$N.zmdr9k7uOCQb376NoUnuTJ8iAt6Z5EHsM8lE9lBOsl7iKTVKIUi, 管理员, null, GameBox 官方管理员, null, 1, 2026-05-27 18:20:26, 2026-05-27 18:20:26
<==      Total: 1
Closing non transactional SqlSession [org.apache.ibatis.session.defaults.DefaultSqlSession@298c8932]
Creating a new SqlSession
SqlSession [org.apache.ibatis.session.defaults.DefaultSqlSession@1bd69e25] was not registered for synchronization because synchronization is not active
JDBC Connection [HikariProxyConnection@1457406324 wrapping com.mysql.cj.jdbc.ConnectionImpl@73a9ea26] will not be managed by Spring
==>  Preparing: SELECT COUNT( * ) AS total FROM t_post WHERE status=1 AND (user_id = ? AND status = ?)
==> Parameters: 1(Long), 1(Integer)
<==    Columns: total
<==        Row: 0
<==      Total: 1
Closing non transactional SqlSession [org.apache.ibatis.session.defaults.DefaultSqlSession@1bd69e25]
Creating a new SqlSession
SqlSession [org.apache.ibatis.session.defaults.DefaultSqlSession@6b4d0ff7] was not registered for synchronization because synchronization is not active
JDBC Connection [HikariProxyConnection@1153798925 wrapping com.mysql.cj.jdbc.ConnectionImpl@73a9ea26] will not be managed by Spring
==>  Preparing: SELECT COUNT( * ) AS total FROM t_follow WHERE (follower_id = ?)
==> Parameters: 1(Long)
<==    Columns: total
<==        Row: 0
<==      Total: 1
Closing non transactional SqlSession [org.apache.ibatis.session.defaults.DefaultSqlSession@6b4d0ff7]
Creating a new SqlSession
SqlSession [org.apache.ibatis.session.defaults.DefaultSqlSession@4052080f] was not registered for synchronization because synchronization is not active
JDBC Connection [HikariProxyConnection@1130595653 wrapping com.mysql.cj.jdbc.ConnectionImpl@73a9ea26] will not be managed by Spring
==>  Preparing: SELECT COUNT( * ) AS total FROM t_follow WHERE (followee_id = ?)
==> Parameters: 1(Long)
<==    Columns: total
<==        Row: 0
<==      Total: 1
Closing non transactional SqlSession [org.apache.ibatis.session.defaults.DefaultSqlSession@4052080f]
Creating a new SqlSession
SqlSession [org.apache.ibatis.session.defaults.DefaultSqlSession@6e5f4d1a] was not registered for synchronization because synchronization is not active
JDBC Connection [HikariProxyConnection@1050489518 wrapping com.mysql.cj.jdbc.ConnectionImpl@73a9ea26] will not be managed by Spring
==>  Preparing: SELECT id,user_id,game_id,category_id,title,content,tags,cover_image,view_count,like_count,reply_count,share_count,heat_score,is_top,is_essence,status,created_at,updated_at FROM t_post WHERE status=1 AND (user_id = ? AND status = ?)
==> Parameters: 1(Long), 1(Integer)
<==      Total: 0
Closing non transactional SqlSession [org.apache.ibatis.session.defaults.DefaultSqlSession@6e5f4d1a]
Creating a new SqlSession
SqlSession [org.apache.ibatis.session.defaults.DefaultSqlSession@4a776ed4] was not registered for synchronization because synchronization is not active
Creating a new SqlSession
SqlSession [org.apache.ibatis.session.defaults.DefaultSqlSession@7d2bec87] was not registered for synchronization because synchronization is not active
JDBC Connection [HikariProxyConnection@1409116142 wrapping com.mysql.cj.jdbc.ConnectionImpl@73a9ea26] will not be managed by Spring
JDBC Connection [HikariProxyConnection@1000591532 wrapping com.mysql.cj.jdbc.ConnectionImpl@45f49252] will not be managed by Spring
==>  Preparing: SELECT COUNT( * ) AS total FROM t_notification WHERE (user_id = ? AND is_read = ?)
==>  Preparing: SELECT COUNT(*) AS total FROM t_game WHERE status = 1 AND (is_recommend = ? AND status = ?)
==> Parameters: 1(Integer), 1(Integer)
==> Parameters: 1(Long), 0(Integer)
Creating a new SqlSession
SqlSession [org.apache.ibatis.session.defaults.DefaultSqlSession@1186fd29] was not registered for synchronization because synchronization is not active
<==    Columns: total
<==        Row: 5
<==    Columns: total
<==        Row: 0
<==      Total: 1
<==      Total: 1
Closing non transactional SqlSession [org.apache.ibatis.session.defaults.DefaultSqlSession@7d2bec87]
==>  Preparing: SELECT id,name,cover,description,developer,publisher,release_date,platform,tags,rating,rating_count,is_recommend,status,created_at,updated_at FROM t_game WHERE status=1 AND (is_recommend = ? AND status = ?) ORDER BY rating DESC LIMIT ?
==> Parameters: 1(Integer), 1(Integer), 6(Long)
<==    Columns: id, name, cover, description, developer, publisher, release_date, platform, tags, rating, rating_count, is_recommend, status, created_at, updated_at
<==        Row: 2, 塞尔达传说：王国之泪, https://upload.wikimedia.org/wikipedia/en/f/fb/The_Legend_of_Zelda_Tears_of_the_Kingdom_cover.jpg, <<BLOB>>, 任天堂, 任天堂, 2023-05-12, Switch, 开放世界,冒险,解谜, 9.80, 980, 1, 1, 2026-05-27 18:20:26, 2026-05-27 18:20:26
<==        Row: 3, 博德之门3, https://cdn.cloudflare.steamstatic.com/steam/apps/1086940/library_600x900.jpg, <<BLOB>>, Larian Studios, Larian Studios, 2023-08-03, PC,PS5, RPG,回合制,奇幻, 9.60, 850, 1, 1, 2026-05-27 18:20:26, 2026-05-27 18:20:26
<==        Row: 1, 艾尔登法环, https://cdn.cloudflare.steamstatic.com/steam/apps/1245620/library_600x900.jpg, <<BLOB>>, FromSoftware, Bandai Namco, 2022-02-25, PC,PS5,Xbox, 魂系,开放世界,RPG, 9.50, 1200, 1, 1, 2026-05-27 18:20:26, 2026-05-27 18:20:26
<==        Row: 5, 星露谷物语, https://cdn.cloudflare.steamstatic.com/steam/apps/413150/library_600x900.jpg, <<BLOB>>, ConcernedApe, ConcernedApe, 2016-02-27, PC,Switch,PS5,Xbox, 模拟经营,像素,休闲, 9.30, 760, 1, 1, 2026-05-27 18:20:26, 2026-05-27 18:20:26
JDBC Connection [HikariProxyConnection@810204994 wrapping com.mysql.cj.jdbc.ConnectionImpl@73a9ea26] will not be managed by Spring
==>  Preparing: SELECT COUNT(*) AS total FROM t_post WHERE status = 1 AND (status = ?)
==> Parameters: 1(Integer)
<==        Row: 4, 黑神话：悟空, https://cdn.cloudflare.steamstatic.com/steam/apps/2358720/library_600x900.jpg, <<BLOB>>, 游戏科学, 游戏科学, 2024-08-20, PC,PS5, 动作,RPG,神话, 9.20, 2100, 1, 1, 2026-05-27 18:20:26, 2026-05-27 18:20:26
<==      Total: 5
Closing non transactional SqlSession [org.apache.ibatis.session.defaults.DefaultSqlSession@4a776ed4]
<==    Columns: total
<==        Row: 8
<==      Total: 1
==>  Preparing: SELECT id,user_id,game_id,category_id,title,content,tags,cover_image,view_count,like_count,reply_count,share_count,heat_score,is_top,is_essence,status,created_at,updated_at FROM t_post WHERE status=1 AND (status = ?) ORDER BY heat_score DESC,created_at DESC LIMIT ?
==> Parameters: 1(Integer), 10(Long)
<==    Columns: id, user_id, game_id, category_id, title, content, tags, cover_image, view_count, like_count, reply_count, share_count, heat_score, is_top, is_essence, status, created_at, updated_at
<==        Row: 6, 3, 4, 5, 黑神话DLC预测：下一站天庭？, <<BLOB>>, 黑神话,悟空,DLC,预测, null, 3207, 278, 99, 0, 120.5, 0, 0, 1, 2026-05-27 18:20:26, 2026-05-27 18:20:26
<==        Row: 2, 3, 4, 1, 黑神话：悟空 隐藏BOSS全部打法分享, <<BLOB>>, 黑神话,悟空,BOSS攻略, null, 1897, 203, 67, 0, 92.3, 0, 0, 1, 2026-05-27 18:20:26, 2026-05-27 18:20:26
<==        Row: 1, 2, 1, 1, 艾尔登法环 DLC 黄金树幽影 全地图攻略, <<BLOB>>, 艾尔登法环,攻略,DLC, null, 2344, 157, 43, 0, 85.6, 0, 0, 1, 2026-05-27 18:20:26, 2026-05-27 18:20:26
<==        Row: 3, 4, 3, 2, 博德之门3 最强Build推荐, <<BLOB>>, 博德之门3,Build,RPG, null, 1203, 89, 32, 0, 45.2, 0, 0, 1, 2026-05-27 18:20:26, 2026-05-27 18:20:26
<==        Row: 4, 5, 2, 4, 王国之泪 200小时后的感动, <<BLOB>>, 塞尔达,王国之泪,感想, null, 890, 67, 18, 0, 28.7, 0, 0, 1, 2026-05-27 18:20:26, 2026-05-27 18:20:26
<==        Row: 7, 4, 1, 2, 讨论：FromSoftware下一作会是什么题材, <<BLOB>>, FromSoftware,魂系,新作, null, 670, 34, 15, 0, 18.9, 0, 0, 1, 2026-05-27 18:20:26, 2026-05-27 18:20:26
<==        Row: 5, 2, 5, 1, 星露谷物语 新手入门指南, <<BLOB>>, 星露谷,新手,指南, null, 561, 45, 12, 0, 15.3, 0, 0, 1, 2026-05-27 18:20:26, 2026-05-27 18:20:26
<==        Row: 8, 5, 3, 3, 求助：博德之门3 影心个人任务卡住了, <<BLOB>>, 博德之门3,求助,Bug, null, 320, 12, 8, 0, 6.5, 0, 0, 1, 2026-05-27 18:20:26, 2026-05-27 18:20:26
<==      Total: 8
Closing non transactional SqlSession [org.apache.ibatis.session.defaults.DefaultSqlSession@1186fd29]
Creating a new SqlSession
SqlSession [org.apache.ibatis.session.defaults.DefaultSqlSession@782ccdcc] was not registered for synchronization because synchronization is not active
JDBC Connection [HikariProxyConnection@502914340 wrapping com.mysql.cj.jdbc.ConnectionImpl@73a9ea26] will not be managed by Spring
==>  Preparing: SELECT id,name,code,sort_order,status,created_at,updated_at FROM t_post_category WHERE id=? AND status=1
==> Parameters: 5(Long)
<==    Columns: id, name, code, sort_order, status, created_at, updated_at
<==        Row: 5, 新闻, news, 5, 1, 2026-05-27 18:20:26, 2026-05-27 18:20:26
<==      Total: 1
Closing non transactional SqlSession [org.apache.ibatis.session.defaults.DefaultSqlSession@782ccdcc]
Creating a new SqlSession
SqlSession [org.apache.ibatis.session.defaults.DefaultSqlSession@cea320a] was not registered for synchronization because synchronization is not active
JDBC Connection [HikariProxyConnection@313969910 wrapping com.mysql.cj.jdbc.ConnectionImpl@73a9ea26] will not be managed by Spring
==>  Preparing: SELECT id,username,password,nickname,avatar,bio,email,status,created_at,updated_at FROM t_user WHERE id=? AND status=1
==> Parameters: 3(Long)
Creating a new SqlSession
SqlSession [org.apache.ibatis.session.defaults.DefaultSqlSession@513c8918] was not registered for synchronization because synchronization is not active
<==    Columns: id, username, password, nickname, avatar, bio, email, status, created_at, updated_at
<==        Row: 3, gamer_pro, $2a$10$N.zmdr9k7uOCQb376NoUnuTJ8iAt6Z5EHsM8lE9lBOsl7iKTVKIUi, 高玩达人, null, 全平台制霸！, null, 1, 2026-05-27 18:20:26, 2026-05-27 18:20:26
<==      Total: 1
Closing non transactional SqlSession [org.apache.ibatis.session.defaults.DefaultSqlSession@cea320a]
Creating a new SqlSession
SqlSession [org.apache.ibatis.session.defaults.DefaultSqlSession@55f93bf6] was not registered for synchronization because synchronization is not active
JDBC Connection [HikariProxyConnection@140392737 wrapping com.mysql.cj.jdbc.ConnectionImpl@73a9ea26] will not be managed by Spring
==>  Preparing: SELECT id,name,code,sort_order,status,created_at,updated_at FROM t_post_category WHERE id=? AND status=1
==> Parameters: 1(Long)
JDBC Connection [HikariProxyConnection@1395584699 wrapping com.mysql.cj.jdbc.ConnectionImpl@45f49252] will not be managed by Spring
==>  Preparing: SELECT COUNT(*) AS total FROM t_game WHERE status = 1 AND (is_recommend = ? AND status = ?)
<==    Columns: id, name, code, sort_order, status, created_at, updated_at
==> Parameters: 1(Integer), 1(Integer)
<==        Row: 1, 攻略, guide, 1, 1, 2026-05-27 18:20:26, 2026-05-27 18:20:26
<==      Total: 1
Closing non transactional SqlSession [org.apache.ibatis.session.defaults.DefaultSqlSession@55f93bf6]
Creating a new SqlSession
SqlSession [org.apache.ibatis.session.defaults.DefaultSqlSession@44ad85b7] was not registered for synchronization because synchronization is not active
<==    Columns: total
<==        Row: 5
JDBC Connection [HikariProxyConnection@1486303327 wrapping com.mysql.cj.jdbc.ConnectionImpl@73a9ea26] will not be managed by Spring
<==      Total: 1
==>  Preparing: SELECT id,username,password,nickname,avatar,bio,email,status,created_at,updated_at FROM t_user WHERE id=? AND status=1
==>  Preparing: SELECT id,name,cover,description,developer,publisher,release_date,platform,tags,rating,rating_count,is_recommend,status,created_at,updated_at FROM t_game WHERE status=1 AND (is_recommend = ? AND status = ?) ORDER BY rating DESC LIMIT ?
==> Parameters: 3(Long)
==> Parameters: 1(Integer), 1(Integer), 6(Long)
<==    Columns: id, name, cover, description, developer, publisher, release_date, platform, tags, rating, rating_count, is_recommend, status, created_at, updated_at
<==    Columns: id, username, password, nickname, avatar, bio, email, status, created_at, updated_at
<==        Row: 2, 塞尔达传说：王国之泪, https://upload.wikimedia.org/wikipedia/en/f/fb/The_Legend_of_Zelda_Tears_of_the_Kingdom_cover.jpg, <<BLOB>>, 任天堂, 任天堂, 2023-05-12, Switch, 开放世界,冒险,解谜, 9.80, 980, 1, 1, 2026-05-27 18:20:26, 2026-05-27 18:20:26
<==        Row: 3, gamer_pro, $2a$10$N.zmdr9k7uOCQb376NoUnuTJ8iAt6Z5EHsM8lE9lBOsl7iKTVKIUi, 高玩达人, null, 全平台制霸！, null, 1, 2026-05-27 18:20:26, 2026-05-27 18:20:26
<==      Total: 1
<==        Row: 3, 博德之门3, https://cdn.cloudflare.steamstatic.com/steam/apps/1086940/library_600x900.jpg, <<BLOB>>, Larian Studios, Larian Studios, 2023-08-03, PC,PS5, RPG,回合制,奇幻, 9.60, 850, 1, 1, 2026-05-27 18:20:26, 2026-05-27 18:20:26
Closing non transactional SqlSession [org.apache.ibatis.session.defaults.DefaultSqlSession@44ad85b7]
Creating a new SqlSession
<==        Row: 1, 艾尔登法环, https://cdn.cloudflare.steamstatic.com/steam/apps/1245620/library_600x900.jpg, <<BLOB>>, FromSoftware, Bandai Namco, 2022-02-25, PC,PS5,Xbox, 魂系,开放世界,RPG, 9.50, 1200, 1, 1, 2026-05-27 18:20:26, 2026-05-27 18:20:26
SqlSession [org.apache.ibatis.session.defaults.DefaultSqlSession@518f1a57] was not registered for synchronization because synchronization is not active
<==        Row: 5, 星露谷物语, https://cdn.cloudflare.steamstatic.com/steam/apps/413150/library_600x900.jpg, <<BLOB>>, ConcernedApe, ConcernedApe, 2016-02-27, PC,Switch,PS5,Xbox, 模拟经营,像素,休闲, 9.30, 760, 1, 1, 2026-05-27 18:20:26, 2026-05-27 18:20:26
JDBC Connection [HikariProxyConnection@2041032172 wrapping com.mysql.cj.jdbc.ConnectionImpl@73a9ea26] will not be managed by Spring
==>  Preparing: SELECT id,name,code,sort_order,status,created_at,updated_at FROM t_post_category WHERE id=? AND status=1
<==        Row: 4, 黑神话：悟空, https://cdn.cloudflare.steamstatic.com/steam/apps/2358720/library_600x900.jpg, <<BLOB>>, 游戏科学, 游戏科学, 2024-08-20, PC,PS5, 动作,RPG,神话, 9.20, 2100, 1, 1, 2026-05-27 18:20:26, 2026-05-27 18:20:26
<==      Total: 5
==> Parameters: 1(Long)
Closing non transactional SqlSession [org.apache.ibatis.session.defaults.DefaultSqlSession@513c8918]
<==    Columns: id, name, code, sort_order, status, created_at, updated_at
<==        Row: 1, 攻略, guide, 1, 1, 2026-05-27 18:20:26, 2026-05-27 18:20:26
<==      Total: 1
Closing non transactional SqlSession [org.apache.ibatis.session.defaults.DefaultSqlSession@518f1a57]
Creating a new SqlSession
SqlSession [org.apache.ibatis.session.defaults.DefaultSqlSession@75ad8a6d] was not registered for synchronization because synchronization is not active
JDBC Connection [HikariProxyConnection@1557756717 wrapping com.mysql.cj.jdbc.ConnectionImpl@73a9ea26] will not be managed by Spring
==>  Preparing: SELECT id,username,password,nickname,avatar,bio,email,status,created_at,updated_at FROM t_user WHERE id=? AND status=1
==> Parameters: 2(Long)
<==    Columns: id, username, password, nickname, avatar, bio, email, status, created_at, updated_at
<==        Row: 2, player1, $2a$10$N.zmdr9k7uOCQb376NoUnuTJ8iAt6Z5EHsM8lE9lBOsl7iKTVKIUi, 玩家一号, null, 热爱游戏的普通玩家, null, 1, 2026-05-27 18:20:26, 2026-05-27 18:20:26
<==      Total: 1
Closing non transactional SqlSession [org.apache.ibatis.session.defaults.DefaultSqlSession@75ad8a6d]
Creating a new SqlSession
SqlSession [org.apache.ibatis.session.defaults.DefaultSqlSession@1b7fd8d5] was not registered for synchronization because synchronization is not active
JDBC Connection [HikariProxyConnection@43570997 wrapping com.mysql.cj.jdbc.ConnectionImpl@73a9ea26] will not be managed by Spring
==>  Preparing: SELECT id,name,code,sort_order,status,created_at,updated_at FROM t_post_category WHERE id=? AND status=1
==> Parameters: 2(Long)
<==    Columns: id, name, code, sort_order, status, created_at, updated_at
<==        Row: 2, 讨论, discuss, 2, 1, 2026-05-27 18:20:26, 2026-05-27 18:20:26
<==      Total: 1
Closing non transactional SqlSession [org.apache.ibatis.session.defaults.DefaultSqlSession@1b7fd8d5]
Creating a new SqlSession
SqlSession [org.apache.ibatis.session.defaults.DefaultSqlSession@264562a3] was not registered for synchronization because synchronization is not active
JDBC Connection [HikariProxyConnection@1134145486 wrapping com.mysql.cj.jdbc.ConnectionImpl@73a9ea26] will not be managed by Spring
==>  Preparing: SELECT id,username,password,nickname,avatar,bio,email,status,created_at,updated_at FROM t_user WHERE id=? AND status=1
==> Parameters: 4(Long)
<==    Columns: id, username, password, nickname, avatar, bio, email, status, created_at, updated_at
<==        Row: 4, game_girl, $2a$10$N.zmdr9k7uOCQb376NoUnuTJ8iAt6Z5EHsM8lE9lBOsl7iKTVKIUi, 游戏少女, null, 只玩好游戏~, null, 1, 2026-05-27 18:20:26, 2026-05-27 18:20:26
<==      Total: 1
Closing non transactional SqlSession [org.apache.ibatis.session.defaults.DefaultSqlSession@264562a3]
Creating a new SqlSession
SqlSession [org.apache.ibatis.session.defaults.DefaultSqlSession@6c3a4044] was not registered for synchronization because synchronization is not active
JDBC Connection [HikariProxyConnection@1634166554 wrapping com.mysql.cj.jdbc.ConnectionImpl@73a9ea26] will not be managed by Spring
==>  Preparing: SELECT id,name,code,sort_order,status,created_at,updated_at FROM t_post_category WHERE id=? AND status=1
==> Parameters: 4(Long)
<==    Columns: id, name, code, sort_order, status, created_at, updated_at
<==        Row: 4, 分享, share, 4, 1, 2026-05-27 18:20:26, 2026-05-27 18:20:26
<==      Total: 1
Closing non transactional SqlSession [org.apache.ibatis.session.defaults.DefaultSqlSession@6c3a4044]
Creating a new SqlSession
SqlSession [org.apache.ibatis.session.defaults.DefaultSqlSession@fdd3c70] was not registered for synchronization because synchronization is not active
JDBC Connection [HikariProxyConnection@828073391 wrapping com.mysql.cj.jdbc.ConnectionImpl@73a9ea26] will not be managed by Spring
==>  Preparing: SELECT id,username,password,nickname,avatar,bio,email,status,created_at,updated_at FROM t_user WHERE id=? AND status=1
==> Parameters: 5(Long)
<==    Columns: id, username, password, nickname, avatar, bio, email, status, created_at, updated_at
<==        Row: 5, rpg_lover, $2a$10$N.zmdr9k7uOCQb376NoUnuTJ8iAt6Z5EHsM8lE9lBOsl7iKTVKIUi, RPG爱好者, null, RPG永不毕业！, null, 1, 2026-05-27 18:20:26, 2026-05-27 18:20:26
<==      Total: 1
Closing non transactional SqlSession [org.apache.ibatis.session.defaults.DefaultSqlSession@fdd3c70]
Creating a new SqlSession
SqlSession [org.apache.ibatis.session.defaults.DefaultSqlSession@76547a0e] was not registered for synchronization because synchronization is not active
JDBC Connection [HikariProxyConnection@277673480 wrapping com.mysql.cj.jdbc.ConnectionImpl@73a9ea26] will not be managed by Spring
==>  Preparing: SELECT id,name,code,sort_order,status,created_at,updated_at FROM t_post_category WHERE id=? AND status=1
==> Parameters: 2(Long)
<==    Columns: id, name, code, sort_order, status, created_at, updated_at
<==        Row: 2, 讨论, discuss, 2, 1, 2026-05-27 18:20:26, 2026-05-27 18:20:26
<==      Total: 1
Closing non transactional SqlSession [org.apache.ibatis.session.defaults.DefaultSqlSession@76547a0e]
Creating a new SqlSession
SqlSession [org.apache.ibatis.session.defaults.DefaultSqlSession@6508c403] was not registered for synchronization because synchronization is not active
JDBC Connection [HikariProxyConnection@811161254 wrapping com.mysql.cj.jdbc.ConnectionImpl@73a9ea26] will not be managed by Spring
==>  Preparing: SELECT id,username,password,nickname,avatar,bio,email,status,created_at,updated_at FROM t_user WHERE id=? AND status=1
==> Parameters: 4(Long)
<==    Columns: id, username, password, nickname, avatar, bio, email, status, created_at, updated_at
<==        Row: 4, game_girl, $2a$10$N.zmdr9k7uOCQb376NoUnuTJ8iAt6Z5EHsM8lE9lBOsl7iKTVKIUi, 游戏少女, null, 只玩好游戏~, null, 1, 2026-05-27 18:20:26, 2026-05-27 18:20:26
<==      Total: 1
Closing non transactional SqlSession [org.apache.ibatis.session.defaults.DefaultSqlSession@6508c403]
Creating a new SqlSession
SqlSession [org.apache.ibatis.session.defaults.DefaultSqlSession@3901f89d] was not registered for synchronization because synchronization is not active
JDBC Connection [HikariProxyConnection@445258594 wrapping com.mysql.cj.jdbc.ConnectionImpl@73a9ea26] will not be managed by Spring
==>  Preparing: SELECT id,name,code,sort_order,status,created_at,updated_at FROM t_post_category WHERE id=? AND status=1
==> Parameters: 1(Long)
<==    Columns: id, name, code, sort_order, status, created_at, updated_at
<==        Row: 1, 攻略, guide, 1, 1, 2026-05-27 18:20:26, 2026-05-27 18:20:26
<==      Total: 1
Closing non transactional SqlSession [org.apache.ibatis.session.defaults.DefaultSqlSession@3901f89d]
Creating a new SqlSession
SqlSession [org.apache.ibatis.session.defaults.DefaultSqlSession@318f8eb1] was not registered for synchronization because synchronization is not active
JDBC Connection [HikariProxyConnection@133975309 wrapping com.mysql.cj.jdbc.ConnectionImpl@73a9ea26] will not be managed by Spring
==>  Preparing: SELECT id,username,password,nickname,avatar,bio,email,status,created_at,updated_at FROM t_user WHERE id=? AND status=1
==> Parameters: 2(Long)
<==    Columns: id, username, password, nickname, avatar, bio, email, status, created_at, updated_at
<==        Row: 2, player1, $2a$10$N.zmdr9k7uOCQb376NoUnuTJ8iAt6Z5EHsM8lE9lBOsl7iKTVKIUi, 玩家一号, null, 热爱游戏的普通玩家, null, 1, 2026-05-27 18:20:26, 2026-05-27 18:20:26
<==      Total: 1
Closing non transactional SqlSession [org.apache.ibatis.session.defaults.DefaultSqlSession@318f8eb1]
Creating a new SqlSession
SqlSession [org.apache.ibatis.session.defaults.DefaultSqlSession@49e81fde] was not registered for synchronization because synchronization is not active
JDBC Connection [HikariProxyConnection@81783380 wrapping com.mysql.cj.jdbc.ConnectionImpl@73a9ea26] will not be managed by Spring
==>  Preparing: SELECT id,name,code,sort_order,status,created_at,updated_at FROM t_post_category WHERE id=? AND status=1
==> Parameters: 3(Long)
<==    Columns: id, name, code, sort_order, status, created_at, updated_at
<==        Row: 3, 求助, help, 3, 1, 2026-05-27 18:20:26, 2026-05-27 18:20:26
<==      Total: 1
Closing non transactional SqlSession [org.apache.ibatis.session.defaults.DefaultSqlSession@49e81fde]
Creating a new SqlSession
SqlSession [org.apache.ibatis.session.defaults.DefaultSqlSession@1480d386] was not registered for synchronization because synchronization is not active
JDBC Connection [HikariProxyConnection@496969767 wrapping com.mysql.cj.jdbc.ConnectionImpl@73a9ea26] will not be managed by Spring
==>  Preparing: SELECT id,username,password,nickname,avatar,bio,email,status,created_at,updated_at FROM t_user WHERE id=? AND status=1
==> Parameters: 5(Long)
<==    Columns: id, username, password, nickname, avatar, bio, email, status, created_at, updated_at
<==        Row: 5, rpg_lover, $2a$10$N.zmdr9k7uOCQb376NoUnuTJ8iAt6Z5EHsM8lE9lBOsl7iKTVKIUi, RPG爱好者, null, RPG永不毕业！, null, 1, 2026-05-27 18:20:26, 2026-05-27 18:20:26
<==      Total: 1
Closing non transactional SqlSession [org.apache.ibatis.session.defaults.DefaultSqlSession@1480d386]
Creating a new SqlSession
SqlSession [org.apache.ibatis.session.defaults.DefaultSqlSession@b99a822] was not registered for synchronization because synchronization is not active
JDBC Connection [HikariProxyConnection@1896567478 wrapping com.mysql.cj.jdbc.ConnectionImpl@73a9ea26] will not be managed by Spring
==>  Preparing: SELECT COUNT( * ) AS total FROM t_notification WHERE (user_id = ? AND is_read = ?)
==> Parameters: 1(Long), 0(Integer)
<==    Columns: total
<==        Row: 0
<==      Total: 1
Closing non transactional SqlSession [org.apache.ibatis.session.defaults.DefaultSqlSession@b99a822]
Creating a new SqlSession
SqlSession [org.apache.ibatis.session.defaults.DefaultSqlSession@3f3a955c] was not registered for synchronization because synchronization is not active
JDBC Connection [HikariProxyConnection@1682940282 wrapping com.mysql.cj.jdbc.ConnectionImpl@45f49252] will not be managed by Spring
==>  Preparing: SELECT COUNT( * ) AS total FROM t_notification WHERE (user_id = ? AND is_read = ?)
==> Parameters: 1(Long), 0(Integer)
<==    Columns: total
<==        Row: 0
<==      Total: 1
Closing non transactional SqlSession [org.apache.ibatis.session.defaults.DefaultSqlSession@3f3a955c]
Creating a new SqlSession
SqlSession [org.apache.ibatis.session.defaults.DefaultSqlSession@38673895] was not registered for synchronization because synchronization is not active
JDBC Connection [HikariProxyConnection@1492342991 wrapping com.mysql.cj.jdbc.ConnectionImpl@45f49252] will not be managed by Spring
==>  Preparing: SELECT COUNT( * ) AS total FROM t_notification WHERE (user_id = ? AND is_read = ?)
==> Parameters: 1(Long), 0(Integer)
<==    Columns: total
<==        Row: 0
<==      Total: 1
Closing non transactional SqlSession [org.apache.ibatis.session.defaults.DefaultSqlSession@38673895]
Creating a new SqlSession
SqlSession [org.apache.ibatis.session.defaults.DefaultSqlSession@7b1986a8] was not registered for synchronization because synchronization is not active
JDBC Connection [HikariProxyConnection@1866081100 wrapping com.mysql.cj.jdbc.ConnectionImpl@73a9ea26] will not be managed by Spring
==>  Preparing: SELECT COUNT( * ) AS total FROM t_notification WHERE (user_id = ? AND is_read = ?)
==> Parameters: 1(Long), 0(Integer)
<==    Columns: total
<==        Row: 0
<==      Total: 1
Closing non transactional SqlSession [org.apache.ibatis.session.defaults.DefaultSqlSession@7b1986a8]
Creating a new SqlSession
SqlSession [org.apache.ibatis.session.defaults.DefaultSqlSession@281098ad] was not registered for synchronization because synchronization is not active
JDBC Connection [HikariProxyConnection@175970044 wrapping com.mysql.cj.jdbc.ConnectionImpl@73a9ea26] will not be managed by Spring
==>  Preparing: SELECT COUNT( * ) AS total FROM t_notification WHERE (user_id = ? AND is_read = ?)
==> Parameters: 1(Long), 0(Integer)
<==    Columns: total
<==        Row: 0
<==      Total: 1
Closing non transactional SqlSession [org.apache.ibatis.session.defaults.DefaultSqlSession@281098ad]
Creating a new SqlSession
SqlSession [org.apache.ibatis.session.defaults.DefaultSqlSession@13ee18f7] was not registered for synchronization because synchronization is not active
JDBC Connection [HikariProxyConnection@921541782 wrapping com.mysql.cj.jdbc.ConnectionImpl@45f49252] will not be managed by Spring
==>  Preparing: SELECT id,username,password,nickname,avatar,bio,email,status,created_at,updated_at FROM t_user WHERE id=? AND status=1
==> Parameters: 1(Long)
<==    Columns: id, username, password, nickname, avatar, bio, email, status, created_at, updated_at
<==        Row: 1, admin, $2a$10$N.zmdr9k7uOCQb376NoUnuTJ8iAt6Z5EHsM8lE9lBOsl7iKTVKIUi, 管理员, null, GameBox 官方管理员, null, 1, 2026-05-27 18:20:26, 2026-05-27 18:20:26
<==      Total: 1
Closing non transactional SqlSession [org.apache.ibatis.session.defaults.DefaultSqlSession@13ee18f7]
Creating a new SqlSession
SqlSession [org.apache.ibatis.session.defaults.DefaultSqlSession@3e66d68f] was not registered for synchronization because synchronization is not active
JDBC Connection [HikariProxyConnection@1571575828 wrapping com.mysql.cj.jdbc.ConnectionImpl@45f49252] will not be managed by Spring
==>  Preparing: SELECT COUNT( * ) AS total FROM t_post WHERE status=1 AND (user_id = ? AND status = ?)
==> Parameters: 1(Long), 1(Integer)
<==    Columns: total
<==        Row: 0
<==      Total: 1
Closing non transactional SqlSession [org.apache.ibatis.session.defaults.DefaultSqlSession@3e66d68f]
Creating a new SqlSession
SqlSession [org.apache.ibatis.session.defaults.DefaultSqlSession@24374663] was not registered for synchronization because synchronization is not active
JDBC Connection [HikariProxyConnection@753741508 wrapping com.mysql.cj.jdbc.ConnectionImpl@45f49252] will not be managed by Spring
==>  Preparing: SELECT COUNT( * ) AS total FROM t_follow WHERE (follower_id = ?)
==> Parameters: 1(Long)
<==    Columns: total
<==        Row: 0
<==      Total: 1
Closing non transactional SqlSession [org.apache.ibatis.session.defaults.DefaultSqlSession@24374663]
Creating a new SqlSession
SqlSession [org.apache.ibatis.session.defaults.DefaultSqlSession@6f8d5c77] was not registered for synchronization because synchronization is not active
JDBC Connection [HikariProxyConnection@1905728443 wrapping com.mysql.cj.jdbc.ConnectionImpl@45f49252] will not be managed by Spring
==>  Preparing: SELECT COUNT( * ) AS total FROM t_follow WHERE (followee_id = ?)
==> Parameters: 1(Long)
<==    Columns: total
<==        Row: 0
<==      Total: 1
Closing non transactional SqlSession [org.apache.ibatis.session.defaults.DefaultSqlSession@6f8d5c77]
Creating a new SqlSession
SqlSession [org.apache.ibatis.session.defaults.DefaultSqlSession@526cd268] was not registered for synchronization because synchronization is not active
JDBC Connection [HikariProxyConnection@1468482230 wrapping com.mysql.cj.jdbc.ConnectionImpl@45f49252] will not be managed by Spring
==>  Preparing: SELECT id,user_id,game_id,category_id,title,content,tags,cover_image,view_count,like_count,reply_count,share_count,heat_score,is_top,is_essence,status,created_at,updated_at FROM t_post WHERE status=1 AND (user_id = ? AND status = ?)
==> Parameters: 1(Long), 1(Integer)
<==      Total: 0
Closing non transactional SqlSession [org.apache.ibatis.session.defaults.DefaultSqlSession@526cd268]
Creating a new SqlSession
SqlSession [org.apache.ibatis.session.defaults.DefaultSqlSession@172139f9] was not registered for synchronization because synchronization is not active
Creating a new SqlSession
SqlSession [org.apache.ibatis.session.defaults.DefaultSqlSession@758b62d3] was not registered for synchronization because synchronization is not active
JDBC Connection [HikariProxyConnection@1736807175 wrapping com.mysql.cj.jdbc.ConnectionImpl@73a9ea26] will not be managed by Spring
==>  Preparing: SELECT COUNT( * ) AS total FROM t_notification WHERE (user_id = ? AND is_read = ?)
==> Parameters: 1(Long), 0(Integer)
Creating a new SqlSession
SqlSession [org.apache.ibatis.session.defaults.DefaultSqlSession@7e638bd8] was not registered for synchronization because synchronization is not active
JDBC Connection [HikariProxyConnection@870205072 wrapping com.mysql.cj.jdbc.ConnectionImpl@45f49252] will not be managed by Spring
==>  Preparing: SELECT COUNT(*) AS total FROM t_game WHERE status = 1 AND (is_recommend = ? AND status = ?)
<==    Columns: total
<==        Row: 0
==> Parameters: 1(Integer), 1(Integer)
<==      Total: 1
Closing non transactional SqlSession [org.apache.ibatis.session.defaults.DefaultSqlSession@758b62d3]
<==    Columns: total
<==        Row: 5
<==      Total: 1
==>  Preparing: SELECT id,name,cover,description,developer,publisher,release_date,platform,tags,rating,rating_count,is_recommend,status,created_at,updated_at FROM t_game WHERE status=1 AND (is_recommend = ? AND status = ?) ORDER BY rating DESC LIMIT ?
==> Parameters: 1(Integer), 1(Integer), 6(Long)
<==    Columns: id, name, cover, description, developer, publisher, release_date, platform, tags, rating, rating_count, is_recommend, status, created_at, updated_at
JDBC Connection [HikariProxyConnection@956167310 wrapping com.mysql.cj.jdbc.ConnectionImpl@73a9ea26] will not be managed by Spring
<==        Row: 2, 塞尔达传说：王国之泪, https://upload.wikimedia.org/wikipedia/en/f/fb/The_Legend_of_Zelda_Tears_of_the_Kingdom_cover.jpg, <<BLOB>>, 任天堂, 任天堂, 2023-05-12, Switch, 开放世界,冒险,解谜, 9.80, 980, 1, 1, 2026-05-27 18:20:26, 2026-05-27 18:20:26
==>  Preparing: SELECT COUNT(*) AS total FROM t_post WHERE status = 1 AND (status = ?)
==> Parameters: 1(Integer)
<==        Row: 3, 博德之门3, https://cdn.cloudflare.steamstatic.com/steam/apps/1086940/library_600x900.jpg, <<BLOB>>, Larian Studios, Larian Studios, 2023-08-03, PC,PS5, RPG,回合制,奇幻, 9.60, 850, 1, 1, 2026-05-27 18:20:26, 2026-05-27 18:20:26
<==        Row: 1, 艾尔登法环, https://cdn.cloudflare.steamstatic.com/steam/apps/1245620/library_600x900.jpg, <<BLOB>>, FromSoftware, Bandai Namco, 2022-02-25, PC,PS5,Xbox, 魂系,开放世界,RPG, 9.50, 1200, 1, 1, 2026-05-27 18:20:26, 2026-05-27 18:20:26
<==        Row: 5, 星露谷物语, https://cdn.cloudflare.steamstatic.com/steam/apps/413150/library_600x900.jpg, <<BLOB>>, ConcernedApe, ConcernedApe, 2016-02-27, PC,Switch,PS5,Xbox, 模拟经营,像素,休闲, 9.30, 760, 1, 1, 2026-05-27 18:20:26, 2026-05-27 18:20:26
<==        Row: 4, 黑神话：悟空, https://cdn.cloudflare.steamstatic.com/steam/apps/2358720/library_600x900.jpg, <<BLOB>>, 游戏科学, 游戏科学, 2024-08-20, PC,PS5, 动作,RPG,神话, 9.20, 2100, 1, 1, 2026-05-27 18:20:26, 2026-05-27 18:20:26
<==    Columns: total
<==        Row: 8
<==      Total: 1
<==      Total: 5
Closing non transactional SqlSession [org.apache.ibatis.session.defaults.DefaultSqlSession@172139f9]
==>  Preparing: SELECT id,user_id,game_id,category_id,title,content,tags,cover_image,view_count,like_count,reply_count,share_count,heat_score,is_top,is_essence,status,created_at,updated_at FROM t_post WHERE status=1 AND (status = ?) ORDER BY heat_score DESC,created_at DESC LIMIT ?
==> Parameters: 1(Integer), 10(Long)
<==    Columns: id, user_id, game_id, category_id, title, content, tags, cover_image, view_count, like_count, reply_count, share_count, heat_score, is_top, is_essence, status, created_at, updated_at
<==        Row: 6, 3, 4, 5, 黑神话DLC预测：下一站天庭？, <<BLOB>>, 黑神话,悟空,DLC,预测, null, 3207, 278, 99, 0, 120.5, 0, 0, 1, 2026-05-27 18:20:26, 2026-05-27 18:20:26
<==        Row: 2, 3, 4, 1, 黑神话：悟空 隐藏BOSS全部打法分享, <<BLOB>>, 黑神话,悟空,BOSS攻略, null, 1897, 203, 67, 0, 92.3, 0, 0, 1, 2026-05-27 18:20:26, 2026-05-27 18:20:26
<==        Row: 1, 2, 1, 1, 艾尔登法环 DLC 黄金树幽影 全地图攻略, <<BLOB>>, 艾尔登法环,攻略,DLC, null, 2344, 157, 43, 0, 85.6, 0, 0, 1, 2026-05-27 18:20:26, 2026-05-27 18:20:26
<==        Row: 3, 4, 3, 2, 博德之门3 最强Build推荐, <<BLOB>>, 博德之门3,Build,RPG, null, 1203, 89, 32, 0, 45.2, 0, 0, 1, 2026-05-27 18:20:26, 2026-05-27 18:20:26
<==        Row: 4, 5, 2, 4, 王国之泪 200小时后的感动, <<BLOB>>, 塞尔达,王国之泪,感想, null, 890, 67, 18, 0, 28.7, 0, 0, 1, 2026-05-27 18:20:26, 2026-05-27 18:20:26
<==        Row: 7, 4, 1, 2, 讨论：FromSoftware下一作会是什么题材, <<BLOB>>, FromSoftware,魂系,新作, null, 670, 34, 15, 0, 18.9, 0, 0, 1, 2026-05-27 18:20:26, 2026-05-27 18:20:26
<==        Row: 5, 2, 5, 1, 星露谷物语 新手入门指南, <<BLOB>>, 星露谷,新手,指南, null, 561, 45, 12, 0, 15.3, 0, 0, 1, 2026-05-27 18:20:26, 2026-05-27 18:20:26
<==        Row: 8, 5, 3, 3, 求助：博德之门3 影心个人任务卡住了, <<BLOB>>, 博德之门3,求助,Bug, null, 320, 12, 8, 0, 6.5, 0, 0, 1, 2026-05-27 18:20:26, 2026-05-27 18:20:26
<==      Total: 8
Closing non transactional SqlSession [org.apache.ibatis.session.defaults.DefaultSqlSession@7e638bd8]
Creating a new SqlSession
SqlSession [org.apache.ibatis.session.defaults.DefaultSqlSession@2b916bb4] was not registered for synchronization because synchronization is not active
JDBC Connection [HikariProxyConnection@2090841036 wrapping com.mysql.cj.jdbc.ConnectionImpl@73a9ea26] will not be managed by Spring
==>  Preparing: SELECT id,name,code,sort_order,status,created_at,updated_at FROM t_post_category WHERE id=? AND status=1
==> Parameters: 5(Long)
<==    Columns: id, name, code, sort_order, status, created_at, updated_at
<==        Row: 5, 新闻, news, 5, 1, 2026-05-27 18:20:26, 2026-05-27 18:20:26
Creating a new SqlSession
<==      Total: 1
SqlSession [org.apache.ibatis.session.defaults.DefaultSqlSession@2eb690a9] was not registered for synchronization because synchronization is not active
Closing non transactional SqlSession [org.apache.ibatis.session.defaults.DefaultSqlSession@2b916bb4]
Creating a new SqlSession
SqlSession [org.apache.ibatis.session.defaults.DefaultSqlSession@12292228] was not registered for synchronization because synchronization is not active
JDBC Connection [HikariProxyConnection@843396882 wrapping com.mysql.cj.jdbc.ConnectionImpl@73a9ea26] will not be managed by Spring
==>  Preparing: SELECT id,username,password,nickname,avatar,bio,email,status,created_at,updated_at FROM t_user WHERE id=? AND status=1
==> Parameters: 3(Long)
<==    Columns: id, username, password, nickname, avatar, bio, email, status, created_at, updated_at
<==        Row: 3, gamer_pro, $2a$10$N.zmdr9k7uOCQb376NoUnuTJ8iAt6Z5EHsM8lE9lBOsl7iKTVKIUi, 高玩达人, null, 全平台制霸！, null, 1, 2026-05-27 18:20:26, 2026-05-27 18:20:26
<==      Total: 1
Closing non transactional SqlSession [org.apache.ibatis.session.defaults.DefaultSqlSession@12292228]
Creating a new SqlSession
SqlSession [org.apache.ibatis.session.defaults.DefaultSqlSession@6908b745] was not registered for synchronization because synchronization is not active
JDBC Connection [HikariProxyConnection@854319150 wrapping com.mysql.cj.jdbc.ConnectionImpl@73a9ea26] will not be managed by Spring
JDBC Connection [HikariProxyConnection@1171091542 wrapping com.mysql.cj.jdbc.ConnectionImpl@45f49252] will not be managed by Spring
==>  Preparing: SELECT id,name,code,sort_order,status,created_at,updated_at FROM t_post_category WHERE id=? AND status=1
==>  Preparing: SELECT COUNT(*) AS total FROM t_game WHERE status = 1 AND (is_recommend = ? AND status = ?)
==> Parameters: 1(Integer), 1(Integer)
==> Parameters: 1(Long)
<==    Columns: id, name, code, sort_order, status, created_at, updated_at
<==        Row: 1, 攻略, guide, 1, 1, 2026-05-27 18:20:26, 2026-05-27 18:20:26
<==      Total: 1
<==    Columns: total
<==        Row: 5
Closing non transactional SqlSession [org.apache.ibatis.session.defaults.DefaultSqlSession@6908b745]
<==      Total: 1
Creating a new SqlSession
SqlSession [org.apache.ibatis.session.defaults.DefaultSqlSession@354ead69] was not registered for synchronization because synchronization is not active
==>  Preparing: SELECT id,name,cover,description,developer,publisher,release_date,platform,tags,rating,rating_count,is_recommend,status,created_at,updated_at FROM t_game WHERE status=1 AND (is_recommend = ? AND status = ?) ORDER BY rating DESC LIMIT ?
JDBC Connection [HikariProxyConnection@433096218 wrapping com.mysql.cj.jdbc.ConnectionImpl@73a9ea26] will not be managed by Spring
==>  Preparing: SELECT id,username,password,nickname,avatar,bio,email,status,created_at,updated_at FROM t_user WHERE id=? AND status=1
==> Parameters: 3(Long)
==> Parameters: 1(Integer), 1(Integer), 6(Long)
<==    Columns: id, username, password, nickname, avatar, bio, email, status, created_at, updated_at
<==    Columns: id, name, cover, description, developer, publisher, release_date, platform, tags, rating, rating_count, is_recommend, status, created_at, updated_at
<==        Row: 3, gamer_pro, $2a$10$N.zmdr9k7uOCQb376NoUnuTJ8iAt6Z5EHsM8lE9lBOsl7iKTVKIUi, 高玩达人, null, 全平台制霸！, null, 1, 2026-05-27 18:20:26, 2026-05-27 18:20:26
<==        Row: 2, 塞尔达传说：王国之泪, https://upload.wikimedia.org/wikipedia/en/f/fb/The_Legend_of_Zelda_Tears_of_the_Kingdom_cover.jpg, <<BLOB>>, 任天堂, 任天堂, 2023-05-12, Switch, 开放世界,冒险,解谜, 9.80, 980, 1, 1, 2026-05-27 18:20:26, 2026-05-27 18:20:26
<==      Total: 1
Closing non transactional SqlSession [org.apache.ibatis.session.defaults.DefaultSqlSession@354ead69]
<==        Row: 3, 博德之门3, https://cdn.cloudflare.steamstatic.com/steam/apps/1086940/library_600x900.jpg, <<BLOB>>, Larian Studios, Larian Studios, 2023-08-03, PC,PS5, RPG,回合制,奇幻, 9.60, 850, 1, 1, 2026-05-27 18:20:26, 2026-05-27 18:20:26
Creating a new SqlSession
SqlSession [org.apache.ibatis.session.defaults.DefaultSqlSession@3078165e] was not registered for synchronization because synchronization is not active
<==        Row: 1, 艾尔登法环, https://cdn.cloudflare.steamstatic.com/steam/apps/1245620/library_600x900.jpg, <<BLOB>>, FromSoftware, Bandai Namco, 2022-02-25, PC,PS5,Xbox, 魂系,开放世界,RPG, 9.50, 1200, 1, 1, 2026-05-27 18:20:26, 2026-05-27 18:20:26
JDBC Connection [HikariProxyConnection@1881002205 wrapping com.mysql.cj.jdbc.ConnectionImpl@73a9ea26] will not be managed by Spring
==>  Preparing: SELECT id,name,code,sort_order,status,created_at,updated_at FROM t_post_category WHERE id=? AND status=1
<==        Row: 5, 星露谷物语, https://cdn.cloudflare.steamstatic.com/steam/apps/413150/library_600x900.jpg, <<BLOB>>, ConcernedApe, ConcernedApe, 2016-02-27, PC,Switch,PS5,Xbox, 模拟经营,像素,休闲, 9.30, 760, 1, 1, 2026-05-27 18:20:26, 2026-05-27 18:20:26
==> Parameters: 1(Long)
<==        Row: 4, 黑神话：悟空, https://cdn.cloudflare.steamstatic.com/steam/apps/2358720/library_600x900.jpg, <<BLOB>>, 游戏科学, 游戏科学, 2024-08-20, PC,PS5, 动作,RPG,神话, 9.20, 2100, 1, 1, 2026-05-27 18:20:26, 2026-05-27 18:20:26
<==      Total: 5
Closing non transactional SqlSession [org.apache.ibatis.session.defaults.DefaultSqlSession@2eb690a9]
<==    Columns: id, name, code, sort_order, status, created_at, updated_at
<==        Row: 1, 攻略, guide, 1, 1, 2026-05-27 18:20:26, 2026-05-27 18:20:26
<==      Total: 1
Closing non transactional SqlSession [org.apache.ibatis.session.defaults.DefaultSqlSession@3078165e]
Creating a new SqlSession
SqlSession [org.apache.ibatis.session.defaults.DefaultSqlSession@260051af] was not registered for synchronization because synchronization is not active
JDBC Connection [HikariProxyConnection@1446668759 wrapping com.mysql.cj.jdbc.ConnectionImpl@73a9ea26] will not be managed by Spring
==>  Preparing: SELECT id,username,password,nickname,avatar,bio,email,status,created_at,updated_at FROM t_user WHERE id=? AND status=1
==> Parameters: 2(Long)
<==    Columns: id, username, password, nickname, avatar, bio, email, status, created_at, updated_at
<==        Row: 2, player1, $2a$10$N.zmdr9k7uOCQb376NoUnuTJ8iAt6Z5EHsM8lE9lBOsl7iKTVKIUi, 玩家一号, null, 热爱游戏的普通玩家, null, 1, 2026-05-27 18:20:26, 2026-05-27 18:20:26
<==      Total: 1
Closing non transactional SqlSession [org.apache.ibatis.session.defaults.DefaultSqlSession@260051af]
Creating a new SqlSession
SqlSession [org.apache.ibatis.session.defaults.DefaultSqlSession@26f50598] was not registered for synchronization because synchronization is not active
JDBC Connection [HikariProxyConnection@48014784 wrapping com.mysql.cj.jdbc.ConnectionImpl@73a9ea26] will not be managed by Spring
==>  Preparing: SELECT id,name,code,sort_order,status,created_at,updated_at FROM t_post_category WHERE id=? AND status=1
==> Parameters: 2(Long)
<==    Columns: id, name, code, sort_order, status, created_at, updated_at
<==        Row: 2, 讨论, discuss, 2, 1, 2026-05-27 18:20:26, 2026-05-27 18:20:26
<==      Total: 1
Closing non transactional SqlSession [org.apache.ibatis.session.defaults.DefaultSqlSession@26f50598]
Creating a new SqlSession
SqlSession [org.apache.ibatis.session.defaults.DefaultSqlSession@312340e5] was not registered for synchronization because synchronization is not active
JDBC Connection [HikariProxyConnection@1064589980 wrapping com.mysql.cj.jdbc.ConnectionImpl@73a9ea26] will not be managed by Spring
==>  Preparing: SELECT id,username,password,nickname,avatar,bio,email,status,created_at,updated_at FROM t_user WHERE id=? AND status=1
==> Parameters: 4(Long)
<==    Columns: id, username, password, nickname, avatar, bio, email, status, created_at, updated_at
<==        Row: 4, game_girl, $2a$10$N.zmdr9k7uOCQb376NoUnuTJ8iAt6Z5EHsM8lE9lBOsl7iKTVKIUi, 游戏少女, null, 只玩好游戏~, null, 1, 2026-05-27 18:20:26, 2026-05-27 18:20:26
<==      Total: 1
Closing non transactional SqlSession [org.apache.ibatis.session.defaults.DefaultSqlSession@312340e5]
Creating a new SqlSession
SqlSession [org.apache.ibatis.session.defaults.DefaultSqlSession@3727506e] was not registered for synchronization because synchronization is not active
JDBC Connection [HikariProxyConnection@472386055 wrapping com.mysql.cj.jdbc.ConnectionImpl@73a9ea26] will not be managed by Spring
==>  Preparing: SELECT id,name,code,sort_order,status,created_at,updated_at FROM t_post_category WHERE id=? AND status=1
==> Parameters: 4(Long)
<==    Columns: id, name, code, sort_order, status, created_at, updated_at
<==        Row: 4, 分享, share, 4, 1, 2026-05-27 18:20:26, 2026-05-27 18:20:26
<==      Total: 1
Closing non transactional SqlSession [org.apache.ibatis.session.defaults.DefaultSqlSession@3727506e]
Creating a new SqlSession
SqlSession [org.apache.ibatis.session.defaults.DefaultSqlSession@51748023] was not registered for synchronization because synchronization is not active
JDBC Connection [HikariProxyConnection@1549602371 wrapping com.mysql.cj.jdbc.ConnectionImpl@73a9ea26] will not be managed by Spring
==>  Preparing: SELECT id,username,password,nickname,avatar,bio,email,status,created_at,updated_at FROM t_user WHERE id=? AND status=1
==> Parameters: 5(Long)
<==    Columns: id, username, password, nickname, avatar, bio, email, status, created_at, updated_at
<==        Row: 5, rpg_lover, $2a$10$N.zmdr9k7uOCQb376NoUnuTJ8iAt6Z5EHsM8lE9lBOsl7iKTVKIUi, RPG爱好者, null, RPG永不毕业！, null, 1, 2026-05-27 18:20:26, 2026-05-27 18:20:26
<==      Total: 1
Closing non transactional SqlSession [org.apache.ibatis.session.defaults.DefaultSqlSession@51748023]
Creating a new SqlSession
SqlSession [org.apache.ibatis.session.defaults.DefaultSqlSession@2958f465] was not registered for synchronization because synchronization is not active
JDBC Connection [HikariProxyConnection@1557667061 wrapping com.mysql.cj.jdbc.ConnectionImpl@73a9ea26] will not be managed by Spring
==>  Preparing: SELECT id,name,code,sort_order,status,created_at,updated_at FROM t_post_category WHERE id=? AND status=1
==> Parameters: 2(Long)
<==    Columns: id, name, code, sort_order, status, created_at, updated_at
<==        Row: 2, 讨论, discuss, 2, 1, 2026-05-27 18:20:26, 2026-05-27 18:20:26
<==      Total: 1
Closing non transactional SqlSession [org.apache.ibatis.session.defaults.DefaultSqlSession@2958f465]
Creating a new SqlSession
SqlSession [org.apache.ibatis.session.defaults.DefaultSqlSession@220f9269] was not registered for synchronization because synchronization is not active
JDBC Connection [HikariProxyConnection@1276817809 wrapping com.mysql.cj.jdbc.ConnectionImpl@73a9ea26] will not be managed by Spring
==>  Preparing: SELECT id,username,password,nickname,avatar,bio,email,status,created_at,updated_at FROM t_user WHERE id=? AND status=1
==> Parameters: 4(Long)
<==    Columns: id, username, password, nickname, avatar, bio, email, status, created_at, updated_at
<==        Row: 4, game_girl, $2a$10$N.zmdr9k7uOCQb376NoUnuTJ8iAt6Z5EHsM8lE9lBOsl7iKTVKIUi, 游戏少女, null, 只玩好游戏~, null, 1, 2026-05-27 18:20:26, 2026-05-27 18:20:26
<==      Total: 1
Closing non transactional SqlSession [org.apache.ibatis.session.defaults.DefaultSqlSession@220f9269]
Creating a new SqlSession
SqlSession [org.apache.ibatis.session.defaults.DefaultSqlSession@21faed89] was not registered for synchronization because synchronization is not active
JDBC Connection [HikariProxyConnection@2134421253 wrapping com.mysql.cj.jdbc.ConnectionImpl@73a9ea26] will not be managed by Spring
==>  Preparing: SELECT id,name,code,sort_order,status,created_at,updated_at FROM t_post_category WHERE id=? AND status=1
==> Parameters: 1(Long)
<==    Columns: id, name, code, sort_order, status, created_at, updated_at
<==        Row: 1, 攻略, guide, 1, 1, 2026-05-27 18:20:26, 2026-05-27 18:20:26
<==      Total: 1
Closing non transactional SqlSession [org.apache.ibatis.session.defaults.DefaultSqlSession@21faed89]
Creating a new SqlSession
SqlSession [org.apache.ibatis.session.defaults.DefaultSqlSession@7f8d9b74] was not registered for synchronization because synchronization is not active
JDBC Connection [HikariProxyConnection@166569897 wrapping com.mysql.cj.jdbc.ConnectionImpl@73a9ea26] will not be managed by Spring
==>  Preparing: SELECT id,username,password,nickname,avatar,bio,email,status,created_at,updated_at FROM t_user WHERE id=? AND status=1
==> Parameters: 2(Long)
<==    Columns: id, username, password, nickname, avatar, bio, email, status, created_at, updated_at
<==        Row: 2, player1, $2a$10$N.zmdr9k7uOCQb376NoUnuTJ8iAt6Z5EHsM8lE9lBOsl7iKTVKIUi, 玩家一号, null, 热爱游戏的普通玩家, null, 1, 2026-05-27 18:20:26, 2026-05-27 18:20:26
<==      Total: 1
Closing non transactional SqlSession [org.apache.ibatis.session.defaults.DefaultSqlSession@7f8d9b74]
Creating a new SqlSession
SqlSession [org.apache.ibatis.session.defaults.DefaultSqlSession@6d04e561] was not registered for synchronization because synchronization is not active
JDBC Connection [HikariProxyConnection@2118227342 wrapping com.mysql.cj.jdbc.ConnectionImpl@73a9ea26] will not be managed by Spring
==>  Preparing: SELECT id,name,code,sort_order,status,created_at,updated_at FROM t_post_category WHERE id=? AND status=1
==> Parameters: 3(Long)
<==    Columns: id, name, code, sort_order, status, created_at, updated_at
<==        Row: 3, 求助, help, 3, 1, 2026-05-27 18:20:26, 2026-05-27 18:20:26
<==      Total: 1
Closing non transactional SqlSession [org.apache.ibatis.session.defaults.DefaultSqlSession@6d04e561]
Creating a new SqlSession
SqlSession [org.apache.ibatis.session.defaults.DefaultSqlSession@1262e899] was not registered for synchronization because synchronization is not active
JDBC Connection [HikariProxyConnection@1485256793 wrapping com.mysql.cj.jdbc.ConnectionImpl@73a9ea26] will not be managed by Spring
==>  Preparing: SELECT id,username,password,nickname,avatar,bio,email,status,created_at,updated_at FROM t_user WHERE id=? AND status=1
==> Parameters: 5(Long)
<==    Columns: id, username, password, nickname, avatar, bio, email, status, created_at, updated_at
<==        Row: 5, rpg_lover, $2a$10$N.zmdr9k7uOCQb376NoUnuTJ8iAt6Z5EHsM8lE9lBOsl7iKTVKIUi, RPG爱好者, null, RPG永不毕业！, null, 1, 2026-05-27 18:20:26, 2026-05-27 18:20:26
<==      Total: 1
Closing non transactional SqlSession [org.apache.ibatis.session.defaults.DefaultSqlSession@1262e899]
Creating a new SqlSession
SqlSession [org.apache.ibatis.session.defaults.DefaultSqlSession@184daf8a] was not registered for synchronization because synchronization is not active
JDBC Connection [HikariProxyConnection@435134342 wrapping com.mysql.cj.jdbc.ConnectionImpl@45f49252] will not be managed by Spring
==>  Preparing: SELECT id,username,password,nickname,avatar,bio,email,status,created_at,updated_at FROM t_user WHERE id=? AND status=1
==> Parameters: 1(Long)
<==    Columns: id, username, password, nickname, avatar, bio, email, status, created_at, updated_at
<==        Row: 1, admin, $2a$10$N.zmdr9k7uOCQb376NoUnuTJ8iAt6Z5EHsM8lE9lBOsl7iKTVKIUi, 管理员, null, GameBox 官方管理员, null, 1, 2026-05-27 18:20:26, 2026-05-27 18:20:26
<==      Total: 1
Closing non transactional SqlSession [org.apache.ibatis.session.defaults.DefaultSqlSession@184daf8a]
Creating a new SqlSession
SqlSession [org.apache.ibatis.session.defaults.DefaultSqlSession@56673f78] was not registered for synchronization because synchronization is not active
JDBC Connection [HikariProxyConnection@589560769 wrapping com.mysql.cj.jdbc.ConnectionImpl@45f49252] will not be managed by Spring
==>  Preparing: SELECT COUNT( * ) AS total FROM t_post WHERE status=1 AND (user_id = ? AND status = ?)
==> Parameters: 1(Long), 1(Integer)
<==    Columns: total
<==        Row: 0
<==      Total: 1
Closing non transactional SqlSession [org.apache.ibatis.session.defaults.DefaultSqlSession@56673f78]
Creating a new SqlSession
SqlSession [org.apache.ibatis.session.defaults.DefaultSqlSession@5918b03b] was not registered for synchronization because synchronization is not active
JDBC Connection [HikariProxyConnection@921421983 wrapping com.mysql.cj.jdbc.ConnectionImpl@45f49252] will not be managed by Spring
==>  Preparing: SELECT COUNT( * ) AS total FROM t_follow WHERE (follower_id = ?)
==> Parameters: 1(Long)
<==    Columns: total
<==        Row: 0
<==      Total: 1
Closing non transactional SqlSession [org.apache.ibatis.session.defaults.DefaultSqlSession@5918b03b]
Creating a new SqlSession
SqlSession [org.apache.ibatis.session.defaults.DefaultSqlSession@668fab9a] was not registered for synchronization because synchronization is not active
JDBC Connection [HikariProxyConnection@2047497752 wrapping com.mysql.cj.jdbc.ConnectionImpl@45f49252] will not be managed by Spring
==>  Preparing: SELECT COUNT( * ) AS total FROM t_follow WHERE (followee_id = ?)
==> Parameters: 1(Long)
<==    Columns: total
<==        Row: 0
<==      Total: 1
Closing non transactional SqlSession [org.apache.ibatis.session.defaults.DefaultSqlSession@668fab9a]
Creating a new SqlSession
SqlSession [org.apache.ibatis.session.defaults.DefaultSqlSession@4e382d9f] was not registered for synchronization because synchronization is not active
JDBC Connection [HikariProxyConnection@1441828025 wrapping com.mysql.cj.jdbc.ConnectionImpl@45f49252] will not be managed by Spring
==>  Preparing: SELECT id,user_id,game_id,category_id,title,content,tags,cover_image,view_count,like_count,reply_count,share_count,heat_score,is_top,is_essence,status,created_at,updated_at FROM t_post WHERE status=1 AND (user_id = ? AND status = ?)
==> Parameters: 1(Long), 1(Integer)
<==      Total: 0
Closing non transactional SqlSession [org.apache.ibatis.session.defaults.DefaultSqlSession@4e382d9f]
Creating a new SqlSession
SqlSession [org.apache.ibatis.session.defaults.DefaultSqlSession@29678cdf] was not registered for synchronization because synchronization is not active
Creating a new SqlSession
SqlSession [org.apache.ibatis.session.defaults.DefaultSqlSession@480c79ff] was not registered for synchronization because synchronization is not active
JDBC Connection [HikariProxyConnection@1642880070 wrapping com.mysql.cj.jdbc.ConnectionImpl@45f49252] will not be managed by Spring
==>  Preparing: SELECT COUNT( * ) AS total FROM t_notification WHERE (user_id = ? AND is_read = ?)
==> Parameters: 1(Long), 0(Integer)
<==    Columns: total
<==        Row: 0
<==      Total: 1
Closing non transactional SqlSession [org.apache.ibatis.session.defaults.DefaultSqlSession@480c79ff]
Creating a new SqlSession
SqlSession [org.apache.ibatis.session.defaults.DefaultSqlSession@7dd0db7] was not registered for synchronization because synchronization is not active
JDBC Connection [HikariProxyConnection@1974546124 wrapping com.mysql.cj.jdbc.ConnectionImpl@45f49252] will not be managed by Spring
==>  Preparing: SELECT COUNT(*) AS total FROM t_game WHERE status = 1 AND (is_recommend = ? AND status = ?)
==> Parameters: 1(Integer), 1(Integer)
<==    Columns: total
<==        Row: 5
<==      Total: 1
==>  Preparing: SELECT id,name,cover,description,developer,publisher,release_date,platform,tags,rating,rating_count,is_recommend,status,created_at,updated_at FROM t_game WHERE status=1 AND (is_recommend = ? AND status = ?) ORDER BY rating DESC LIMIT ?
==> Parameters: 1(Integer), 1(Integer), 6(Long)
JDBC Connection [HikariProxyConnection@809957154 wrapping com.mysql.cj.jdbc.ConnectionImpl@73a9ea26] will not be managed by Spring
==>  Preparing: SELECT COUNT(*) AS total FROM t_post WHERE status = 1 AND (status = ?)
<==    Columns: id, name, cover, description, developer, publisher, release_date, platform, tags, rating, rating_count, is_recommend, status, created_at, updated_at
==> Parameters: 1(Integer)
<==        Row: 2, 塞尔达传说：王国之泪, https://upload.wikimedia.org/wikipedia/en/f/fb/The_Legend_of_Zelda_Tears_of_the_Kingdom_cover.jpg, <<BLOB>>, 任天堂, 任天堂, 2023-05-12, Switch, 开放世界,冒险,解谜, 9.80, 980, 1, 1, 2026-05-27 18:20:26, 2026-05-27 18:20:26
<==        Row: 3, 博德之门3, https://cdn.cloudflare.steamstatic.com/steam/apps/1086940/library_600x900.jpg, <<BLOB>>, Larian Studios, Larian Studios, 2023-08-03, PC,PS5, RPG,回合制,奇幻, 9.60, 850, 1, 1, 2026-05-27 18:20:26, 2026-05-27 18:20:26
<==    Columns: total
<==        Row: 8
<==      Total: 1
<==        Row: 1, 艾尔登法环, https://cdn.cloudflare.steamstatic.com/steam/apps/1245620/library_600x900.jpg, <<BLOB>>, FromSoftware, Bandai Namco, 2022-02-25, PC,PS5,Xbox, 魂系,开放世界,RPG, 9.50, 1200, 1, 1, 2026-05-27 18:20:26, 2026-05-27 18:20:26
<==        Row: 5, 星露谷物语, https://cdn.cloudflare.steamstatic.com/steam/apps/413150/library_600x900.jpg, <<BLOB>>, ConcernedApe, ConcernedApe, 2016-02-27, PC,Switch,PS5,Xbox, 模拟经营,像素,休闲, 9.30, 760, 1, 1, 2026-05-27 18:20:26, 2026-05-27 18:20:26
==>  Preparing: SELECT id,user_id,game_id,category_id,title,content,tags,cover_image,view_count,like_count,reply_count,share_count,heat_score,is_top,is_essence,status,created_at,updated_at FROM t_post WHERE status=1 AND (status = ?) ORDER BY heat_score DESC,created_at DESC LIMIT ?
<==        Row: 4, 黑神话：悟空, https://cdn.cloudflare.steamstatic.com/steam/apps/2358720/library_600x900.jpg, <<BLOB>>, 游戏科学, 游戏科学, 2024-08-20, PC,PS5, 动作,RPG,神话, 9.20, 2100, 1, 1, 2026-05-27 18:20:26, 2026-05-27 18:20:26
<==      Total: 5
==> Parameters: 1(Integer), 10(Long)
Closing non transactional SqlSession [org.apache.ibatis.session.defaults.DefaultSqlSession@29678cdf]
<==    Columns: id, user_id, game_id, category_id, title, content, tags, cover_image, view_count, like_count, reply_count, share_count, heat_score, is_top, is_essence, status, created_at, updated_at
<==        Row: 6, 3, 4, 5, 黑神话DLC预测：下一站天庭？, <<BLOB>>, 黑神话,悟空,DLC,预测, null, 3207, 278, 99, 0, 120.5, 0, 0, 1, 2026-05-27 18:20:26, 2026-05-27 18:20:26
<==        Row: 2, 3, 4, 1, 黑神话：悟空 隐藏BOSS全部打法分享, <<BLOB>>, 黑神话,悟空,BOSS攻略, null, 1897, 203, 67, 0, 92.3, 0, 0, 1, 2026-05-27 18:20:26, 2026-05-27 18:20:26
<==        Row: 1, 2, 1, 1, 艾尔登法环 DLC 黄金树幽影 全地图攻略, <<BLOB>>, 艾尔登法环,攻略,DLC, null, 2344, 157, 43, 0, 85.6, 0, 0, 1, 2026-05-27 18:20:26, 2026-05-27 18:20:26
<==        Row: 3, 4, 3, 2, 博德之门3 最强Build推荐, <<BLOB>>, 博德之门3,Build,RPG, null, 1203, 89, 32, 0, 45.2, 0, 0, 1, 2026-05-27 18:20:26, 2026-05-27 18:20:26
<==        Row: 4, 5, 2, 4, 王国之泪 200小时后的感动, <<BLOB>>, 塞尔达,王国之泪,感想, null, 890, 67, 18, 0, 28.7, 0, 0, 1, 2026-05-27 18:20:26, 2026-05-27 18:20:26
<==        Row: 7, 4, 1, 2, 讨论：FromSoftware下一作会是什么题材, <<BLOB>>, FromSoftware,魂系,新作, null, 670, 34, 15, 0, 18.9, 0, 0, 1, 2026-05-27 18:20:26, 2026-05-27 18:20:26
<==        Row: 5, 2, 5, 1, 星露谷物语 新手入门指南, <<BLOB>>, 星露谷,新手,指南, null, 561, 45, 12, 0, 15.3, 0, 0, 1, 2026-05-27 18:20:26, 2026-05-27 18:20:26
<==        Row: 8, 5, 3, 3, 求助：博德之门3 影心个人任务卡住了, <<BLOB>>, 博德之门3,求助,Bug, null, 320, 12, 8, 0, 6.5, 0, 0, 1, 2026-05-27 18:20:26, 2026-05-27 18:20:26
<==      Total: 8
Closing non transactional SqlSession [org.apache.ibatis.session.defaults.DefaultSqlSession@7dd0db7]
Creating a new SqlSession
SqlSession [org.apache.ibatis.session.defaults.DefaultSqlSession@72531e56] was not registered for synchronization because synchronization is not active
JDBC Connection [HikariProxyConnection@1974143193 wrapping com.mysql.cj.jdbc.ConnectionImpl@73a9ea26] will not be managed by Spring
==>  Preparing: SELECT id,name,code,sort_order,status,created_at,updated_at FROM t_post_category WHERE id=? AND status=1
==> Parameters: 5(Long)
<==    Columns: id, name, code, sort_order, status, created_at, updated_at
<==        Row: 5, 新闻, news, 5, 1, 2026-05-27 18:20:26, 2026-05-27 18:20:26
<==      Total: 1
Closing non transactional SqlSession [org.apache.ibatis.session.defaults.DefaultSqlSession@72531e56]
Creating a new SqlSession
SqlSession [org.apache.ibatis.session.defaults.DefaultSqlSession@429e89d3] was not registered for synchronization because synchronization is not active
JDBC Connection [HikariProxyConnection@685084280 wrapping com.mysql.cj.jdbc.ConnectionImpl@73a9ea26] will not be managed by Spring
Creating a new SqlSession
SqlSession [org.apache.ibatis.session.defaults.DefaultSqlSession@12338760] was not registered for synchronization because synchronization is not active
==>  Preparing: SELECT id,username,password,nickname,avatar,bio,email,status,created_at,updated_at FROM t_user WHERE id=? AND status=1
==> Parameters: 3(Long)
<==    Columns: id, username, password, nickname, avatar, bio, email, status, created_at, updated_at
<==        Row: 3, gamer_pro, $2a$10$N.zmdr9k7uOCQb376NoUnuTJ8iAt6Z5EHsM8lE9lBOsl7iKTVKIUi, 高玩达人, null, 全平台制霸！, null, 1, 2026-05-27 18:20:26, 2026-05-27 18:20:26
<==      Total: 1
Closing non transactional SqlSession [org.apache.ibatis.session.defaults.DefaultSqlSession@429e89d3]
Creating a new SqlSession
SqlSession [org.apache.ibatis.session.defaults.DefaultSqlSession@7d6acc47] was not registered for synchronization because synchronization is not active
JDBC Connection [HikariProxyConnection@1259082280 wrapping com.mysql.cj.jdbc.ConnectionImpl@73a9ea26] will not be managed by Spring
==>  Preparing: SELECT id,name,code,sort_order,status,created_at,updated_at FROM t_post_category WHERE id=? AND status=1
==> Parameters: 1(Long)
<==    Columns: id, name, code, sort_order, status, created_at, updated_at
JDBC Connection [HikariProxyConnection@1053470843 wrapping com.mysql.cj.jdbc.ConnectionImpl@45f49252] will not be managed by Spring
==>  Preparing: SELECT COUNT(*) AS total FROM t_game WHERE status = 1 AND (is_recommend = ? AND status = ?)
<==        Row: 1, 攻略, guide, 1, 1, 2026-05-27 18:20:26, 2026-05-27 18:20:26
==> Parameters: 1(Integer), 1(Integer)
<==      Total: 1
Closing non transactional SqlSession [org.apache.ibatis.session.defaults.DefaultSqlSession@7d6acc47]
Creating a new SqlSession
SqlSession [org.apache.ibatis.session.defaults.DefaultSqlSession@6720329f] was not registered for synchronization because synchronization is not active
JDBC Connection [HikariProxyConnection@1283703496 wrapping com.mysql.cj.jdbc.ConnectionImpl@73a9ea26] will not be managed by Spring
==>  Preparing: SELECT id,username,password,nickname,avatar,bio,email,status,created_at,updated_at FROM t_user WHERE id=? AND status=1
==> Parameters: 3(Long)
<==    Columns: total
<==        Row: 5
<==      Total: 1
==>  Preparing: SELECT id,name,cover,description,developer,publisher,release_date,platform,tags,rating,rating_count,is_recommend,status,created_at,updated_at FROM t_game WHERE status=1 AND (is_recommend = ? AND status = ?) ORDER BY rating DESC LIMIT ?
<==    Columns: id, username, password, nickname, avatar, bio, email, status, created_at, updated_at
==> Parameters: 1(Integer), 1(Integer), 6(Long)
<==        Row: 3, gamer_pro, $2a$10$N.zmdr9k7uOCQb376NoUnuTJ8iAt6Z5EHsM8lE9lBOsl7iKTVKIUi, 高玩达人, null, 全平台制霸！, null, 1, 2026-05-27 18:20:26, 2026-05-27 18:20:26
<==      Total: 1
Closing non transactional SqlSession [org.apache.ibatis.session.defaults.DefaultSqlSession@6720329f]
Creating a new SqlSession
SqlSession [org.apache.ibatis.session.defaults.DefaultSqlSession@5f3836b0] was not registered for synchronization because synchronization is not active
JDBC Connection [HikariProxyConnection@971657986 wrapping com.mysql.cj.jdbc.ConnectionImpl@73a9ea26] will not be managed by Spring
==>  Preparing: SELECT id,name,code,sort_order,status,created_at,updated_at FROM t_post_category WHERE id=? AND status=1
<==    Columns: id, name, cover, description, developer, publisher, release_date, platform, tags, rating, rating_count, is_recommend, status, created_at, updated_at
==> Parameters: 1(Long)
<==        Row: 2, 塞尔达传说：王国之泪, https://upload.wikimedia.org/wikipedia/en/f/fb/The_Legend_of_Zelda_Tears_of_the_Kingdom_cover.jpg, <<BLOB>>, 任天堂, 任天堂, 2023-05-12, Switch, 开放世界,冒险,解谜, 9.80, 980, 1, 1, 2026-05-27 18:20:26, 2026-05-27 18:20:26
<==        Row: 3, 博德之门3, https://cdn.cloudflare.steamstatic.com/steam/apps/1086940/library_600x900.jpg, <<BLOB>>, Larian Studios, Larian Studios, 2023-08-03, PC,PS5, RPG,回合制,奇幻, 9.60, 850, 1, 1, 2026-05-27 18:20:26, 2026-05-27 18:20:26
<==        Row: 1, 艾尔登法环, https://cdn.cloudflare.steamstatic.com/steam/apps/1245620/library_600x900.jpg, <<BLOB>>, FromSoftware, Bandai Namco, 2022-02-25, PC,PS5,Xbox, 魂系,开放世界,RPG, 9.50, 1200, 1, 1, 2026-05-27 18:20:26, 2026-05-27 18:20:26
<==    Columns: id, name, code, sort_order, status, created_at, updated_at
<==        Row: 5, 星露谷物语, https://cdn.cloudflare.steamstatic.com/steam/apps/413150/library_600x900.jpg, <<BLOB>>, ConcernedApe, ConcernedApe, 2016-02-27, PC,Switch,PS5,Xbox, 模拟经营,像素,休闲, 9.30, 760, 1, 1, 2026-05-27 18:20:26, 2026-05-27 18:20:26
<==        Row: 1, 攻略, guide, 1, 1, 2026-05-27 18:20:26, 2026-05-27 18:20:26
<==      Total: 1
<==        Row: 4, 黑神话：悟空, https://cdn.cloudflare.steamstatic.com/steam/apps/2358720/library_600x900.jpg, <<BLOB>>, 游戏科学, 游戏科学, 2024-08-20, PC,PS5, 动作,RPG,神话, 9.20, 2100, 1, 1, 2026-05-27 18:20:26, 2026-05-27 18:20:26
Closing non transactional SqlSession [org.apache.ibatis.session.defaults.DefaultSqlSession@5f3836b0]
<==      Total: 5
Creating a new SqlSession
Closing non transactional SqlSession [org.apache.ibatis.session.defaults.DefaultSqlSession@12338760]
SqlSession [org.apache.ibatis.session.defaults.DefaultSqlSession@2476ce26] was not registered for synchronization because synchronization is not active
JDBC Connection [HikariProxyConnection@988148142 wrapping com.mysql.cj.jdbc.ConnectionImpl@73a9ea26] will not be managed by Spring
==>  Preparing: SELECT id,username,password,nickname,avatar,bio,email,status,created_at,updated_at FROM t_user WHERE id=? AND status=1
==> Parameters: 2(Long)
<==    Columns: id, username, password, nickname, avatar, bio, email, status, created_at, updated_at
<==        Row: 2, player1, $2a$10$N.zmdr9k7uOCQb376NoUnuTJ8iAt6Z5EHsM8lE9lBOsl7iKTVKIUi, 玩家一号, null, 热爱游戏的普通玩家, null, 1, 2026-05-27 18:20:26, 2026-05-27 18:20:26
<==      Total: 1
Closing non transactional SqlSession [org.apache.ibatis.session.defaults.DefaultSqlSession@2476ce26]
Creating a new SqlSession
SqlSession [org.apache.ibatis.session.defaults.DefaultSqlSession@504b1012] was not registered for synchronization because synchronization is not active
JDBC Connection [HikariProxyConnection@1121907651 wrapping com.mysql.cj.jdbc.ConnectionImpl@73a9ea26] will not be managed by Spring
==>  Preparing: SELECT id,name,code,sort_order,status,created_at,updated_at FROM t_post_category WHERE id=? AND status=1
==> Parameters: 2(Long)
<==    Columns: id, name, code, sort_order, status, created_at, updated_at
<==        Row: 2, 讨论, discuss, 2, 1, 2026-05-27 18:20:26, 2026-05-27 18:20:26
<==      Total: 1
Closing non transactional SqlSession [org.apache.ibatis.session.defaults.DefaultSqlSession@504b1012]
Creating a new SqlSession
SqlSession [org.apache.ibatis.session.defaults.DefaultSqlSession@60d506af] was not registered for synchronization because synchronization is not active
JDBC Connection [HikariProxyConnection@1754677543 wrapping com.mysql.cj.jdbc.ConnectionImpl@73a9ea26] will not be managed by Spring
==>  Preparing: SELECT id,username,password,nickname,avatar,bio,email,status,created_at,updated_at FROM t_user WHERE id=? AND status=1
==> Parameters: 4(Long)
<==    Columns: id, username, password, nickname, avatar, bio, email, status, created_at, updated_at
<==        Row: 4, game_girl, $2a$10$N.zmdr9k7uOCQb376NoUnuTJ8iAt6Z5EHsM8lE9lBOsl7iKTVKIUi, 游戏少女, null, 只玩好游戏~, null, 1, 2026-05-27 18:20:26, 2026-05-27 18:20:26
<==      Total: 1
Closing non transactional SqlSession [org.apache.ibatis.session.defaults.DefaultSqlSession@60d506af]
Creating a new SqlSession
SqlSession [org.apache.ibatis.session.defaults.DefaultSqlSession@121a60ac] was not registered for synchronization because synchronization is not active
JDBC Connection [HikariProxyConnection@1513290814 wrapping com.mysql.cj.jdbc.ConnectionImpl@73a9ea26] will not be managed by Spring
==>  Preparing: SELECT id,name,code,sort_order,status,created_at,updated_at FROM t_post_category WHERE id=? AND status=1
==> Parameters: 4(Long)
<==    Columns: id, name, code, sort_order, status, created_at, updated_at
<==        Row: 4, 分享, share, 4, 1, 2026-05-27 18:20:26, 2026-05-27 18:20:26
<==      Total: 1
Closing non transactional SqlSession [org.apache.ibatis.session.defaults.DefaultSqlSession@121a60ac]
Creating a new SqlSession
SqlSession [org.apache.ibatis.session.defaults.DefaultSqlSession@426ed53a] was not registered for synchronization because synchronization is not active
JDBC Connection [HikariProxyConnection@61919963 wrapping com.mysql.cj.jdbc.ConnectionImpl@73a9ea26] will not be managed by Spring
==>  Preparing: SELECT id,username,password,nickname,avatar,bio,email,status,created_at,updated_at FROM t_user WHERE id=? AND status=1
==> Parameters: 5(Long)
<==    Columns: id, username, password, nickname, avatar, bio, email, status, created_at, updated_at
<==        Row: 5, rpg_lover, $2a$10$N.zmdr9k7uOCQb376NoUnuTJ8iAt6Z5EHsM8lE9lBOsl7iKTVKIUi, RPG爱好者, null, RPG永不毕业！, null, 1, 2026-05-27 18:20:26, 2026-05-27 18:20:26
<==      Total: 1
Closing non transactional SqlSession [org.apache.ibatis.session.defaults.DefaultSqlSession@426ed53a]
Creating a new SqlSession
SqlSession [org.apache.ibatis.session.defaults.DefaultSqlSession@76e8cb4d] was not registered for synchronization because synchronization is not active
JDBC Connection [HikariProxyConnection@1117456303 wrapping com.mysql.cj.jdbc.ConnectionImpl@73a9ea26] will not be managed by Spring
==>  Preparing: SELECT id,name,code,sort_order,status,created_at,updated_at FROM t_post_category WHERE id=? AND status=1
==> Parameters: 2(Long)
<==    Columns: id, name, code, sort_order, status, created_at, updated_at
<==        Row: 2, 讨论, discuss, 2, 1, 2026-05-27 18:20:26, 2026-05-27 18:20:26
<==      Total: 1
Closing non transactional SqlSession [org.apache.ibatis.session.defaults.DefaultSqlSession@76e8cb4d]
Creating a new SqlSession
SqlSession [org.apache.ibatis.session.defaults.DefaultSqlSession@79448ca0] was not registered for synchronization because synchronization is not active
JDBC Connection [HikariProxyConnection@1237750374 wrapping com.mysql.cj.jdbc.ConnectionImpl@73a9ea26] will not be managed by Spring
==>  Preparing: SELECT id,username,password,nickname,avatar,bio,email,status,created_at,updated_at FROM t_user WHERE id=? AND status=1
==> Parameters: 4(Long)
<==    Columns: id, username, password, nickname, avatar, bio, email, status, created_at, updated_at
<==        Row: 4, game_girl, $2a$10$N.zmdr9k7uOCQb376NoUnuTJ8iAt6Z5EHsM8lE9lBOsl7iKTVKIUi, 游戏少女, null, 只玩好游戏~, null, 1, 2026-05-27 18:20:26, 2026-05-27 18:20:26
<==      Total: 1
Closing non transactional SqlSession [org.apache.ibatis.session.defaults.DefaultSqlSession@79448ca0]
Creating a new SqlSession
SqlSession [org.apache.ibatis.session.defaults.DefaultSqlSession@555db297] was not registered for synchronization because synchronization is not active
JDBC Connection [HikariProxyConnection@136381712 wrapping com.mysql.cj.jdbc.ConnectionImpl@73a9ea26] will not be managed by Spring
==>  Preparing: SELECT id,name,code,sort_order,status,created_at,updated_at FROM t_post_category WHERE id=? AND status=1
==> Parameters: 1(Long)
<==    Columns: id, name, code, sort_order, status, created_at, updated_at
<==        Row: 1, 攻略, guide, 1, 1, 2026-05-27 18:20:26, 2026-05-27 18:20:26
<==      Total: 1
Closing non transactional SqlSession [org.apache.ibatis.session.defaults.DefaultSqlSession@555db297]
Creating a new SqlSession
SqlSession [org.apache.ibatis.session.defaults.DefaultSqlSession@74e6a1cd] was not registered for synchronization because synchronization is not active
JDBC Connection [HikariProxyConnection@1276603596 wrapping com.mysql.cj.jdbc.ConnectionImpl@73a9ea26] will not be managed by Spring
==>  Preparing: SELECT id,username,password,nickname,avatar,bio,email,status,created_at,updated_at FROM t_user WHERE id=? AND status=1
==> Parameters: 2(Long)
<==    Columns: id, username, password, nickname, avatar, bio, email, status, created_at, updated_at
<==        Row: 2, player1, $2a$10$N.zmdr9k7uOCQb376NoUnuTJ8iAt6Z5EHsM8lE9lBOsl7iKTVKIUi, 玩家一号, null, 热爱游戏的普通玩家, null, 1, 2026-05-27 18:20:26, 2026-05-27 18:20:26
<==      Total: 1
Closing non transactional SqlSession [org.apache.ibatis.session.defaults.DefaultSqlSession@74e6a1cd]
Creating a new SqlSession
SqlSession [org.apache.ibatis.session.defaults.DefaultSqlSession@763384fb] was not registered for synchronization because synchronization is not active
JDBC Connection [HikariProxyConnection@932883257 wrapping com.mysql.cj.jdbc.ConnectionImpl@73a9ea26] will not be managed by Spring
==>  Preparing: SELECT id,name,code,sort_order,status,created_at,updated_at FROM t_post_category WHERE id=? AND status=1
==> Parameters: 3(Long)
<==    Columns: id, name, code, sort_order, status, created_at, updated_at
<==        Row: 3, 求助, help, 3, 1, 2026-05-27 18:20:26, 2026-05-27 18:20:26
<==      Total: 1
Closing non transactional SqlSession [org.apache.ibatis.session.defaults.DefaultSqlSession@763384fb]
Creating a new SqlSession
SqlSession [org.apache.ibatis.session.defaults.DefaultSqlSession@7bf729e3] was not registered for synchronization because synchronization is not active
JDBC Connection [HikariProxyConnection@285834810 wrapping com.mysql.cj.jdbc.ConnectionImpl@73a9ea26] will not be managed by Spring
==>  Preparing: SELECT id,username,password,nickname,avatar,bio,email,status,created_at,updated_at FROM t_user WHERE id=? AND status=1
==> Parameters: 5(Long)
<==    Columns: id, username, password, nickname, avatar, bio, email, status, created_at, updated_at
<==        Row: 5, rpg_lover, $2a$10$N.zmdr9k7uOCQb376NoUnuTJ8iAt6Z5EHsM8lE9lBOsl7iKTVKIUi, RPG爱好者, null, RPG永不毕业！, null, 1, 2026-05-27 18:20:26, 2026-05-27 18:20:26
<==      Total: 1
Closing non transactional SqlSession [org.apache.ibatis.session.defaults.DefaultSqlSession@7bf729e3]
Creating a new SqlSession
SqlSession [org.apache.ibatis.session.defaults.DefaultSqlSession@66b70125] was not registered for synchronization because synchronization is not active
JDBC Connection [HikariProxyConnection@1392271369 wrapping com.mysql.cj.jdbc.ConnectionImpl@45f49252] will not be managed by Spring
==>  Preparing: SELECT id,username,password,nickname,avatar,bio,email,status,created_at,updated_at FROM t_user WHERE id=? AND status=1
==> Parameters: 1(Long)
<==    Columns: id, username, password, nickname, avatar, bio, email, status, created_at, updated_at
<==        Row: 1, admin, $2a$10$N.zmdr9k7uOCQb376NoUnuTJ8iAt6Z5EHsM8lE9lBOsl7iKTVKIUi, 管理员, null, GameBox 官方管理员, null, 1, 2026-05-27 18:20:26, 2026-05-27 18:20:26
<==      Total: 1
Closing non transactional SqlSession [org.apache.ibatis.session.defaults.DefaultSqlSession@66b70125]
Creating a new SqlSession
SqlSession [org.apache.ibatis.session.defaults.DefaultSqlSession@7b6b1fd] was not registered for synchronization because synchronization is not active
JDBC Connection [HikariProxyConnection@1507210759 wrapping com.mysql.cj.jdbc.ConnectionImpl@45f49252] will not be managed by Spring
==>  Preparing: SELECT COUNT( * ) AS total FROM t_post WHERE status=1 AND (user_id = ? AND status = ?)
==> Parameters: 1(Long), 1(Integer)
<==    Columns: total
<==        Row: 0
<==      Total: 1
Closing non transactional SqlSession [org.apache.ibatis.session.defaults.DefaultSqlSession@7b6b1fd]
Creating a new SqlSession
SqlSession [org.apache.ibatis.session.defaults.DefaultSqlSession@4f6fbd87] was not registered for synchronization because synchronization is not active
JDBC Connection [HikariProxyConnection@2103755982 wrapping com.mysql.cj.jdbc.ConnectionImpl@45f49252] will not be managed by Spring
==>  Preparing: SELECT COUNT( * ) AS total FROM t_follow WHERE (follower_id = ?)
==> Parameters: 1(Long)
<==    Columns: total
<==        Row: 0
<==      Total: 1
Closing non transactional SqlSession [org.apache.ibatis.session.defaults.DefaultSqlSession@4f6fbd87]
Creating a new SqlSession
SqlSession [org.apache.ibatis.session.defaults.DefaultSqlSession@220eebc3] was not registered for synchronization because synchronization is not active
JDBC Connection [HikariProxyConnection@272628096 wrapping com.mysql.cj.jdbc.ConnectionImpl@45f49252] will not be managed by Spring
==>  Preparing: SELECT COUNT( * ) AS total FROM t_follow WHERE (followee_id = ?)
==> Parameters: 1(Long)
<==    Columns: total
<==        Row: 0
<==      Total: 1
Closing non transactional SqlSession [org.apache.ibatis.session.defaults.DefaultSqlSession@220eebc3]
Creating a new SqlSession
SqlSession [org.apache.ibatis.session.defaults.DefaultSqlSession@b978e09] was not registered for synchronization because synchronization is not active
JDBC Connection [HikariProxyConnection@1578253387 wrapping com.mysql.cj.jdbc.ConnectionImpl@45f49252] will not be managed by Spring
==>  Preparing: SELECT id,user_id,game_id,category_id,title,content,tags,cover_image,view_count,like_count,reply_count,share_count,heat_score,is_top,is_essence,status,created_at,updated_at FROM t_post WHERE status=1 AND (user_id = ? AND status = ?)
==> Parameters: 1(Long), 1(Integer)
<==      Total: 0
Closing non transactional SqlSession [org.apache.ibatis.session.defaults.DefaultSqlSession@b978e09]
Creating a new SqlSession
SqlSession [org.apache.ibatis.session.defaults.DefaultSqlSession@2a9bf081] was not registered for synchronization because synchronization is not active
Creating a new SqlSession
SqlSession [org.apache.ibatis.session.defaults.DefaultSqlSession@3a315b94] was not registered for synchronization because synchronization is not active
JDBC Connection [HikariProxyConnection@2065330308 wrapping com.mysql.cj.jdbc.ConnectionImpl@45f49252] will not be managed by Spring
==>  Preparing: SELECT COUNT( * ) AS total FROM t_notification WHERE (user_id = ? AND is_read = ?)
==> Parameters: 1(Long), 0(Integer)
<==    Columns: total
<==        Row: 0
<==      Total: 1
JDBC Connection [HikariProxyConnection@69763835 wrapping com.mysql.cj.jdbc.ConnectionImpl@73a9ea26] will not be managed by Spring
Closing non transactional SqlSession [org.apache.ibatis.session.defaults.DefaultSqlSession@3a315b94]
==>  Preparing: SELECT COUNT(*) AS total FROM t_game WHERE status = 1 AND (is_recommend = ? AND status = ?)
==> Parameters: 1(Integer), 1(Integer)
Creating a new SqlSession
SqlSession [org.apache.ibatis.session.defaults.DefaultSqlSession@42abac17] was not registered for synchronization because synchronization is not active
<==    Columns: total
<==        Row: 5
<==      Total: 1
==>  Preparing: SELECT id,name,cover,description,developer,publisher,release_date,platform,tags,rating,rating_count,is_recommend,status,created_at,updated_at FROM t_game WHERE status=1 AND (is_recommend = ? AND status = ?) ORDER BY rating DESC LIMIT ?
==> Parameters: 1(Integer), 1(Integer), 6(Long)
<==    Columns: id, name, cover, description, developer, publisher, release_date, platform, tags, rating, rating_count, is_recommend, status, created_at, updated_at
<==        Row: 2, 塞尔达传说：王国之泪, https://upload.wikimedia.org/wikipedia/en/f/fb/The_Legend_of_Zelda_Tears_of_the_Kingdom_cover.jpg, <<BLOB>>, 任天堂, 任天堂, 2023-05-12, Switch, 开放世界,冒险,解谜, 9.80, 980, 1, 1, 2026-05-27 18:20:26, 2026-05-27 18:20:26
<==        Row: 3, 博德之门3, https://cdn.cloudflare.steamstatic.com/steam/apps/1086940/library_600x900.jpg, <<BLOB>>, Larian Studios, Larian Studios, 2023-08-03, PC,PS5, RPG,回合制,奇幻, 9.60, 850, 1, 1, 2026-05-27 18:20:26, 2026-05-27 18:20:26
<==        Row: 1, 艾尔登法环, https://cdn.cloudflare.steamstatic.com/steam/apps/1245620/library_600x900.jpg, <<BLOB>>, FromSoftware, Bandai Namco, 2022-02-25, PC,PS5,Xbox, 魂系,开放世界,RPG, 9.50, 1200, 1, 1, 2026-05-27 18:20:26, 2026-05-27 18:20:26
<==        Row: 5, 星露谷物语, https://cdn.cloudflare.steamstatic.com/steam/apps/413150/library_600x900.jpg, <<BLOB>>, ConcernedApe, ConcernedApe, 2016-02-27, PC,Switch,PS5,Xbox, 模拟经营,像素,休闲, 9.30, 760, 1, 1, 2026-05-27 18:20:26, 2026-05-27 18:20:26
JDBC Connection [HikariProxyConnection@1816804308 wrapping com.mysql.cj.jdbc.ConnectionImpl@45f49252] will not be managed by Spring
<==        Row: 4, 黑神话：悟空, https://cdn.cloudflare.steamstatic.com/steam/apps/2358720/library_600x900.jpg, <<BLOB>>, 游戏科学, 游戏科学, 2024-08-20, PC,PS5, 动作,RPG,神话, 9.20, 2100, 1, 1, 2026-05-27 18:20:26, 2026-05-27 18:20:26
==>  Preparing: SELECT COUNT(*) AS total FROM t_post WHERE status = 1 AND (status = ?)
<==      Total: 5
Closing non transactional SqlSession [org.apache.ibatis.session.defaults.DefaultSqlSession@2a9bf081]
==> Parameters: 1(Integer)
<==    Columns: total
<==        Row: 8
<==      Total: 1
==>  Preparing: SELECT id,user_id,game_id,category_id,title,content,tags,cover_image,view_count,like_count,reply_count,share_count,heat_score,is_top,is_essence,status,created_at,updated_at FROM t_post WHERE status=1 AND (status = ?) ORDER BY heat_score DESC,created_at DESC LIMIT ?
==> Parameters: 1(Integer), 10(Long)
<==    Columns: id, user_id, game_id, category_id, title, content, tags, cover_image, view_count, like_count, reply_count, share_count, heat_score, is_top, is_essence, status, created_at, updated_at
<==        Row: 6, 3, 4, 5, 黑神话DLC预测：下一站天庭？, <<BLOB>>, 黑神话,悟空,DLC,预测, null, 3207, 278, 99, 0, 120.5, 0, 0, 1, 2026-05-27 18:20:26, 2026-05-27 18:20:26
<==        Row: 2, 3, 4, 1, 黑神话：悟空 隐藏BOSS全部打法分享, <<BLOB>>, 黑神话,悟空,BOSS攻略, null, 1897, 203, 67, 0, 92.3, 0, 0, 1, 2026-05-27 18:20:26, 2026-05-27 18:20:26
<==        Row: 1, 2, 1, 1, 艾尔登法环 DLC 黄金树幽影 全地图攻略, <<BLOB>>, 艾尔登法环,攻略,DLC, null, 2344, 157, 43, 0, 85.6, 0, 0, 1, 2026-05-27 18:20:26, 2026-05-27 18:20:26
<==        Row: 3, 4, 3, 2, 博德之门3 最强Build推荐, <<BLOB>>, 博德之门3,Build,RPG, null, 1203, 89, 32, 0, 45.2, 0, 0, 1, 2026-05-27 18:20:26, 2026-05-27 18:20:26
<==        Row: 4, 5, 2, 4, 王国之泪 200小时后的感动, <<BLOB>>, 塞尔达,王国之泪,感想, null, 890, 67, 18, 0, 28.7, 0, 0, 1, 2026-05-27 18:20:26, 2026-05-27 18:20:26
<==        Row: 7, 4, 1, 2, 讨论：FromSoftware下一作会是什么题材, <<BLOB>>, FromSoftware,魂系,新作, null, 670, 34, 15, 0, 18.9, 0, 0, 1, 2026-05-27 18:20:26, 2026-05-27 18:20:26
<==        Row: 5, 2, 5, 1, 星露谷物语 新手入门指南, <<BLOB>>, 星露谷,新手,指南, null, 561, 45, 12, 0, 15.3, 0, 0, 1, 2026-05-27 18:20:26, 2026-05-27 18:20:26
<==        Row: 8, 5, 3, 3, 求助：博德之门3 影心个人任务卡住了, <<BLOB>>, 博德之门3,求助,Bug, null, 320, 12, 8, 0, 6.5, 0, 0, 1, 2026-05-27 18:20:26, 2026-05-27 18:20:26
<==      Total: 8
Closing non transactional SqlSession [org.apache.ibatis.session.defaults.DefaultSqlSession@42abac17]
Creating a new SqlSession
SqlSession [org.apache.ibatis.session.defaults.DefaultSqlSession@6714ff98] was not registered for synchronization because synchronization is not active
JDBC Connection [HikariProxyConnection@1522396213 wrapping com.mysql.cj.jdbc.ConnectionImpl@45f49252] will not be managed by Spring
==>  Preparing: SELECT id,name,code,sort_order,status,created_at,updated_at FROM t_post_category WHERE id=? AND status=1
==> Parameters: 5(Long)
Creating a new SqlSession
SqlSession [org.apache.ibatis.session.defaults.DefaultSqlSession@1df246c4] was not registered for synchronization because synchronization is not active
<==    Columns: id, name, code, sort_order, status, created_at, updated_at
<==        Row: 5, 新闻, news, 5, 1, 2026-05-27 18:20:26, 2026-05-27 18:20:26
<==      Total: 1
Closing non transactional SqlSession [org.apache.ibatis.session.defaults.DefaultSqlSession@6714ff98]
Creating a new SqlSession
SqlSession [org.apache.ibatis.session.defaults.DefaultSqlSession@485eb3b5] was not registered for synchronization because synchronization is not active
JDBC Connection [HikariProxyConnection@150371609 wrapping com.mysql.cj.jdbc.ConnectionImpl@45f49252] will not be managed by Spring
==>  Preparing: SELECT id,username,password,nickname,avatar,bio,email,status,created_at,updated_at FROM t_user WHERE id=? AND status=1
==> Parameters: 3(Long)
JDBC Connection [HikariProxyConnection@407978947 wrapping com.mysql.cj.jdbc.ConnectionImpl@73a9ea26] will not be managed by Spring
==>  Preparing: SELECT COUNT(*) AS total FROM t_game WHERE status = 1 AND (is_recommend = ? AND status = ?)
==> Parameters: 1(Integer), 1(Integer)
<==    Columns: id, username, password, nickname, avatar, bio, email, status, created_at, updated_at
<==    Columns: total
<==        Row: 5
<==        Row: 3, gamer_pro, $2a$10$N.zmdr9k7uOCQb376NoUnuTJ8iAt6Z5EHsM8lE9lBOsl7iKTVKIUi, 高玩达人, null, 全平台制霸！, null, 1, 2026-05-27 18:20:26, 2026-05-27 18:20:26
<==      Total: 1
<==      Total: 1
Closing non transactional SqlSession [org.apache.ibatis.session.defaults.DefaultSqlSession@485eb3b5]
==>  Preparing: SELECT id,name,cover,description,developer,publisher,release_date,platform,tags,rating,rating_count,is_recommend,status,created_at,updated_at FROM t_game WHERE status=1 AND (is_recommend = ? AND status = ?) ORDER BY rating DESC LIMIT ?
Creating a new SqlSession
SqlSession [org.apache.ibatis.session.defaults.DefaultSqlSession@551933d9] was not registered for synchronization because synchronization is not active
==> Parameters: 1(Integer), 1(Integer), 6(Long)
JDBC Connection [HikariProxyConnection@1760031188 wrapping com.mysql.cj.jdbc.ConnectionImpl@45f49252] will not be managed by Spring
==>  Preparing: SELECT id,name,code,sort_order,status,created_at,updated_at FROM t_post_category WHERE id=? AND status=1
==> Parameters: 1(Long)
<==    Columns: id, name, cover, description, developer, publisher, release_date, platform, tags, rating, rating_count, is_recommend, status, created_at, updated_at
<==    Columns: id, name, code, sort_order, status, created_at, updated_at
<==        Row: 2, 塞尔达传说：王国之泪, https://upload.wikimedia.org/wikipedia/en/f/fb/The_Legend_of_Zelda_Tears_of_the_Kingdom_cover.jpg, <<BLOB>>, 任天堂, 任天堂, 2023-05-12, Switch, 开放世界,冒险,解谜, 9.80, 980, 1, 1, 2026-05-27 18:20:26, 2026-05-27 18:20:26
<==        Row: 1, 攻略, guide, 1, 1, 2026-05-27 18:20:26, 2026-05-27 18:20:26
<==      Total: 1
Closing non transactional SqlSession [org.apache.ibatis.session.defaults.DefaultSqlSession@551933d9]
<==        Row: 3, 博德之门3, https://cdn.cloudflare.steamstatic.com/steam/apps/1086940/library_600x900.jpg, <<BLOB>>, Larian Studios, Larian Studios, 2023-08-03, PC,PS5, RPG,回合制,奇幻, 9.60, 850, 1, 1, 2026-05-27 18:20:26, 2026-05-27 18:20:26
Creating a new SqlSession
SqlSession [org.apache.ibatis.session.defaults.DefaultSqlSession@113ca52e] was not registered for synchronization because synchronization is not active
<==        Row: 1, 艾尔登法环, https://cdn.cloudflare.steamstatic.com/steam/apps/1245620/library_600x900.jpg, <<BLOB>>, FromSoftware, Bandai Namco, 2022-02-25, PC,PS5,Xbox, 魂系,开放世界,RPG, 9.50, 1200, 1, 1, 2026-05-27 18:20:26, 2026-05-27 18:20:26
JDBC Connection [HikariProxyConnection@229100331 wrapping com.mysql.cj.jdbc.ConnectionImpl@45f49252] will not be managed by Spring
==>  Preparing: SELECT id,username,password,nickname,avatar,bio,email,status,created_at,updated_at FROM t_user WHERE id=? AND status=1
<==        Row: 5, 星露谷物语, https://cdn.cloudflare.steamstatic.com/steam/apps/413150/library_600x900.jpg, <<BLOB>>, ConcernedApe, ConcernedApe, 2016-02-27, PC,Switch,PS5,Xbox, 模拟经营,像素,休闲, 9.30, 760, 1, 1, 2026-05-27 18:20:26, 2026-05-27 18:20:26
==> Parameters: 3(Long)
<==        Row: 4, 黑神话：悟空, https://cdn.cloudflare.steamstatic.com/steam/apps/2358720/library_600x900.jpg, <<BLOB>>, 游戏科学, 游戏科学, 2024-08-20, PC,PS5, 动作,RPG,神话, 9.20, 2100, 1, 1, 2026-05-27 18:20:26, 2026-05-27 18:20:26
<==      Total: 5
Closing non transactional SqlSession [org.apache.ibatis.session.defaults.DefaultSqlSession@1df246c4]
<==    Columns: id, username, password, nickname, avatar, bio, email, status, created_at, updated_at
<==        Row: 3, gamer_pro, $2a$10$N.zmdr9k7uOCQb376NoUnuTJ8iAt6Z5EHsM8lE9lBOsl7iKTVKIUi, 高玩达人, null, 全平台制霸！, null, 1, 2026-05-27 18:20:26, 2026-05-27 18:20:26
<==      Total: 1
Closing non transactional SqlSession [org.apache.ibatis.session.defaults.DefaultSqlSession@113ca52e]
Creating a new SqlSession
SqlSession [org.apache.ibatis.session.defaults.DefaultSqlSession@1b21775a] was not registered for synchronization because synchronization is not active
JDBC Connection [HikariProxyConnection@1866507461 wrapping com.mysql.cj.jdbc.ConnectionImpl@45f49252] will not be managed by Spring
==>  Preparing: SELECT id,name,code,sort_order,status,created_at,updated_at FROM t_post_category WHERE id=? AND status=1
==> Parameters: 1(Long)
<==    Columns: id, name, code, sort_order, status, created_at, updated_at
<==        Row: 1, 攻略, guide, 1, 1, 2026-05-27 18:20:26, 2026-05-27 18:20:26
<==      Total: 1
Closing non transactional SqlSession [org.apache.ibatis.session.defaults.DefaultSqlSession@1b21775a]
Creating a new SqlSession
SqlSession [org.apache.ibatis.session.defaults.DefaultSqlSession@4991e43c] was not registered for synchronization because synchronization is not active
JDBC Connection [HikariProxyConnection@1503314419 wrapping com.mysql.cj.jdbc.ConnectionImpl@45f49252] will not be managed by Spring
==>  Preparing: SELECT id,username,password,nickname,avatar,bio,email,status,created_at,updated_at FROM t_user WHERE id=? AND status=1
==> Parameters: 2(Long)
<==    Columns: id, username, password, nickname, avatar, bio, email, status, created_at, updated_at
<==        Row: 2, player1, $2a$10$N.zmdr9k7uOCQb376NoUnuTJ8iAt6Z5EHsM8lE9lBOsl7iKTVKIUi, 玩家一号, null, 热爱游戏的普通玩家, null, 1, 2026-05-27 18:20:26, 2026-05-27 18:20:26
<==      Total: 1
Closing non transactional SqlSession [org.apache.ibatis.session.defaults.DefaultSqlSession@4991e43c]
Creating a new SqlSession
SqlSession [org.apache.ibatis.session.defaults.DefaultSqlSession@18de302] was not registered for synchronization because synchronization is not active
JDBC Connection [HikariProxyConnection@1199261451 wrapping com.mysql.cj.jdbc.ConnectionImpl@45f49252] will not be managed by Spring
==>  Preparing: SELECT id,name,code,sort_order,status,created_at,updated_at FROM t_post_category WHERE id=? AND status=1
==> Parameters: 2(Long)
<==    Columns: id, name, code, sort_order, status, created_at, updated_at
<==        Row: 2, 讨论, discuss, 2, 1, 2026-05-27 18:20:26, 2026-05-27 18:20:26
<==      Total: 1
Closing non transactional SqlSession [org.apache.ibatis.session.defaults.DefaultSqlSession@18de302]
Creating a new SqlSession
SqlSession [org.apache.ibatis.session.defaults.DefaultSqlSession@4a71e0a3] was not registered for synchronization because synchronization is not active
JDBC Connection [HikariProxyConnection@604671772 wrapping com.mysql.cj.jdbc.ConnectionImpl@45f49252] will not be managed by Spring
==>  Preparing: SELECT id,username,password,nickname,avatar,bio,email,status,created_at,updated_at FROM t_user WHERE id=? AND status=1
==> Parameters: 4(Long)
<==    Columns: id, username, password, nickname, avatar, bio, email, status, created_at, updated_at
<==        Row: 4, game_girl, $2a$10$N.zmdr9k7uOCQb376NoUnuTJ8iAt6Z5EHsM8lE9lBOsl7iKTVKIUi, 游戏少女, null, 只玩好游戏~, null, 1, 2026-05-27 18:20:26, 2026-05-27 18:20:26
<==      Total: 1
Closing non transactional SqlSession [org.apache.ibatis.session.defaults.DefaultSqlSession@4a71e0a3]
Creating a new SqlSession
SqlSession [org.apache.ibatis.session.defaults.DefaultSqlSession@7debc80e] was not registered for synchronization because synchronization is not active
JDBC Connection [HikariProxyConnection@945445864 wrapping com.mysql.cj.jdbc.ConnectionImpl@45f49252] will not be managed by Spring
==>  Preparing: SELECT id,name,code,sort_order,status,created_at,updated_at FROM t_post_category WHERE id=? AND status=1
==> Parameters: 4(Long)
<==    Columns: id, name, code, sort_order, status, created_at, updated_at
<==        Row: 4, 分享, share, 4, 1, 2026-05-27 18:20:26, 2026-05-27 18:20:26
<==      Total: 1
Closing non transactional SqlSession [org.apache.ibatis.session.defaults.DefaultSqlSession@7debc80e]
Creating a new SqlSession
SqlSession [org.apache.ibatis.session.defaults.DefaultSqlSession@57afbf8d] was not registered for synchronization because synchronization is not active
JDBC Connection [HikariProxyConnection@1957148366 wrapping com.mysql.cj.jdbc.ConnectionImpl@45f49252] will not be managed by Spring
==>  Preparing: SELECT id,username,password,nickname,avatar,bio,email,status,created_at,updated_at FROM t_user WHERE id=? AND status=1
==> Parameters: 5(Long)
<==    Columns: id, username, password, nickname, avatar, bio, email, status, created_at, updated_at
<==        Row: 5, rpg_lover, $2a$10$N.zmdr9k7uOCQb376NoUnuTJ8iAt6Z5EHsM8lE9lBOsl7iKTVKIUi, RPG爱好者, null, RPG永不毕业！, null, 1, 2026-05-27 18:20:26, 2026-05-27 18:20:26
<==      Total: 1
Closing non transactional SqlSession [org.apache.ibatis.session.defaults.DefaultSqlSession@57afbf8d]
Creating a new SqlSession
SqlSession [org.apache.ibatis.session.defaults.DefaultSqlSession@14162021] was not registered for synchronization because synchronization is not active
JDBC Connection [HikariProxyConnection@1055897337 wrapping com.mysql.cj.jdbc.ConnectionImpl@45f49252] will not be managed by Spring
==>  Preparing: SELECT id,name,code,sort_order,status,created_at,updated_at FROM t_post_category WHERE id=? AND status=1
==> Parameters: 2(Long)
<==    Columns: id, name, code, sort_order, status, created_at, updated_at
<==        Row: 2, 讨论, discuss, 2, 1, 2026-05-27 18:20:26, 2026-05-27 18:20:26
<==      Total: 1
Closing non transactional SqlSession [org.apache.ibatis.session.defaults.DefaultSqlSession@14162021]
Creating a new SqlSession
SqlSession [org.apache.ibatis.session.defaults.DefaultSqlSession@2895fb1d] was not registered for synchronization because synchronization is not active
JDBC Connection [HikariProxyConnection@229101830 wrapping com.mysql.cj.jdbc.ConnectionImpl@45f49252] will not be managed by Spring
==>  Preparing: SELECT id,username,password,nickname,avatar,bio,email,status,created_at,updated_at FROM t_user WHERE id=? AND status=1
==> Parameters: 4(Long)
<==    Columns: id, username, password, nickname, avatar, bio, email, status, created_at, updated_at
<==        Row: 4, game_girl, $2a$10$N.zmdr9k7uOCQb376NoUnuTJ8iAt6Z5EHsM8lE9lBOsl7iKTVKIUi, 游戏少女, null, 只玩好游戏~, null, 1, 2026-05-27 18:20:26, 2026-05-27 18:20:26
<==      Total: 1
Closing non transactional SqlSession [org.apache.ibatis.session.defaults.DefaultSqlSession@2895fb1d]
Creating a new SqlSession
SqlSession [org.apache.ibatis.session.defaults.DefaultSqlSession@2f67fc8] was not registered for synchronization because synchronization is not active
JDBC Connection [HikariProxyConnection@96215448 wrapping com.mysql.cj.jdbc.ConnectionImpl@45f49252] will not be managed by Spring
==>  Preparing: SELECT id,name,code,sort_order,status,created_at,updated_at FROM t_post_category WHERE id=? AND status=1
==> Parameters: 1(Long)
<==    Columns: id, name, code, sort_order, status, created_at, updated_at
<==        Row: 1, 攻略, guide, 1, 1, 2026-05-27 18:20:26, 2026-05-27 18:20:26
<==      Total: 1
Closing non transactional SqlSession [org.apache.ibatis.session.defaults.DefaultSqlSession@2f67fc8]
Creating a new SqlSession
SqlSession [org.apache.ibatis.session.defaults.DefaultSqlSession@1f843a77] was not registered for synchronization because synchronization is not active
JDBC Connection [HikariProxyConnection@775757424 wrapping com.mysql.cj.jdbc.ConnectionImpl@45f49252] will not be managed by Spring
==>  Preparing: SELECT id,username,password,nickname,avatar,bio,email,status,created_at,updated_at FROM t_user WHERE id=? AND status=1
==> Parameters: 2(Long)
<==    Columns: id, username, password, nickname, avatar, bio, email, status, created_at, updated_at
<==        Row: 2, player1, $2a$10$N.zmdr9k7uOCQb376NoUnuTJ8iAt6Z5EHsM8lE9lBOsl7iKTVKIUi, 玩家一号, null, 热爱游戏的普通玩家, null, 1, 2026-05-27 18:20:26, 2026-05-27 18:20:26
<==      Total: 1
Closing non transactional SqlSession [org.apache.ibatis.session.defaults.DefaultSqlSession@1f843a77]
Creating a new SqlSession
SqlSession [org.apache.ibatis.session.defaults.DefaultSqlSession@7b86a2e4] was not registered for synchronization because synchronization is not active
JDBC Connection [HikariProxyConnection@1164933217 wrapping com.mysql.cj.jdbc.ConnectionImpl@45f49252] will not be managed by Spring
==>  Preparing: SELECT id,name,code,sort_order,status,created_at,updated_at FROM t_post_category WHERE id=? AND status=1
==> Parameters: 3(Long)
<==    Columns: id, name, code, sort_order, status, created_at, updated_at
<==        Row: 3, 求助, help, 3, 1, 2026-05-27 18:20:26, 2026-05-27 18:20:26
<==      Total: 1
Closing non transactional SqlSession [org.apache.ibatis.session.defaults.DefaultSqlSession@7b86a2e4]
Creating a new SqlSession
SqlSession [org.apache.ibatis.session.defaults.DefaultSqlSession@3d835ba] was not registered for synchronization because synchronization is not active
JDBC Connection [HikariProxyConnection@1292318375 wrapping com.mysql.cj.jdbc.ConnectionImpl@45f49252] will not be managed by Spring
==>  Preparing: SELECT id,username,password,nickname,avatar,bio,email,status,created_at,updated_at FROM t_user WHERE id=? AND status=1
==> Parameters: 5(Long)
<==    Columns: id, username, password, nickname, avatar, bio, email, status, created_at, updated_at
<==        Row: 5, rpg_lover, $2a$10$N.zmdr9k7uOCQb376NoUnuTJ8iAt6Z5EHsM8lE9lBOsl7iKTVKIUi, RPG爱好者, null, RPG永不毕业！, null, 1, 2026-05-27 18:20:26, 2026-05-27 18:20:26
<==      Total: 1
Closing non transactional SqlSession [org.apache.ibatis.session.defaults.DefaultSqlSession@3d835ba]
Creating a new SqlSession
SqlSession [org.apache.ibatis.session.defaults.DefaultSqlSession@1e4a9a5] was not registered for synchronization because synchronization is not active
JDBC Connection [HikariProxyConnection@239024339 wrapping com.mysql.cj.jdbc.ConnectionImpl@45f49252] will not be managed by Spring
==>  Preparing: SELECT id,username,password,nickname,avatar,bio,email,status,created_at,updated_at FROM t_user WHERE id=? AND status=1
==> Parameters: 1(Long)
<==    Columns: id, username, password, nickname, avatar, bio, email, status, created_at, updated_at
<==        Row: 1, admin, $2a$10$N.zmdr9k7uOCQb376NoUnuTJ8iAt6Z5EHsM8lE9lBOsl7iKTVKIUi, 管理员, null, GameBox 官方管理员, null, 1, 2026-05-27 18:20:26, 2026-05-27 18:20:26
<==      Total: 1
Closing non transactional SqlSession [org.apache.ibatis.session.defaults.DefaultSqlSession@1e4a9a5]
Creating a new SqlSession
SqlSession [org.apache.ibatis.session.defaults.DefaultSqlSession@3725276d] was not registered for synchronization because synchronization is not active
JDBC Connection [HikariProxyConnection@321395117 wrapping com.mysql.cj.jdbc.ConnectionImpl@45f49252] will not be managed by Spring
==>  Preparing: SELECT COUNT( * ) AS total FROM t_post WHERE status=1 AND (user_id = ? AND status = ?)
==> Parameters: 1(Long), 1(Integer)
<==    Columns: total
<==        Row: 0
<==      Total: 1
Closing non transactional SqlSession [org.apache.ibatis.session.defaults.DefaultSqlSession@3725276d]
Creating a new SqlSession
SqlSession [org.apache.ibatis.session.defaults.DefaultSqlSession@641ac276] was not registered for synchronization because synchronization is not active
JDBC Connection [HikariProxyConnection@2056949719 wrapping com.mysql.cj.jdbc.ConnectionImpl@45f49252] will not be managed by Spring
==>  Preparing: SELECT COUNT( * ) AS total FROM t_follow WHERE (follower_id = ?)
==> Parameters: 1(Long)
<==    Columns: total
<==        Row: 0
<==      Total: 1
Closing non transactional SqlSession [org.apache.ibatis.session.defaults.DefaultSqlSession@641ac276]
Creating a new SqlSession
SqlSession [org.apache.ibatis.session.defaults.DefaultSqlSession@7fc9b85c] was not registered for synchronization because synchronization is not active
JDBC Connection [HikariProxyConnection@1307761825 wrapping com.mysql.cj.jdbc.ConnectionImpl@45f49252] will not be managed by Spring
==>  Preparing: SELECT COUNT( * ) AS total FROM t_follow WHERE (followee_id = ?)
==> Parameters: 1(Long)
<==    Columns: total
<==        Row: 0
<==      Total: 1
Closing non transactional SqlSession [org.apache.ibatis.session.defaults.DefaultSqlSession@7fc9b85c]
Creating a new SqlSession
SqlSession [org.apache.ibatis.session.defaults.DefaultSqlSession@2a7f4004] was not registered for synchronization because synchronization is not active
JDBC Connection [HikariProxyConnection@415635023 wrapping com.mysql.cj.jdbc.ConnectionImpl@45f49252] will not be managed by Spring
==>  Preparing: SELECT id,user_id,game_id,category_id,title,content,tags,cover_image,view_count,like_count,reply_count,share_count,heat_score,is_top,is_essence,status,created_at,updated_at FROM t_post WHERE status=1 AND (user_id = ? AND status = ?)
==> Parameters: 1(Long), 1(Integer)
<==      Total: 0
Closing non transactional SqlSession [org.apache.ibatis.session.defaults.DefaultSqlSession@2a7f4004]
Creating a new SqlSession
SqlSession [org.apache.ibatis.session.defaults.DefaultSqlSession@4c1911c4] was not registered for synchronization because synchronization is not active
Creating a new SqlSession
SqlSession [org.apache.ibatis.session.defaults.DefaultSqlSession@6e343e74] was not registered for synchronization because synchronization is not active
JDBC Connection [HikariProxyConnection@303020592 wrapping com.mysql.cj.jdbc.ConnectionImpl@45f49252] will not be managed by Spring
==>  Preparing: SELECT COUNT( * ) AS total FROM t_notification WHERE (user_id = ? AND is_read = ?)
==> Parameters: 1(Long), 0(Integer)
<==    Columns: total
<==        Row: 0
Creating a new SqlSession
<==      Total: 1
SqlSession [org.apache.ibatis.session.defaults.DefaultSqlSession@5efd0214] was not registered for synchronization because synchronization is not active
Closing non transactional SqlSession [org.apache.ibatis.session.defaults.DefaultSqlSession@6e343e74]
JDBC Connection [HikariProxyConnection@1743870521 wrapping com.mysql.cj.jdbc.ConnectionImpl@45f49252] will not be managed by Spring
==>  Preparing: SELECT COUNT(*) AS total FROM t_game WHERE status = 1 AND (is_recommend = ? AND status = ?)
==> Parameters: 1(Integer), 1(Integer)
<==    Columns: total
<==        Row: 5
<==      Total: 1
JDBC Connection [HikariProxyConnection@895432920 wrapping com.mysql.cj.jdbc.ConnectionImpl@73a9ea26] will not be managed by Spring
==>  Preparing: SELECT COUNT(*) AS total FROM t_post WHERE status = 1 AND (status = ?)
==>  Preparing: SELECT id,name,cover,description,developer,publisher,release_date,platform,tags,rating,rating_count,is_recommend,status,created_at,updated_at FROM t_game WHERE status=1 AND (is_recommend = ? AND status = ?) ORDER BY rating DESC LIMIT ?
==> Parameters: 1(Integer)
==> Parameters: 1(Integer), 1(Integer), 6(Long)
<==    Columns: total
<==    Columns: id, name, cover, description, developer, publisher, release_date, platform, tags, rating, rating_count, is_recommend, status, created_at, updated_at
<==        Row: 8
<==      Total: 1
<==        Row: 2, 塞尔达传说：王国之泪, https://upload.wikimedia.org/wikipedia/en/f/fb/The_Legend_of_Zelda_Tears_of_the_Kingdom_cover.jpg, <<BLOB>>, 任天堂, 任天堂, 2023-05-12, Switch, 开放世界,冒险,解谜, 9.80, 980, 1, 1, 2026-05-27 18:20:26, 2026-05-27 18:20:26
==>  Preparing: SELECT id,user_id,game_id,category_id,title,content,tags,cover_image,view_count,like_count,reply_count,share_count,heat_score,is_top,is_essence,status,created_at,updated_at FROM t_post WHERE status=1 AND (status = ?) ORDER BY heat_score DESC,created_at DESC LIMIT ?
<==        Row: 3, 博德之门3, https://cdn.cloudflare.steamstatic.com/steam/apps/1086940/library_600x900.jpg, <<BLOB>>, Larian Studios, Larian Studios, 2023-08-03, PC,PS5, RPG,回合制,奇幻, 9.60, 850, 1, 1, 2026-05-27 18:20:26, 2026-05-27 18:20:26
==> Parameters: 1(Integer), 10(Long)
<==        Row: 1, 艾尔登法环, https://cdn.cloudflare.steamstatic.com/steam/apps/1245620/library_600x900.jpg, <<BLOB>>, FromSoftware, Bandai Namco, 2022-02-25, PC,PS5,Xbox, 魂系,开放世界,RPG, 9.50, 1200, 1, 1, 2026-05-27 18:20:26, 2026-05-27 18:20:26
<==        Row: 5, 星露谷物语, https://cdn.cloudflare.steamstatic.com/steam/apps/413150/library_600x900.jpg, <<BLOB>>, ConcernedApe, ConcernedApe, 2016-02-27, PC,Switch,PS5,Xbox, 模拟经营,像素,休闲, 9.30, 760, 1, 1, 2026-05-27 18:20:26, 2026-05-27 18:20:26
<==        Row: 4, 黑神话：悟空, https://cdn.cloudflare.steamstatic.com/steam/apps/2358720/library_600x900.jpg, <<BLOB>>, 游戏科学, 游戏科学, 2024-08-20, PC,PS5, 动作,RPG,神话, 9.20, 2100, 1, 1, 2026-05-27 18:20:26, 2026-05-27 18:20:26
<==      Total: 5
Closing non transactional SqlSession [org.apache.ibatis.session.defaults.DefaultSqlSession@4c1911c4]
<==    Columns: id, user_id, game_id, category_id, title, content, tags, cover_image, view_count, like_count, reply_count, share_count, heat_score, is_top, is_essence, status, created_at, updated_at
<==        Row: 6, 3, 4, 5, 黑神话DLC预测：下一站天庭？, <<BLOB>>, 黑神话,悟空,DLC,预测, null, 3207, 278, 99, 0, 120.5, 0, 0, 1, 2026-05-27 18:20:26, 2026-05-27 18:20:26
<==        Row: 2, 3, 4, 1, 黑神话：悟空 隐藏BOSS全部打法分享, <<BLOB>>, 黑神话,悟空,BOSS攻略, null, 1897, 203, 67, 0, 92.3, 0, 0, 1, 2026-05-27 18:20:26, 2026-05-27 18:20:26
<==        Row: 1, 2, 1, 1, 艾尔登法环 DLC 黄金树幽影 全地图攻略, <<BLOB>>, 艾尔登法环,攻略,DLC, null, 2344, 157, 43, 0, 85.6, 0, 0, 1, 2026-05-27 18:20:26, 2026-05-27 18:20:26
<==        Row: 3, 4, 3, 2, 博德之门3 最强Build推荐, <<BLOB>>, 博德之门3,Build,RPG, null, 1203, 89, 32, 0, 45.2, 0, 0, 1, 2026-05-27 18:20:26, 2026-05-27 18:20:26
<==        Row: 4, 5, 2, 4, 王国之泪 200小时后的感动, <<BLOB>>, 塞尔达,王国之泪,感想, null, 890, 67, 18, 0, 28.7, 0, 0, 1, 2026-05-27 18:20:26, 2026-05-27 18:20:26
<==        Row: 7, 4, 1, 2, 讨论：FromSoftware下一作会是什么题材, <<BLOB>>, FromSoftware,魂系,新作, null, 670, 34, 15, 0, 18.9, 0, 0, 1, 2026-05-27 18:20:26, 2026-05-27 18:20:26
<==        Row: 5, 2, 5, 1, 星露谷物语 新手入门指南, <<BLOB>>, 星露谷,新手,指南, null, 561, 45, 12, 0, 15.3, 0, 0, 1, 2026-05-27 18:20:26, 2026-05-27 18:20:26
<==        Row: 8, 5, 3, 3, 求助：博德之门3 影心个人任务卡住了, <<BLOB>>, 博德之门3,求助,Bug, null, 320, 12, 8, 0, 6.5, 0, 0, 1, 2026-05-27 18:20:26, 2026-05-27 18:20:26
<==      Total: 8
Closing non transactional SqlSession [org.apache.ibatis.session.defaults.DefaultSqlSession@5efd0214]
Creating a new SqlSession
SqlSession [org.apache.ibatis.session.defaults.DefaultSqlSession@47bba724] was not registered for synchronization because synchronization is not active
JDBC Connection [HikariProxyConnection@200204019 wrapping com.mysql.cj.jdbc.ConnectionImpl@73a9ea26] will not be managed by Spring
==>  Preparing: SELECT id,name,code,sort_order,status,created_at,updated_at FROM t_post_category WHERE id=? AND status=1
==> Parameters: 5(Long)
<==    Columns: id, name, code, sort_order, status, created_at, updated_at
<==        Row: 5, 新闻, news, 5, 1, 2026-05-27 18:20:26, 2026-05-27 18:20:26
<==      Total: 1
Closing non transactional SqlSession [org.apache.ibatis.session.defaults.DefaultSqlSession@47bba724]
Creating a new SqlSession
SqlSession [org.apache.ibatis.session.defaults.DefaultSqlSession@428ab8f9] was not registered for synchronization because synchronization is not active
JDBC Connection [HikariProxyConnection@1477621003 wrapping com.mysql.cj.jdbc.ConnectionImpl@73a9ea26] will not be managed by Spring
==>  Preparing: SELECT id,username,password,nickname,avatar,bio,email,status,created_at,updated_at FROM t_user WHERE id=? AND status=1
==> Parameters: 3(Long)
<==    Columns: id, username, password, nickname, avatar, bio, email, status, created_at, updated_at
<==        Row: 3, gamer_pro, $2a$10$N.zmdr9k7uOCQb376NoUnuTJ8iAt6Z5EHsM8lE9lBOsl7iKTVKIUi, 高玩达人, null, 全平台制霸！, null, 1, 2026-05-27 18:20:26, 2026-05-27 18:20:26
<==      Total: 1
Closing non transactional SqlSession [org.apache.ibatis.session.defaults.DefaultSqlSession@428ab8f9]
Creating a new SqlSession
SqlSession [org.apache.ibatis.session.defaults.DefaultSqlSession@5ace7f1b] was not registered for synchronization because synchronization is not active
Creating a new SqlSession
JDBC Connection [HikariProxyConnection@1301567947 wrapping com.mysql.cj.jdbc.ConnectionImpl@73a9ea26] will not be managed by Spring
==>  Preparing: SELECT id,name,code,sort_order,status,created_at,updated_at FROM t_post_category WHERE id=? AND status=1
SqlSession [org.apache.ibatis.session.defaults.DefaultSqlSession@5592deae] was not registered for synchronization because synchronization is not active
==> Parameters: 1(Long)
<==    Columns: id, name, code, sort_order, status, created_at, updated_at
<==        Row: 1, 攻略, guide, 1, 1, 2026-05-27 18:20:26, 2026-05-27 18:20:26
<==      Total: 1
Closing non transactional SqlSession [org.apache.ibatis.session.defaults.DefaultSqlSession@5ace7f1b]
Creating a new SqlSession
SqlSession [org.apache.ibatis.session.defaults.DefaultSqlSession@120a6d3e] was not registered for synchronization because synchronization is not active
JDBC Connection [HikariProxyConnection@999681731 wrapping com.mysql.cj.jdbc.ConnectionImpl@73a9ea26] will not be managed by Spring
==>  Preparing: SELECT id,username,password,nickname,avatar,bio,email,status,created_at,updated_at FROM t_user WHERE id=? AND status=1
==> Parameters: 3(Long)
<==    Columns: id, username, password, nickname, avatar, bio, email, status, created_at, updated_at
<==        Row: 3, gamer_pro, $2a$10$N.zmdr9k7uOCQb376NoUnuTJ8iAt6Z5EHsM8lE9lBOsl7iKTVKIUi, 高玩达人, null, 全平台制霸！, null, 1, 2026-05-27 18:20:26, 2026-05-27 18:20:26
<==      Total: 1
Closing non transactional SqlSession [org.apache.ibatis.session.defaults.DefaultSqlSession@120a6d3e]
Creating a new SqlSession
SqlSession [org.apache.ibatis.session.defaults.DefaultSqlSession@4ce7089f] was not registered for synchronization because synchronization is not active
JDBC Connection [HikariProxyConnection@222691232 wrapping com.mysql.cj.jdbc.ConnectionImpl@73a9ea26] will not be managed by Spring
JDBC Connection [HikariProxyConnection@392711630 wrapping com.mysql.cj.jdbc.ConnectionImpl@45f49252] will not be managed by Spring
==>  Preparing: SELECT COUNT(*) AS total FROM t_game WHERE status = 1 AND (is_recommend = ? AND status = ?)
==>  Preparing: SELECT id,name,code,sort_order,status,created_at,updated_at FROM t_post_category WHERE id=? AND status=1
==> Parameters: 1(Integer), 1(Integer)
==> Parameters: 1(Long)
<==    Columns: id, name, code, sort_order, status, created_at, updated_at
<==    Columns: total
<==        Row: 5
<==        Row: 1, 攻略, guide, 1, 1, 2026-05-27 18:20:26, 2026-05-27 18:20:26
<==      Total: 1
<==      Total: 1
==>  Preparing: SELECT id,name,cover,description,developer,publisher,release_date,platform,tags,rating,rating_count,is_recommend,status,created_at,updated_at FROM t_game WHERE status=1 AND (is_recommend = ? AND status = ?) ORDER BY rating DESC LIMIT ?
Closing non transactional SqlSession [org.apache.ibatis.session.defaults.DefaultSqlSession@4ce7089f]
Creating a new SqlSession
SqlSession [org.apache.ibatis.session.defaults.DefaultSqlSession@4850a10a] was not registered for synchronization because synchronization is not active
==> Parameters: 1(Integer), 1(Integer), 6(Long)
JDBC Connection [HikariProxyConnection@1015544687 wrapping com.mysql.cj.jdbc.ConnectionImpl@73a9ea26] will not be managed by Spring
==>  Preparing: SELECT id,username,password,nickname,avatar,bio,email,status,created_at,updated_at FROM t_user WHERE id=? AND status=1
==> Parameters: 2(Long)
<==    Columns: id, username, password, nickname, avatar, bio, email, status, created_at, updated_at
<==    Columns: id, name, cover, description, developer, publisher, release_date, platform, tags, rating, rating_count, is_recommend, status, created_at, updated_at
<==        Row: 2, player1, $2a$10$N.zmdr9k7uOCQb376NoUnuTJ8iAt6Z5EHsM8lE9lBOsl7iKTVKIUi, 玩家一号, null, 热爱游戏的普通玩家, null, 1, 2026-05-27 18:20:26, 2026-05-27 18:20:26
<==        Row: 2, 塞尔达传说：王国之泪, https://upload.wikimedia.org/wikipedia/en/f/fb/The_Legend_of_Zelda_Tears_of_the_Kingdom_cover.jpg, <<BLOB>>, 任天堂, 任天堂, 2023-05-12, Switch, 开放世界,冒险,解谜, 9.80, 980, 1, 1, 2026-05-27 18:20:26, 2026-05-27 18:20:26
<==      Total: 1
Closing non transactional SqlSession [org.apache.ibatis.session.defaults.DefaultSqlSession@4850a10a]
<==        Row: 3, 博德之门3, https://cdn.cloudflare.steamstatic.com/steam/apps/1086940/library_600x900.jpg, <<BLOB>>, Larian Studios, Larian Studios, 2023-08-03, PC,PS5, RPG,回合制,奇幻, 9.60, 850, 1, 1, 2026-05-27 18:20:26, 2026-05-27 18:20:26
Creating a new SqlSession
SqlSession [org.apache.ibatis.session.defaults.DefaultSqlSession@10f8505d] was not registered for synchronization because synchronization is not active
<==        Row: 1, 艾尔登法环, https://cdn.cloudflare.steamstatic.com/steam/apps/1245620/library_600x900.jpg, <<BLOB>>, FromSoftware, Bandai Namco, 2022-02-25, PC,PS5,Xbox, 魂系,开放世界,RPG, 9.50, 1200, 1, 1, 2026-05-27 18:20:26, 2026-05-27 18:20:26
JDBC Connection [HikariProxyConnection@1567488953 wrapping com.mysql.cj.jdbc.ConnectionImpl@73a9ea26] will not be managed by Spring
==>  Preparing: SELECT id,name,code,sort_order,status,created_at,updated_at FROM t_post_category WHERE id=? AND status=1
<==        Row: 5, 星露谷物语, https://cdn.cloudflare.steamstatic.com/steam/apps/413150/library_600x900.jpg, <<BLOB>>, ConcernedApe, ConcernedApe, 2016-02-27, PC,Switch,PS5,Xbox, 模拟经营,像素,休闲, 9.30, 760, 1, 1, 2026-05-27 18:20:26, 2026-05-27 18:20:26
==> Parameters: 2(Long)
<==        Row: 4, 黑神话：悟空, https://cdn.cloudflare.steamstatic.com/steam/apps/2358720/library_600x900.jpg, <<BLOB>>, 游戏科学, 游戏科学, 2024-08-20, PC,PS5, 动作,RPG,神话, 9.20, 2100, 1, 1, 2026-05-27 18:20:26, 2026-05-27 18:20:26
<==      Total: 5
Closing non transactional SqlSession [org.apache.ibatis.session.defaults.DefaultSqlSession@5592deae]
<==    Columns: id, name, code, sort_order, status, created_at, updated_at
<==        Row: 2, 讨论, discuss, 2, 1, 2026-05-27 18:20:26, 2026-05-27 18:20:26
<==      Total: 1
Closing non transactional SqlSession [org.apache.ibatis.session.defaults.DefaultSqlSession@10f8505d]
Creating a new SqlSession
SqlSession [org.apache.ibatis.session.defaults.DefaultSqlSession@2d01df25] was not registered for synchronization because synchronization is not active
JDBC Connection [HikariProxyConnection@2141784160 wrapping com.mysql.cj.jdbc.ConnectionImpl@73a9ea26] will not be managed by Spring
==>  Preparing: SELECT id,username,password,nickname,avatar,bio,email,status,created_at,updated_at FROM t_user WHERE id=? AND status=1
==> Parameters: 4(Long)
<==    Columns: id, username, password, nickname, avatar, bio, email, status, created_at, updated_at
<==        Row: 4, game_girl, $2a$10$N.zmdr9k7uOCQb376NoUnuTJ8iAt6Z5EHsM8lE9lBOsl7iKTVKIUi, 游戏少女, null, 只玩好游戏~, null, 1, 2026-05-27 18:20:26, 2026-05-27 18:20:26
<==      Total: 1
Closing non transactional SqlSession [org.apache.ibatis.session.defaults.DefaultSqlSession@2d01df25]
Creating a new SqlSession
SqlSession [org.apache.ibatis.session.defaults.DefaultSqlSession@229afad] was not registered for synchronization because synchronization is not active
JDBC Connection [HikariProxyConnection@561164346 wrapping com.mysql.cj.jdbc.ConnectionImpl@73a9ea26] will not be managed by Spring
==>  Preparing: SELECT id,name,code,sort_order,status,created_at,updated_at FROM t_post_category WHERE id=? AND status=1
==> Parameters: 4(Long)
<==    Columns: id, name, code, sort_order, status, created_at, updated_at
<==        Row: 4, 分享, share, 4, 1, 2026-05-27 18:20:26, 2026-05-27 18:20:26
<==      Total: 1
Closing non transactional SqlSession [org.apache.ibatis.session.defaults.DefaultSqlSession@229afad]
Creating a new SqlSession
SqlSession [org.apache.ibatis.session.defaults.DefaultSqlSession@7b5a3ca] was not registered for synchronization because synchronization is not active
JDBC Connection [HikariProxyConnection@1210982486 wrapping com.mysql.cj.jdbc.ConnectionImpl@73a9ea26] will not be managed by Spring
==>  Preparing: SELECT id,username,password,nickname,avatar,bio,email,status,created_at,updated_at FROM t_user WHERE id=? AND status=1
==> Parameters: 5(Long)
<==    Columns: id, username, password, nickname, avatar, bio, email, status, created_at, updated_at
<==        Row: 5, rpg_lover, $2a$10$N.zmdr9k7uOCQb376NoUnuTJ8iAt6Z5EHsM8lE9lBOsl7iKTVKIUi, RPG爱好者, null, RPG永不毕业！, null, 1, 2026-05-27 18:20:26, 2026-05-27 18:20:26
<==      Total: 1
Closing non transactional SqlSession [org.apache.ibatis.session.defaults.DefaultSqlSession@7b5a3ca]
Creating a new SqlSession
SqlSession [org.apache.ibatis.session.defaults.DefaultSqlSession@10190f4e] was not registered for synchronization because synchronization is not active
JDBC Connection [HikariProxyConnection@983057780 wrapping com.mysql.cj.jdbc.ConnectionImpl@73a9ea26] will not be managed by Spring
==>  Preparing: SELECT id,name,code,sort_order,status,created_at,updated_at FROM t_post_category WHERE id=? AND status=1
==> Parameters: 2(Long)
<==    Columns: id, name, code, sort_order, status, created_at, updated_at
<==        Row: 2, 讨论, discuss, 2, 1, 2026-05-27 18:20:26, 2026-05-27 18:20:26
<==      Total: 1
Closing non transactional SqlSession [org.apache.ibatis.session.defaults.DefaultSqlSession@10190f4e]
Creating a new SqlSession
SqlSession [org.apache.ibatis.session.defaults.DefaultSqlSession@3285b56b] was not registered for synchronization because synchronization is not active
JDBC Connection [HikariProxyConnection@1790881546 wrapping com.mysql.cj.jdbc.ConnectionImpl@73a9ea26] will not be managed by Spring
==>  Preparing: SELECT id,username,password,nickname,avatar,bio,email,status,created_at,updated_at FROM t_user WHERE id=? AND status=1
==> Parameters: 4(Long)
<==    Columns: id, username, password, nickname, avatar, bio, email, status, created_at, updated_at
<==        Row: 4, game_girl, $2a$10$N.zmdr9k7uOCQb376NoUnuTJ8iAt6Z5EHsM8lE9lBOsl7iKTVKIUi, 游戏少女, null, 只玩好游戏~, null, 1, 2026-05-27 18:20:26, 2026-05-27 18:20:26
<==      Total: 1
Closing non transactional SqlSession [org.apache.ibatis.session.defaults.DefaultSqlSession@3285b56b]
Creating a new SqlSession
SqlSession [org.apache.ibatis.session.defaults.DefaultSqlSession@7e63ea85] was not registered for synchronization because synchronization is not active
JDBC Connection [HikariProxyConnection@1632777935 wrapping com.mysql.cj.jdbc.ConnectionImpl@73a9ea26] will not be managed by Spring
==>  Preparing: SELECT id,name,code,sort_order,status,created_at,updated_at FROM t_post_category WHERE id=? AND status=1
==> Parameters: 1(Long)
<==    Columns: id, name, code, sort_order, status, created_at, updated_at
<==        Row: 1, 攻略, guide, 1, 1, 2026-05-27 18:20:26, 2026-05-27 18:20:26
<==      Total: 1
Closing non transactional SqlSession [org.apache.ibatis.session.defaults.DefaultSqlSession@7e63ea85]
Creating a new SqlSession
SqlSession [org.apache.ibatis.session.defaults.DefaultSqlSession@43655b89] was not registered for synchronization because synchronization is not active
JDBC Connection [HikariProxyConnection@582203042 wrapping com.mysql.cj.jdbc.ConnectionImpl@73a9ea26] will not be managed by Spring
==>  Preparing: SELECT id,username,password,nickname,avatar,bio,email,status,created_at,updated_at FROM t_user WHERE id=? AND status=1
==> Parameters: 2(Long)
<==    Columns: id, username, password, nickname, avatar, bio, email, status, created_at, updated_at
<==        Row: 2, player1, $2a$10$N.zmdr9k7uOCQb376NoUnuTJ8iAt6Z5EHsM8lE9lBOsl7iKTVKIUi, 玩家一号, null, 热爱游戏的普通玩家, null, 1, 2026-05-27 18:20:26, 2026-05-27 18:20:26
<==      Total: 1
Closing non transactional SqlSession [org.apache.ibatis.session.defaults.DefaultSqlSession@43655b89]
Creating a new SqlSession
SqlSession [org.apache.ibatis.session.defaults.DefaultSqlSession@749212b2] was not registered for synchronization because synchronization is not active
JDBC Connection [HikariProxyConnection@499300026 wrapping com.mysql.cj.jdbc.ConnectionImpl@73a9ea26] will not be managed by Spring
==>  Preparing: SELECT id,name,code,sort_order,status,created_at,updated_at FROM t_post_category WHERE id=? AND status=1
==> Parameters: 3(Long)
<==    Columns: id, name, code, sort_order, status, created_at, updated_at
<==        Row: 3, 求助, help, 3, 1, 2026-05-27 18:20:26, 2026-05-27 18:20:26
<==      Total: 1
Closing non transactional SqlSession [org.apache.ibatis.session.defaults.DefaultSqlSession@749212b2]
Creating a new SqlSession
SqlSession [org.apache.ibatis.session.defaults.DefaultSqlSession@48f5558c] was not registered for synchronization because synchronization is not active
JDBC Connection [HikariProxyConnection@739695010 wrapping com.mysql.cj.jdbc.ConnectionImpl@73a9ea26] will not be managed by Spring
==>  Preparing: SELECT id,username,password,nickname,avatar,bio,email,status,created_at,updated_at FROM t_user WHERE id=? AND status=1
==> Parameters: 5(Long)
<==    Columns: id, username, password, nickname, avatar, bio, email, status, created_at, updated_at
<==        Row: 5, rpg_lover, $2a$10$N.zmdr9k7uOCQb376NoUnuTJ8iAt6Z5EHsM8lE9lBOsl7iKTVKIUi, RPG爱好者, null, RPG永不毕业！, null, 1, 2026-05-27 18:20:26, 2026-05-27 18:20:26
<==      Total: 1
Closing non transactional SqlSession [org.apache.ibatis.session.defaults.DefaultSqlSession@48f5558c]
Creating a new SqlSession
SqlSession [org.apache.ibatis.session.defaults.DefaultSqlSession@4a3c07c9] was not registered for synchronization because synchronization is not active
JDBC Connection [HikariProxyConnection@2112630593 wrapping com.mysql.cj.jdbc.ConnectionImpl@45f49252] will not be managed by Spring
==>  Preparing: SELECT COUNT( * ) AS total FROM t_notification WHERE (user_id = ? AND is_read = ?)
==> Parameters: 1(Long), 0(Integer)
<==    Columns: total
<==        Row: 0
<==      Total: 1
Closing non transactional SqlSession [org.apache.ibatis.session.defaults.DefaultSqlSession@4a3c07c9]
Creating a new SqlSession
SqlSession [org.apache.ibatis.session.defaults.DefaultSqlSession@435cac13] was not registered for synchronization because synchronization is not active
JDBC Connection [HikariProxyConnection@61067737 wrapping com.mysql.cj.jdbc.ConnectionImpl@73a9ea26] will not be managed by Spring
==>  Preparing: SELECT id,username,password,nickname,avatar,bio,email,status,created_at,updated_at FROM t_user WHERE id=? AND status=1
==> Parameters: 1(Long)
<==    Columns: id, username, password, nickname, avatar, bio, email, status, created_at, updated_at
<==        Row: 1, admin, $2a$10$N.zmdr9k7uOCQb376NoUnuTJ8iAt6Z5EHsM8lE9lBOsl7iKTVKIUi, 管理员, null, GameBox 官方管理员, null, 1, 2026-05-27 18:20:26, 2026-05-27 18:20:26
<==      Total: 1
Closing non transactional SqlSession [org.apache.ibatis.session.defaults.DefaultSqlSession@435cac13]
Creating a new SqlSession
SqlSession [org.apache.ibatis.session.defaults.DefaultSqlSession@391adce2] was not registered for synchronization because synchronization is not active
JDBC Connection [HikariProxyConnection@520147942 wrapping com.mysql.cj.jdbc.ConnectionImpl@73a9ea26] will not be managed by Spring
==>  Preparing: SELECT COUNT( * ) AS total FROM t_post WHERE status=1 AND (user_id = ? AND status = ?)
==> Parameters: 1(Long), 1(Integer)
<==    Columns: total
<==        Row: 0
<==      Total: 1
Closing non transactional SqlSession [org.apache.ibatis.session.defaults.DefaultSqlSession@391adce2]
Creating a new SqlSession
SqlSession [org.apache.ibatis.session.defaults.DefaultSqlSession@160faa2e] was not registered for synchronization because synchronization is not active
JDBC Connection [HikariProxyConnection@2031983041 wrapping com.mysql.cj.jdbc.ConnectionImpl@73a9ea26] will not be managed by Spring
==>  Preparing: SELECT COUNT( * ) AS total FROM t_follow WHERE (follower_id = ?)
==> Parameters: 1(Long)
<==    Columns: total
<==        Row: 0
<==      Total: 1
Closing non transactional SqlSession [org.apache.ibatis.session.defaults.DefaultSqlSession@160faa2e]
Creating a new SqlSession
SqlSession [org.apache.ibatis.session.defaults.DefaultSqlSession@650824e6] was not registered for synchronization because synchronization is not active
JDBC Connection [HikariProxyConnection@238922931 wrapping com.mysql.cj.jdbc.ConnectionImpl@73a9ea26] will not be managed by Spring
==>  Preparing: SELECT COUNT( * ) AS total FROM t_follow WHERE (followee_id = ?)
==> Parameters: 1(Long)
<==    Columns: total
<==        Row: 0
<==      Total: 1
Closing non transactional SqlSession [org.apache.ibatis.session.defaults.DefaultSqlSession@650824e6]
Creating a new SqlSession
SqlSession [org.apache.ibatis.session.defaults.DefaultSqlSession@2488627e] was not registered for synchronization because synchronization is not active
JDBC Connection [HikariProxyConnection@8609053 wrapping com.mysql.cj.jdbc.ConnectionImpl@73a9ea26] will not be managed by Spring
==>  Preparing: SELECT id,user_id,game_id,category_id,title,content,tags,cover_image,view_count,like_count,reply_count,share_count,heat_score,is_top,is_essence,status,created_at,updated_at FROM t_post WHERE status=1 AND (user_id = ? AND status = ?)
==> Parameters: 1(Long), 1(Integer)
<==      Total: 0
Closing non transactional SqlSession [org.apache.ibatis.session.defaults.DefaultSqlSession@2488627e]
Creating a new SqlSession
SqlSession [org.apache.ibatis.session.defaults.DefaultSqlSession@1d1420ae] was not registered for synchronization because synchronization is not active
Creating a new SqlSession
SqlSession [org.apache.ibatis.session.defaults.DefaultSqlSession@49c93b76] was not registered for synchronization because synchronization is not active
JDBC Connection [HikariProxyConnection@201237008 wrapping com.mysql.cj.jdbc.ConnectionImpl@45f49252] will not be managed by Spring
==>  Preparing: SELECT COUNT( * ) AS total FROM t_notification WHERE (user_id = ? AND is_read = ?)
==> Parameters: 1(Long), 0(Integer)
JDBC Connection [HikariProxyConnection@256456596 wrapping com.mysql.cj.jdbc.ConnectionImpl@73a9ea26] will not be managed by Spring
==>  Preparing: SELECT COUNT(*) AS total FROM t_game WHERE status = 1 AND (is_recommend = ? AND status = ?)
==> Parameters: 1(Integer), 1(Integer)
<==    Columns: total
<==        Row: 5
<==      Total: 1
<==    Columns: total
<==        Row: 0
<==      Total: 1
Closing non transactional SqlSession [org.apache.ibatis.session.defaults.DefaultSqlSession@49c93b76]
==>  Preparing: SELECT id,name,cover,description,developer,publisher,release_date,platform,tags,rating,rating_count,is_recommend,status,created_at,updated_at FROM t_game WHERE status=1 AND (is_recommend = ? AND status = ?) ORDER BY rating DESC LIMIT ?
==> Parameters: 1(Integer), 1(Integer), 6(Long)
<==    Columns: id, name, cover, description, developer, publisher, release_date, platform, tags, rating, rating_count, is_recommend, status, created_at, updated_at
<==        Row: 2, 塞尔达传说：王国之泪, https://upload.wikimedia.org/wikipedia/en/f/fb/The_Legend_of_Zelda_Tears_of_the_Kingdom_cover.jpg, <<BLOB>>, 任天堂, 任天堂, 2023-05-12, Switch, 开放世界,冒险,解谜, 9.80, 980, 1, 1, 2026-05-27 18:20:26, 2026-05-27 18:20:26
<==        Row: 3, 博德之门3, https://cdn.cloudflare.steamstatic.com/steam/apps/1086940/library_600x900.jpg, <<BLOB>>, Larian Studios, Larian Studios, 2023-08-03, PC,PS5, RPG,回合制,奇幻, 9.60, 850, 1, 1, 2026-05-27 18:20:26, 2026-05-27 18:20:26
<==        Row: 1, 艾尔登法环, https://cdn.cloudflare.steamstatic.com/steam/apps/1245620/library_600x900.jpg, <<BLOB>>, FromSoftware, Bandai Namco, 2022-02-25, PC,PS5,Xbox, 魂系,开放世界,RPG, 9.50, 1200, 1, 1, 2026-05-27 18:20:26, 2026-05-27 18:20:26
<==        Row: 5, 星露谷物语, https://cdn.cloudflare.steamstatic.com/steam/apps/413150/library_600x900.jpg, <<BLOB>>, ConcernedApe, ConcernedApe, 2016-02-27, PC,Switch,PS5,Xbox, 模拟经营,像素,休闲, 9.30, 760, 1, 1, 2026-05-27 18:20:26, 2026-05-27 18:20:26
<==        Row: 4, 黑神话：悟空, https://cdn.cloudflare.steamstatic.com/steam/apps/2358720/library_600x900.jpg, <<BLOB>>, 游戏科学, 游戏科学, 2024-08-20, PC,PS5, 动作,RPG,神话, 9.20, 2100, 1, 1, 2026-05-27 18:20:26, 2026-05-27 18:20:26
<==      Total: 5
Closing non transactional SqlSession [org.apache.ibatis.session.defaults.DefaultSqlSession@1d1420ae]
Creating a new SqlSession
SqlSession [org.apache.ibatis.session.defaults.DefaultSqlSession@60263f42] was not registered for synchronization because synchronization is not active
JDBC Connection [HikariProxyConnection@814296098 wrapping com.mysql.cj.jdbc.ConnectionImpl@45f49252] will not be managed by Spring
==>  Preparing: SELECT COUNT(*) AS total FROM t_game WHERE status = 1 AND (is_recommend = ? AND status = ?)
==> Parameters: 1(Integer), 1(Integer)
<==    Columns: total
<==        Row: 5
<==      Total: 1
==>  Preparing: SELECT id,name,cover,description,developer,publisher,release_date,platform,tags,rating,rating_count,is_recommend,status,created_at,updated_at FROM t_game WHERE status=1 AND (is_recommend = ? AND status = ?) ORDER BY rating DESC LIMIT ?
==> Parameters: 1(Integer), 1(Integer), 6(Long)
<==    Columns: id, name, cover, description, developer, publisher, release_date, platform, tags, rating, rating_count, is_recommend, status, created_at, updated_at
<==        Row: 2, 塞尔达传说：王国之泪, https://upload.wikimedia.org/wikipedia/en/f/fb/The_Legend_of_Zelda_Tears_of_the_Kingdom_cover.jpg, <<BLOB>>, 任天堂, 任天堂, 2023-05-12, Switch, 开放世界,冒险,解谜, 9.80, 980, 1, 1, 2026-05-27 18:20:26, 2026-05-27 18:20:26
<==        Row: 3, 博德之门3, https://cdn.cloudflare.steamstatic.com/steam/apps/1086940/library_600x900.jpg, <<BLOB>>, Larian Studios, Larian Studios, 2023-08-03, PC,PS5, RPG,回合制,奇幻, 9.60, 850, 1, 1, 2026-05-27 18:20:26, 2026-05-27 18:20:26
<==        Row: 1, 艾尔登法环, https://cdn.cloudflare.steamstatic.com/steam/apps/1245620/library_600x900.jpg, <<BLOB>>, FromSoftware, Bandai Namco, 2022-02-25, PC,PS5,Xbox, 魂系,开放世界,RPG, 9.50, 1200, 1, 1, 2026-05-27 18:20:26, 2026-05-27 18:20:26
<==        Row: 5, 星露谷物语, https://cdn.cloudflare.steamstatic.com/steam/apps/413150/library_600x900.jpg, <<BLOB>>, ConcernedApe, ConcernedApe, 2016-02-27, PC,Switch,PS5,Xbox, 模拟经营,像素,休闲, 9.30, 760, 1, 1, 2026-05-27 18:20:26, 2026-05-27 18:20:26
<==        Row: 4, 黑神话：悟空, https://cdn.cloudflare.steamstatic.com/steam/apps/2358720/library_600x900.jpg, <<BLOB>>, 游戏科学, 游戏科学, 2024-08-20, PC,PS5, 动作,RPG,神话, 9.20, 2100, 1, 1, 2026-05-27 18:20:26, 2026-05-27 18:20:26
<==      Total: 5
Closing non transactional SqlSession [org.apache.ibatis.session.defaults.DefaultSqlSession@60263f42]
Creating a new SqlSession
SqlSession [org.apache.ibatis.session.defaults.DefaultSqlSession@2d0d2faa] was not registered for synchronization because synchronization is not active
JDBC Connection [HikariProxyConnection@1644520417 wrapping com.mysql.cj.jdbc.ConnectionImpl@45f49252] will not be managed by Spring
==>  Preparing: SELECT id,username,password,nickname,avatar,bio,email,status,created_at,updated_at FROM t_user WHERE id=? AND status=1
==> Parameters: 1(Long)
<==    Columns: id, username, password, nickname, avatar, bio, email, status, created_at, updated_at
<==        Row: 1, admin, $2a$10$N.zmdr9k7uOCQb376NoUnuTJ8iAt6Z5EHsM8lE9lBOsl7iKTVKIUi, 管理员, null, GameBox 官方管理员, null, 1, 2026-05-27 18:20:26, 2026-05-27 18:20:26
<==      Total: 1
Closing non transactional SqlSession [org.apache.ibatis.session.defaults.DefaultSqlSession@2d0d2faa]
Creating a new SqlSession
SqlSession [org.apache.ibatis.session.defaults.DefaultSqlSession@507cbb2a] was not registered for synchronization because synchronization is not active
JDBC Connection [HikariProxyConnection@348700400 wrapping com.mysql.cj.jdbc.ConnectionImpl@45f49252] will not be managed by Spring
==>  Preparing: SELECT COUNT( * ) AS total FROM t_post WHERE status=1 AND (user_id = ? AND status = ?)
==> Parameters: 1(Long), 1(Integer)
<==    Columns: total
<==        Row: 0
<==      Total: 1
Closing non transactional SqlSession [org.apache.ibatis.session.defaults.DefaultSqlSession@507cbb2a]
Creating a new SqlSession
SqlSession [org.apache.ibatis.session.defaults.DefaultSqlSession@74db7c28] was not registered for synchronization because synchronization is not active
JDBC Connection [HikariProxyConnection@1103834226 wrapping com.mysql.cj.jdbc.ConnectionImpl@45f49252] will not be managed by Spring
==>  Preparing: SELECT COUNT( * ) AS total FROM t_follow WHERE (follower_id = ?)
==> Parameters: 1(Long)
<==    Columns: total
<==        Row: 0
<==      Total: 1
Closing non transactional SqlSession [org.apache.ibatis.session.defaults.DefaultSqlSession@74db7c28]
Creating a new SqlSession
SqlSession [org.apache.ibatis.session.defaults.DefaultSqlSession@135286a7] was not registered for synchronization because synchronization is not active
JDBC Connection [HikariProxyConnection@1011323609 wrapping com.mysql.cj.jdbc.ConnectionImpl@45f49252] will not be managed by Spring
==>  Preparing: SELECT COUNT( * ) AS total FROM t_follow WHERE (followee_id = ?)
==> Parameters: 1(Long)
<==    Columns: total
<==        Row: 0
<==      Total: 1
Closing non transactional SqlSession [org.apache.ibatis.session.defaults.DefaultSqlSession@135286a7]
Creating a new SqlSession
SqlSession [org.apache.ibatis.session.defaults.DefaultSqlSession@1d478189] was not registered for synchronization because synchronization is not active
JDBC Connection [HikariProxyConnection@438786872 wrapping com.mysql.cj.jdbc.ConnectionImpl@45f49252] will not be managed by Spring
==>  Preparing: SELECT id,user_id,game_id,category_id,title,content,tags,cover_image,view_count,like_count,reply_count,share_count,heat_score,is_top,is_essence,status,created_at,updated_at FROM t_post WHERE status=1 AND (user_id = ? AND status = ?)
==> Parameters: 1(Long), 1(Integer)
<==      Total: 0
Closing non transactional SqlSession [org.apache.ibatis.session.defaults.DefaultSqlSession@1d478189]
Creating a new SqlSession
SqlSession [org.apache.ibatis.session.defaults.DefaultSqlSession@4a42f949] was not registered for synchronization because synchronization is not active
JDBC Connection [HikariProxyConnection@663700138 wrapping com.mysql.cj.jdbc.ConnectionImpl@45f49252] will not be managed by Spring
==>  Preparing: SELECT COUNT(*) AS total FROM t_game WHERE status = 1 AND (is_recommend = ? AND status = ?)
==> Parameters: 1(Integer), 1(Integer)
Creating a new SqlSession
SqlSession [org.apache.ibatis.session.defaults.DefaultSqlSession@3b91c88d] was not registered for synchronization because synchronization is not active
<==    Columns: total
<==        Row: 5
<==      Total: 1
==>  Preparing: SELECT id,name,cover,description,developer,publisher,release_date,platform,tags,rating,rating_count,is_recommend,status,created_at,updated_at FROM t_game WHERE status=1 AND (is_recommend = ? AND status = ?) ORDER BY rating DESC LIMIT ?
JDBC Connection [HikariProxyConnection@1849881612 wrapping com.mysql.cj.jdbc.ConnectionImpl@73a9ea26] will not be managed by Spring
==>  Preparing: SELECT COUNT( * ) AS total FROM t_notification WHERE (user_id = ? AND is_read = ?)
==> Parameters: 1(Integer), 1(Integer), 6(Long)
==> Parameters: 1(Long), 0(Integer)
<==    Columns: total
<==        Row: 0
<==    Columns: id, name, cover, description, developer, publisher, release_date, platform, tags, rating, rating_count, is_recommend, status, created_at, updated_at
<==      Total: 1
<==        Row: 2, 塞尔达传说：王国之泪, https://upload.wikimedia.org/wikipedia/en/f/fb/The_Legend_of_Zelda_Tears_of_the_Kingdom_cover.jpg, <<BLOB>>, 任天堂, 任天堂, 2023-05-12, Switch, 开放世界,冒险,解谜, 9.80, 980, 1, 1, 2026-05-27 18:20:26, 2026-05-27 18:20:26
Closing non transactional SqlSession [org.apache.ibatis.session.defaults.DefaultSqlSession@3b91c88d]
<==        Row: 3, 博德之门3, https://cdn.cloudflare.steamstatic.com/steam/apps/1086940/library_600x900.jpg, <<BLOB>>, Larian Studios, Larian Studios, 2023-08-03, PC,PS5, RPG,回合制,奇幻, 9.60, 850, 1, 1, 2026-05-27 18:20:26, 2026-05-27 18:20:26
<==        Row: 1, 艾尔登法环, https://cdn.cloudflare.steamstatic.com/steam/apps/1245620/library_600x900.jpg, <<BLOB>>, FromSoftware, Bandai Namco, 2022-02-25, PC,PS5,Xbox, 魂系,开放世界,RPG, 9.50, 1200, 1, 1, 2026-05-27 18:20:26, 2026-05-27 18:20:26
<==        Row: 5, 星露谷物语, https://cdn.cloudflare.steamstatic.com/steam/apps/413150/library_600x900.jpg, <<BLOB>>, ConcernedApe, ConcernedApe, 2016-02-27, PC,Switch,PS5,Xbox, 模拟经营,像素,休闲, 9.30, 760, 1, 1, 2026-05-27 18:20:26, 2026-05-27 18:20:26
<==        Row: 4, 黑神话：悟空, https://cdn.cloudflare.steamstatic.com/steam/apps/2358720/library_600x900.jpg, <<BLOB>>, 游戏科学, 游戏科学, 2024-08-20, PC,PS5, 动作,RPG,神话, 9.20, 2100, 1, 1, 2026-05-27 18:20:26, 2026-05-27 18:20:26
<==      Total: 5
Closing non transactional SqlSession [org.apache.ibatis.session.defaults.DefaultSqlSession@4a42f949]
Creating a new SqlSession
SqlSession [org.apache.ibatis.session.defaults.DefaultSqlSession@5e40bf52] was not registered for synchronization because synchronization is not active
JDBC Connection [HikariProxyConnection@1023133731 wrapping com.mysql.cj.jdbc.ConnectionImpl@73a9ea26] will not be managed by Spring
==>  Preparing: SELECT COUNT(*) AS total FROM t_post WHERE status = 1 AND (status = ?)
==> Parameters: 1(Integer)
<==    Columns: total
<==        Row: 8
<==      Total: 1
==>  Preparing: SELECT id,user_id,game_id,category_id,title,content,tags,cover_image,view_count,like_count,reply_count,share_count,heat_score,is_top,is_essence,status,created_at,updated_at FROM t_post WHERE status=1 AND (status = ?) ORDER BY heat_score DESC,created_at DESC LIMIT ?
==> Parameters: 1(Integer), 10(Long)
<==    Columns: id, user_id, game_id, category_id, title, content, tags, cover_image, view_count, like_count, reply_count, share_count, heat_score, is_top, is_essence, status, created_at, updated_at
<==        Row: 6, 3, 4, 5, 黑神话DLC预测：下一站天庭？, <<BLOB>>, 黑神话,悟空,DLC,预测, null, 3207, 278, 99, 0, 120.5, 0, 0, 1, 2026-05-27 18:20:26, 2026-05-27 18:20:26
<==        Row: 2, 3, 4, 1, 黑神话：悟空 隐藏BOSS全部打法分享, <<BLOB>>, 黑神话,悟空,BOSS攻略, null, 1897, 203, 67, 0, 92.3, 0, 0, 1, 2026-05-27 18:20:26, 2026-05-27 18:20:26
<==        Row: 1, 2, 1, 1, 艾尔登法环 DLC 黄金树幽影 全地图攻略, <<BLOB>>, 艾尔登法环,攻略,DLC, null, 2344, 157, 43, 0, 85.6, 0, 0, 1, 2026-05-27 18:20:26, 2026-05-27 18:20:26
<==        Row: 3, 4, 3, 2, 博德之门3 最强Build推荐, <<BLOB>>, 博德之门3,Build,RPG, null, 1203, 89, 32, 0, 45.2, 0, 0, 1, 2026-05-27 18:20:26, 2026-05-27 18:20:26
<==        Row: 4, 5, 2, 4, 王国之泪 200小时后的感动, <<BLOB>>, 塞尔达,王国之泪,感想, null, 890, 67, 18, 0, 28.7, 0, 0, 1, 2026-05-27 18:20:26, 2026-05-27 18:20:26
<==        Row: 7, 4, 1, 2, 讨论：FromSoftware下一作会是什么题材, <<BLOB>>, FromSoftware,魂系,新作, null, 670, 34, 15, 0, 18.9, 0, 0, 1, 2026-05-27 18:20:26, 2026-05-27 18:20:26
<==        Row: 5, 2, 5, 1, 星露谷物语 新手入门指南, <<BLOB>>, 星露谷,新手,指南, null, 561, 45, 12, 0, 15.3, 0, 0, 1, 2026-05-27 18:20:26, 2026-05-27 18:20:26
<==        Row: 8, 5, 3, 3, 求助：博德之门3 影心个人任务卡住了, <<BLOB>>, 博德之门3,求助,Bug, null, 320, 12, 8, 0, 6.5, 0, 0, 1, 2026-05-27 18:20:26, 2026-05-27 18:20:26
<==      Total: 8
Closing non transactional SqlSession [org.apache.ibatis.session.defaults.DefaultSqlSession@5e40bf52]
Creating a new SqlSession
SqlSession [org.apache.ibatis.session.defaults.DefaultSqlSession@17377e26] was not registered for synchronization because synchronization is not active
JDBC Connection [HikariProxyConnection@1970210355 wrapping com.mysql.cj.jdbc.ConnectionImpl@73a9ea26] will not be managed by Spring
==>  Preparing: SELECT id,name,code,sort_order,status,created_at,updated_at FROM t_post_category WHERE id=? AND status=1
==> Parameters: 5(Long)
Creating a new SqlSession
SqlSession [org.apache.ibatis.session.defaults.DefaultSqlSession@72f2fec4] was not registered for synchronization because synchronization is not active
<==    Columns: id, name, code, sort_order, status, created_at, updated_at
<==        Row: 5, 新闻, news, 5, 1, 2026-05-27 18:20:26, 2026-05-27 18:20:26
<==      Total: 1
Closing non transactional SqlSession [org.apache.ibatis.session.defaults.DefaultSqlSession@17377e26]
Creating a new SqlSession
SqlSession [org.apache.ibatis.session.defaults.DefaultSqlSession@7ef0833e] was not registered for synchronization because synchronization is not active
JDBC Connection [HikariProxyConnection@1377436808 wrapping com.mysql.cj.jdbc.ConnectionImpl@73a9ea26] will not be managed by Spring
==>  Preparing: SELECT id,username,password,nickname,avatar,bio,email,status,created_at,updated_at FROM t_user WHERE id=? AND status=1
==> Parameters: 3(Long)
JDBC Connection [HikariProxyConnection@1482341660 wrapping com.mysql.cj.jdbc.ConnectionImpl@45f49252] will not be managed by Spring
<==    Columns: id, username, password, nickname, avatar, bio, email, status, created_at, updated_at
==>  Preparing: SELECT COUNT(*) AS total FROM t_game WHERE status = 1 AND (is_recommend = ? AND status = ?)
<==        Row: 3, gamer_pro, $2a$10$N.zmdr9k7uOCQb376NoUnuTJ8iAt6Z5EHsM8lE9lBOsl7iKTVKIUi, 高玩达人, null, 全平台制霸！, null, 1, 2026-05-27 18:20:26, 2026-05-27 18:20:26
==> Parameters: 1(Integer), 1(Integer)
<==      Total: 1
Closing non transactional SqlSession [org.apache.ibatis.session.defaults.DefaultSqlSession@7ef0833e]
Creating a new SqlSession
SqlSession [org.apache.ibatis.session.defaults.DefaultSqlSession@7139e7a] was not registered for synchronization because synchronization is not active
JDBC Connection [HikariProxyConnection@2097157333 wrapping com.mysql.cj.jdbc.ConnectionImpl@73a9ea26] will not be managed by Spring
==>  Preparing: SELECT id,name,code,sort_order,status,created_at,updated_at FROM t_post_category WHERE id=? AND status=1
<==    Columns: total
<==        Row: 5
<==      Total: 1
==> Parameters: 1(Long)
==>  Preparing: SELECT id,name,cover,description,developer,publisher,release_date,platform,tags,rating,rating_count,is_recommend,status,created_at,updated_at FROM t_game WHERE status=1 AND (is_recommend = ? AND status = ?) ORDER BY rating DESC LIMIT ?
==> Parameters: 1(Integer), 1(Integer), 6(Long)
<==    Columns: id, name, code, sort_order, status, created_at, updated_at
<==        Row: 1, 攻略, guide, 1, 1, 2026-05-27 18:20:26, 2026-05-27 18:20:26
<==      Total: 1
<==    Columns: id, name, cover, description, developer, publisher, release_date, platform, tags, rating, rating_count, is_recommend, status, created_at, updated_at
Closing non transactional SqlSession [org.apache.ibatis.session.defaults.DefaultSqlSession@7139e7a]
<==        Row: 2, 塞尔达传说：王国之泪, https://upload.wikimedia.org/wikipedia/en/f/fb/The_Legend_of_Zelda_Tears_of_the_Kingdom_cover.jpg, <<BLOB>>, 任天堂, 任天堂, 2023-05-12, Switch, 开放世界,冒险,解谜, 9.80, 980, 1, 1, 2026-05-27 18:20:26, 2026-05-27 18:20:26
Creating a new SqlSession
SqlSession [org.apache.ibatis.session.defaults.DefaultSqlSession@6e97bad6] was not registered for synchronization because synchronization is not active
JDBC Connection [HikariProxyConnection@1970014512 wrapping com.mysql.cj.jdbc.ConnectionImpl@73a9ea26] will not be managed by Spring
==>  Preparing: SELECT id,username,password,nickname,avatar,bio,email,status,created_at,updated_at FROM t_user WHERE id=? AND status=1
<==        Row: 3, 博德之门3, https://cdn.cloudflare.steamstatic.com/steam/apps/1086940/library_600x900.jpg, <<BLOB>>, Larian Studios, Larian Studios, 2023-08-03, PC,PS5, RPG,回合制,奇幻, 9.60, 850, 1, 1, 2026-05-27 18:20:26, 2026-05-27 18:20:26
==> Parameters: 3(Long)
<==        Row: 1, 艾尔登法环, https://cdn.cloudflare.steamstatic.com/steam/apps/1245620/library_600x900.jpg, <<BLOB>>, FromSoftware, Bandai Namco, 2022-02-25, PC,PS5,Xbox, 魂系,开放世界,RPG, 9.50, 1200, 1, 1, 2026-05-27 18:20:26, 2026-05-27 18:20:26
<==        Row: 5, 星露谷物语, https://cdn.cloudflare.steamstatic.com/steam/apps/413150/library_600x900.jpg, <<BLOB>>, ConcernedApe, ConcernedApe, 2016-02-27, PC,Switch,PS5,Xbox, 模拟经营,像素,休闲, 9.30, 760, 1, 1, 2026-05-27 18:20:26, 2026-05-27 18:20:26
<==        Row: 4, 黑神话：悟空, https://cdn.cloudflare.steamstatic.com/steam/apps/2358720/library_600x900.jpg, <<BLOB>>, 游戏科学, 游戏科学, 2024-08-20, PC,PS5, 动作,RPG,神话, 9.20, 2100, 1, 1, 2026-05-27 18:20:26, 2026-05-27 18:20:26
<==      Total: 5
<==    Columns: id, username, password, nickname, avatar, bio, email, status, created_at, updated_at
Closing non transactional SqlSession [org.apache.ibatis.session.defaults.DefaultSqlSession@72f2fec4]
<==        Row: 3, gamer_pro, $2a$10$N.zmdr9k7uOCQb376NoUnuTJ8iAt6Z5EHsM8lE9lBOsl7iKTVKIUi, 高玩达人, null, 全平台制霸！, null, 1, 2026-05-27 18:20:26, 2026-05-27 18:20:26
<==      Total: 1
Closing non transactional SqlSession [org.apache.ibatis.session.defaults.DefaultSqlSession@6e97bad6]
Creating a new SqlSession
SqlSession [org.apache.ibatis.session.defaults.DefaultSqlSession@141a04f2] was not registered for synchronization because synchronization is not active
JDBC Connection [HikariProxyConnection@1191730605 wrapping com.mysql.cj.jdbc.ConnectionImpl@73a9ea26] will not be managed by Spring
==>  Preparing: SELECT id,name,code,sort_order,status,created_at,updated_at FROM t_post_category WHERE id=? AND status=1
==> Parameters: 1(Long)
<==    Columns: id, name, code, sort_order, status, created_at, updated_at
<==        Row: 1, 攻略, guide, 1, 1, 2026-05-27 18:20:26, 2026-05-27 18:20:26
<==      Total: 1
Closing non transactional SqlSession [org.apache.ibatis.session.defaults.DefaultSqlSession@141a04f2]
Creating a new SqlSession
SqlSession [org.apache.ibatis.session.defaults.DefaultSqlSession@625096fb] was not registered for synchronization because synchronization is not active
JDBC Connection [HikariProxyConnection@640234455 wrapping com.mysql.cj.jdbc.ConnectionImpl@73a9ea26] will not be managed by Spring
==>  Preparing: SELECT id,username,password,nickname,avatar,bio,email,status,created_at,updated_at FROM t_user WHERE id=? AND status=1
==> Parameters: 2(Long)
<==    Columns: id, username, password, nickname, avatar, bio, email, status, created_at, updated_at
<==        Row: 2, player1, $2a$10$N.zmdr9k7uOCQb376NoUnuTJ8iAt6Z5EHsM8lE9lBOsl7iKTVKIUi, 玩家一号, null, 热爱游戏的普通玩家, null, 1, 2026-05-27 18:20:26, 2026-05-27 18:20:26
<==      Total: 1
Closing non transactional SqlSession [org.apache.ibatis.session.defaults.DefaultSqlSession@625096fb]
Creating a new SqlSession
SqlSession [org.apache.ibatis.session.defaults.DefaultSqlSession@362b4557] was not registered for synchronization because synchronization is not active
JDBC Connection [HikariProxyConnection@1344989735 wrapping com.mysql.cj.jdbc.ConnectionImpl@73a9ea26] will not be managed by Spring
==>  Preparing: SELECT id,name,code,sort_order,status,created_at,updated_at FROM t_post_category WHERE id=? AND status=1
==> Parameters: 2(Long)
<==    Columns: id, name, code, sort_order, status, created_at, updated_at
<==        Row: 2, 讨论, discuss, 2, 1, 2026-05-27 18:20:26, 2026-05-27 18:20:26
<==      Total: 1
Closing non transactional SqlSession [org.apache.ibatis.session.defaults.DefaultSqlSession@362b4557]
Creating a new SqlSession
SqlSession [org.apache.ibatis.session.defaults.DefaultSqlSession@536b19bd] was not registered for synchronization because synchronization is not active
JDBC Connection [HikariProxyConnection@1057419130 wrapping com.mysql.cj.jdbc.ConnectionImpl@73a9ea26] will not be managed by Spring
==>  Preparing: SELECT id,username,password,nickname,avatar,bio,email,status,created_at,updated_at FROM t_user WHERE id=? AND status=1
==> Parameters: 4(Long)
<==    Columns: id, username, password, nickname, avatar, bio, email, status, created_at, updated_at
<==        Row: 4, game_girl, $2a$10$N.zmdr9k7uOCQb376NoUnuTJ8iAt6Z5EHsM8lE9lBOsl7iKTVKIUi, 游戏少女, null, 只玩好游戏~, null, 1, 2026-05-27 18:20:26, 2026-05-27 18:20:26
<==      Total: 1
Closing non transactional SqlSession [org.apache.ibatis.session.defaults.DefaultSqlSession@536b19bd]
Creating a new SqlSession
SqlSession [org.apache.ibatis.session.defaults.DefaultSqlSession@1142fb32] was not registered for synchronization because synchronization is not active
JDBC Connection [HikariProxyConnection@451919446 wrapping com.mysql.cj.jdbc.ConnectionImpl@73a9ea26] will not be managed by Spring
==>  Preparing: SELECT id,name,code,sort_order,status,created_at,updated_at FROM t_post_category WHERE id=? AND status=1
==> Parameters: 4(Long)
<==    Columns: id, name, code, sort_order, status, created_at, updated_at
<==        Row: 4, 分享, share, 4, 1, 2026-05-27 18:20:26, 2026-05-27 18:20:26
<==      Total: 1
Closing non transactional SqlSession [org.apache.ibatis.session.defaults.DefaultSqlSession@1142fb32]
Creating a new SqlSession
SqlSession [org.apache.ibatis.session.defaults.DefaultSqlSession@7801354b] was not registered for synchronization because synchronization is not active
JDBC Connection [HikariProxyConnection@2115820050 wrapping com.mysql.cj.jdbc.ConnectionImpl@73a9ea26] will not be managed by Spring
==>  Preparing: SELECT id,username,password,nickname,avatar,bio,email,status,created_at,updated_at FROM t_user WHERE id=? AND status=1
==> Parameters: 5(Long)
<==    Columns: id, username, password, nickname, avatar, bio, email, status, created_at, updated_at
<==        Row: 5, rpg_lover, $2a$10$N.zmdr9k7uOCQb376NoUnuTJ8iAt6Z5EHsM8lE9lBOsl7iKTVKIUi, RPG爱好者, null, RPG永不毕业！, null, 1, 2026-05-27 18:20:26, 2026-05-27 18:20:26
<==      Total: 1
Closing non transactional SqlSession [org.apache.ibatis.session.defaults.DefaultSqlSession@7801354b]
Creating a new SqlSession
SqlSession [org.apache.ibatis.session.defaults.DefaultSqlSession@5c43aa64] was not registered for synchronization because synchronization is not active
JDBC Connection [HikariProxyConnection@756643786 wrapping com.mysql.cj.jdbc.ConnectionImpl@73a9ea26] will not be managed by Spring
==>  Preparing: SELECT id,name,code,sort_order,status,created_at,updated_at FROM t_post_category WHERE id=? AND status=1
==> Parameters: 2(Long)
<==    Columns: id, name, code, sort_order, status, created_at, updated_at
<==        Row: 2, 讨论, discuss, 2, 1, 2026-05-27 18:20:26, 2026-05-27 18:20:26
<==      Total: 1
Closing non transactional SqlSession [org.apache.ibatis.session.defaults.DefaultSqlSession@5c43aa64]
Creating a new SqlSession
SqlSession [org.apache.ibatis.session.defaults.DefaultSqlSession@1a30be9f] was not registered for synchronization because synchronization is not active
JDBC Connection [HikariProxyConnection@1541482295 wrapping com.mysql.cj.jdbc.ConnectionImpl@73a9ea26] will not be managed by Spring
==>  Preparing: SELECT id,username,password,nickname,avatar,bio,email,status,created_at,updated_at FROM t_user WHERE id=? AND status=1
==> Parameters: 4(Long)
<==    Columns: id, username, password, nickname, avatar, bio, email, status, created_at, updated_at
<==        Row: 4, game_girl, $2a$10$N.zmdr9k7uOCQb376NoUnuTJ8iAt6Z5EHsM8lE9lBOsl7iKTVKIUi, 游戏少女, null, 只玩好游戏~, null, 1, 2026-05-27 18:20:26, 2026-05-27 18:20:26
<==      Total: 1
Closing non transactional SqlSession [org.apache.ibatis.session.defaults.DefaultSqlSession@1a30be9f]
Creating a new SqlSession
SqlSession [org.apache.ibatis.session.defaults.DefaultSqlSession@67962b5f] was not registered for synchronization because synchronization is not active
JDBC Connection [HikariProxyConnection@2026747252 wrapping com.mysql.cj.jdbc.ConnectionImpl@73a9ea26] will not be managed by Spring
==>  Preparing: SELECT id,name,code,sort_order,status,created_at,updated_at FROM t_post_category WHERE id=? AND status=1
==> Parameters: 1(Long)
<==    Columns: id, name, code, sort_order, status, created_at, updated_at
<==        Row: 1, 攻略, guide, 1, 1, 2026-05-27 18:20:26, 2026-05-27 18:20:26
<==      Total: 1
Closing non transactional SqlSession [org.apache.ibatis.session.defaults.DefaultSqlSession@67962b5f]
Creating a new SqlSession
SqlSession [org.apache.ibatis.session.defaults.DefaultSqlSession@12ba21b7] was not registered for synchronization because synchronization is not active
JDBC Connection [HikariProxyConnection@1142959212 wrapping com.mysql.cj.jdbc.ConnectionImpl@73a9ea26] will not be managed by Spring
==>  Preparing: SELECT id,username,password,nickname,avatar,bio,email,status,created_at,updated_at FROM t_user WHERE id=? AND status=1
==> Parameters: 2(Long)
<==    Columns: id, username, password, nickname, avatar, bio, email, status, created_at, updated_at
<==        Row: 2, player1, $2a$10$N.zmdr9k7uOCQb376NoUnuTJ8iAt6Z5EHsM8lE9lBOsl7iKTVKIUi, 玩家一号, null, 热爱游戏的普通玩家, null, 1, 2026-05-27 18:20:26, 2026-05-27 18:20:26
<==      Total: 1
Closing non transactional SqlSession [org.apache.ibatis.session.defaults.DefaultSqlSession@12ba21b7]
Creating a new SqlSession
SqlSession [org.apache.ibatis.session.defaults.DefaultSqlSession@44efa1b3] was not registered for synchronization because synchronization is not active
JDBC Connection [HikariProxyConnection@119244544 wrapping com.mysql.cj.jdbc.ConnectionImpl@73a9ea26] will not be managed by Spring
==>  Preparing: SELECT id,name,code,sort_order,status,created_at,updated_at FROM t_post_category WHERE id=? AND status=1
==> Parameters: 3(Long)
<==    Columns: id, name, code, sort_order, status, created_at, updated_at
<==        Row: 3, 求助, help, 3, 1, 2026-05-27 18:20:26, 2026-05-27 18:20:26
<==      Total: 1
Closing non transactional SqlSession [org.apache.ibatis.session.defaults.DefaultSqlSession@44efa1b3]
Creating a new SqlSession
SqlSession [org.apache.ibatis.session.defaults.DefaultSqlSession@9b9f016] was not registered for synchronization because synchronization is not active
JDBC Connection [HikariProxyConnection@811743915 wrapping com.mysql.cj.jdbc.ConnectionImpl@73a9ea26] will not be managed by Spring
==>  Preparing: SELECT id,username,password,nickname,avatar,bio,email,status,created_at,updated_at FROM t_user WHERE id=? AND status=1
==> Parameters: 5(Long)
<==    Columns: id, username, password, nickname, avatar, bio, email, status, created_at, updated_at
<==        Row: 5, rpg_lover, $2a$10$N.zmdr9k7uOCQb376NoUnuTJ8iAt6Z5EHsM8lE9lBOsl7iKTVKIUi, RPG爱好者, null, RPG永不毕业！, null, 1, 2026-05-27 18:20:26, 2026-05-27 18:20:26
<==      Total: 1
Closing non transactional SqlSession [org.apache.ibatis.session.defaults.DefaultSqlSession@9b9f016]
Creating a new SqlSession
SqlSession [org.apache.ibatis.session.defaults.DefaultSqlSession@277e6006] was not registered for synchronization because synchronization is not active
JDBC Connection [HikariProxyConnection@1082289413 wrapping com.mysql.cj.jdbc.ConnectionImpl@73a9ea26] will not be managed by Spring
==>  Preparing: SELECT id,username,password,nickname,avatar,bio,email,status,created_at,updated_at FROM t_user WHERE id=? AND status=1
==> Parameters: 1(Long)
<==    Columns: id, username, password, nickname, avatar, bio, email, status, created_at, updated_at
<==        Row: 1, admin, $2a$10$N.zmdr9k7uOCQb376NoUnuTJ8iAt6Z5EHsM8lE9lBOsl7iKTVKIUi, 管理员, null, GameBox 官方管理员, null, 1, 2026-05-27 18:20:26, 2026-05-27 18:20:26
<==      Total: 1
Closing non transactional SqlSession [org.apache.ibatis.session.defaults.DefaultSqlSession@277e6006]
Creating a new SqlSession
SqlSession [org.apache.ibatis.session.defaults.DefaultSqlSession@78656508] was not registered for synchronization because synchronization is not active
JDBC Connection [HikariProxyConnection@751780946 wrapping com.mysql.cj.jdbc.ConnectionImpl@73a9ea26] will not be managed by Spring
==>  Preparing: SELECT COUNT( * ) AS total FROM t_post WHERE status=1 AND (user_id = ? AND status = ?)
==> Parameters: 1(Long), 1(Integer)
<==    Columns: total
<==        Row: 0
<==      Total: 1
Closing non transactional SqlSession [org.apache.ibatis.session.defaults.DefaultSqlSession@78656508]
Creating a new SqlSession
SqlSession [org.apache.ibatis.session.defaults.DefaultSqlSession@389f9c8b] was not registered for synchronization because synchronization is not active
JDBC Connection [HikariProxyConnection@1803678645 wrapping com.mysql.cj.jdbc.ConnectionImpl@73a9ea26] will not be managed by Spring
==>  Preparing: SELECT COUNT( * ) AS total FROM t_follow WHERE (follower_id = ?)
==> Parameters: 1(Long)
<==    Columns: total
<==        Row: 0
<==      Total: 1
Closing non transactional SqlSession [org.apache.ibatis.session.defaults.DefaultSqlSession@389f9c8b]
Creating a new SqlSession
SqlSession [org.apache.ibatis.session.defaults.DefaultSqlSession@7570f4d9] was not registered for synchronization because synchronization is not active
JDBC Connection [HikariProxyConnection@835671352 wrapping com.mysql.cj.jdbc.ConnectionImpl@73a9ea26] will not be managed by Spring
==>  Preparing: SELECT COUNT( * ) AS total FROM t_follow WHERE (followee_id = ?)
==> Parameters: 1(Long)
<==    Columns: total
<==        Row: 0
<==      Total: 1
Closing non transactional SqlSession [org.apache.ibatis.session.defaults.DefaultSqlSession@7570f4d9]
Creating a new SqlSession
SqlSession [org.apache.ibatis.session.defaults.DefaultSqlSession@3e5c41c5] was not registered for synchronization because synchronization is not active
JDBC Connection [HikariProxyConnection@1291365611 wrapping com.mysql.cj.jdbc.ConnectionImpl@73a9ea26] will not be managed by Spring
==>  Preparing: SELECT id,user_id,game_id,category_id,title,content,tags,cover_image,view_count,like_count,reply_count,share_count,heat_score,is_top,is_essence,status,created_at,updated_at FROM t_post WHERE status=1 AND (user_id = ? AND status = ?)
==> Parameters: 1(Long), 1(Integer)
<==      Total: 0
Closing non transactional SqlSession [org.apache.ibatis.session.defaults.DefaultSqlSession@3e5c41c5]
Creating a new SqlSession
SqlSession [org.apache.ibatis.session.defaults.DefaultSqlSession@23e9ce64] was not registered for synchronization because synchronization is not active
Creating a new SqlSession
SqlSession [org.apache.ibatis.session.defaults.DefaultSqlSession@b5fb43f] was not registered for synchronization because synchronization is not active
JDBC Connection [HikariProxyConnection@1307363159 wrapping com.mysql.cj.jdbc.ConnectionImpl@73a9ea26] will not be managed by Spring
==>  Preparing: SELECT COUNT( * ) AS total FROM t_notification WHERE (user_id = ? AND is_read = ?)
==> Parameters: 1(Long), 0(Integer)
<==    Columns: total
<==        Row: 0
JDBC Connection [HikariProxyConnection@603673572 wrapping com.mysql.cj.jdbc.ConnectionImpl@45f49252] will not be managed by Spring
<==      Total: 1
==>  Preparing: SELECT COUNT(*) AS total FROM t_game WHERE status = 1 AND (is_recommend = ? AND status = ?)
Closing non transactional SqlSession [org.apache.ibatis.session.defaults.DefaultSqlSession@b5fb43f]
==> Parameters: 1(Integer), 1(Integer)
Creating a new SqlSession
SqlSession [org.apache.ibatis.session.defaults.DefaultSqlSession@5cf6ac2e] was not registered for synchronization because synchronization is not active
<==    Columns: total
<==        Row: 5
<==      Total: 1
==>  Preparing: SELECT id,name,cover,description,developer,publisher,release_date,platform,tags,rating,rating_count,is_recommend,status,created_at,updated_at FROM t_game WHERE status=1 AND (is_recommend = ? AND status = ?) ORDER BY rating DESC LIMIT ?
==> Parameters: 1(Integer), 1(Integer), 6(Long)
JDBC Connection [HikariProxyConnection@635921326 wrapping com.mysql.cj.jdbc.ConnectionImpl@73a9ea26] will not be managed by Spring
==>  Preparing: SELECT COUNT(*) AS total FROM t_post WHERE status = 1 AND (status = ?)
==> Parameters: 1(Integer)
<==    Columns: id, name, cover, description, developer, publisher, release_date, platform, tags, rating, rating_count, is_recommend, status, created_at, updated_at
<==        Row: 2, 塞尔达传说：王国之泪, https://upload.wikimedia.org/wikipedia/en/f/fb/The_Legend_of_Zelda_Tears_of_the_Kingdom_cover.jpg, <<BLOB>>, 任天堂, 任天堂, 2023-05-12, Switch, 开放世界,冒险,解谜, 9.80, 980, 1, 1, 2026-05-27 18:20:26, 2026-05-27 18:20:26
<==        Row: 3, 博德之门3, https://cdn.cloudflare.steamstatic.com/steam/apps/1086940/library_600x900.jpg, <<BLOB>>, Larian Studios, Larian Studios, 2023-08-03, PC,PS5, RPG,回合制,奇幻, 9.60, 850, 1, 1, 2026-05-27 18:20:26, 2026-05-27 18:20:26
<==    Columns: total
<==        Row: 8
<==        Row: 1, 艾尔登法环, https://cdn.cloudflare.steamstatic.com/steam/apps/1245620/library_600x900.jpg, <<BLOB>>, FromSoftware, Bandai Namco, 2022-02-25, PC,PS5,Xbox, 魂系,开放世界,RPG, 9.50, 1200, 1, 1, 2026-05-27 18:20:26, 2026-05-27 18:20:26
<==      Total: 1
<==        Row: 5, 星露谷物语, https://cdn.cloudflare.steamstatic.com/steam/apps/413150/library_600x900.jpg, <<BLOB>>, ConcernedApe, ConcernedApe, 2016-02-27, PC,Switch,PS5,Xbox, 模拟经营,像素,休闲, 9.30, 760, 1, 1, 2026-05-27 18:20:26, 2026-05-27 18:20:26
==>  Preparing: SELECT id,user_id,game_id,category_id,title,content,tags,cover_image,view_count,like_count,reply_count,share_count,heat_score,is_top,is_essence,status,created_at,updated_at FROM t_post WHERE status=1 AND (status = ?) ORDER BY heat_score DESC,created_at DESC LIMIT ?
<==        Row: 4, 黑神话：悟空, https://cdn.cloudflare.steamstatic.com/steam/apps/2358720/library_600x900.jpg, <<BLOB>>, 游戏科学, 游戏科学, 2024-08-20, PC,PS5, 动作,RPG,神话, 9.20, 2100, 1, 1, 2026-05-27 18:20:26, 2026-05-27 18:20:26
<==      Total: 5
==> Parameters: 1(Integer), 10(Long)
Closing non transactional SqlSession [org.apache.ibatis.session.defaults.DefaultSqlSession@23e9ce64]
<==    Columns: id, user_id, game_id, category_id, title, content, tags, cover_image, view_count, like_count, reply_count, share_count, heat_score, is_top, is_essence, status, created_at, updated_at
<==        Row: 6, 3, 4, 5, 黑神话DLC预测：下一站天庭？, <<BLOB>>, 黑神话,悟空,DLC,预测, null, 3207, 278, 99, 0, 120.5, 0, 0, 1, 2026-05-27 18:20:26, 2026-05-27 18:20:26
<==        Row: 2, 3, 4, 1, 黑神话：悟空 隐藏BOSS全部打法分享, <<BLOB>>, 黑神话,悟空,BOSS攻略, null, 1897, 203, 67, 0, 92.3, 0, 0, 1, 2026-05-27 18:20:26, 2026-05-27 18:20:26
<==        Row: 1, 2, 1, 1, 艾尔登法环 DLC 黄金树幽影 全地图攻略, <<BLOB>>, 艾尔登法环,攻略,DLC, null, 2344, 157, 43, 0, 85.6, 0, 0, 1, 2026-05-27 18:20:26, 2026-05-27 18:20:26
<==        Row: 3, 4, 3, 2, 博德之门3 最强Build推荐, <<BLOB>>, 博德之门3,Build,RPG, null, 1203, 89, 32, 0, 45.2, 0, 0, 1, 2026-05-27 18:20:26, 2026-05-27 18:20:26
<==        Row: 4, 5, 2, 4, 王国之泪 200小时后的感动, <<BLOB>>, 塞尔达,王国之泪,感想, null, 890, 67, 18, 0, 28.7, 0, 0, 1, 2026-05-27 18:20:26, 2026-05-27 18:20:26
<==        Row: 7, 4, 1, 2, 讨论：FromSoftware下一作会是什么题材, <<BLOB>>, FromSoftware,魂系,新作, null, 670, 34, 15, 0, 18.9, 0, 0, 1, 2026-05-27 18:20:26, 2026-05-27 18:20:26
<==        Row: 5, 2, 5, 1, 星露谷物语 新手入门指南, <<BLOB>>, 星露谷,新手,指南, null, 561, 45, 12, 0, 15.3, 0, 0, 1, 2026-05-27 18:20:26, 2026-05-27 18:20:26
<==        Row: 8, 5, 3, 3, 求助：博德之门3 影心个人任务卡住了, <<BLOB>>, 博德之门3,求助,Bug, null, 320, 12, 8, 0, 6.5, 0, 0, 1, 2026-05-27 18:20:26, 2026-05-27 18:20:26
<==      Total: 8
Closing non transactional SqlSession [org.apache.ibatis.session.defaults.DefaultSqlSession@5cf6ac2e]
Creating a new SqlSession
SqlSession [org.apache.ibatis.session.defaults.DefaultSqlSession@2aa6e16b] was not registered for synchronization because synchronization is not active
JDBC Connection [HikariProxyConnection@876748162 wrapping com.mysql.cj.jdbc.ConnectionImpl@73a9ea26] will not be managed by Spring
==>  Preparing: SELECT id,name,code,sort_order,status,created_at,updated_at FROM t_post_category WHERE id=? AND status=1
==> Parameters: 5(Long)
<==    Columns: id, name, code, sort_order, status, created_at, updated_at
<==        Row: 5, 新闻, news, 5, 1, 2026-05-27 18:20:26, 2026-05-27 18:20:26
<==      Total: 1
Closing non transactional SqlSession [org.apache.ibatis.session.defaults.DefaultSqlSession@2aa6e16b]
Creating a new SqlSession
SqlSession [org.apache.ibatis.session.defaults.DefaultSqlSession@3a15f5f3] was not registered for synchronization because synchronization is not active
JDBC Connection [HikariProxyConnection@656795235 wrapping com.mysql.cj.jdbc.ConnectionImpl@73a9ea26] will not be managed by Spring
==>  Preparing: SELECT id,username,password,nickname,avatar,bio,email,status,created_at,updated_at FROM t_user WHERE id=? AND status=1
==> Parameters: 3(Long)
<==    Columns: id, username, password, nickname, avatar, bio, email, status, created_at, updated_at
<==        Row: 3, gamer_pro, $2a$10$N.zmdr9k7uOCQb376NoUnuTJ8iAt6Z5EHsM8lE9lBOsl7iKTVKIUi, 高玩达人, null, 全平台制霸！, null, 1, 2026-05-27 18:20:26, 2026-05-27 18:20:26
<==      Total: 1
Closing non transactional SqlSession [org.apache.ibatis.session.defaults.DefaultSqlSession@3a15f5f3]
Creating a new SqlSession
SqlSession [org.apache.ibatis.session.defaults.DefaultSqlSession@5fd2af0a] was not registered for synchronization because synchronization is not active
JDBC Connection [HikariProxyConnection@1258120046 wrapping com.mysql.cj.jdbc.ConnectionImpl@73a9ea26] will not be managed by Spring
==>  Preparing: SELECT id,name,code,sort_order,status,created_at,updated_at FROM t_post_category WHERE id=? AND status=1
==> Parameters: 1(Long)
<==    Columns: id, name, code, sort_order, status, created_at, updated_at
<==        Row: 1, 攻略, guide, 1, 1, 2026-05-27 18:20:26, 2026-05-27 18:20:26
<==      Total: 1
Closing non transactional SqlSession [org.apache.ibatis.session.defaults.DefaultSqlSession@5fd2af0a]
Creating a new SqlSession
SqlSession [org.apache.ibatis.session.defaults.DefaultSqlSession@3bbd2cf9] was not registered for synchronization because synchronization is not active
JDBC Connection [HikariProxyConnection@1901948539 wrapping com.mysql.cj.jdbc.ConnectionImpl@73a9ea26] will not be managed by Spring
==>  Preparing: SELECT id,username,password,nickname,avatar,bio,email,status,created_at,updated_at FROM t_user WHERE id=? AND status=1
==> Parameters: 3(Long)
<==    Columns: id, username, password, nickname, avatar, bio, email, status, created_at, updated_at
<==        Row: 3, gamer_pro, $2a$10$N.zmdr9k7uOCQb376NoUnuTJ8iAt6Z5EHsM8lE9lBOsl7iKTVKIUi, 高玩达人, null, 全平台制霸！, null, 1, 2026-05-27 18:20:26, 2026-05-27 18:20:26
<==      Total: 1
Closing non transactional SqlSession [org.apache.ibatis.session.defaults.DefaultSqlSession@3bbd2cf9]
Creating a new SqlSession
SqlSession [org.apache.ibatis.session.defaults.DefaultSqlSession@eb21b60] was not registered for synchronization because synchronization is not active
JDBC Connection [HikariProxyConnection@1547318443 wrapping com.mysql.cj.jdbc.ConnectionImpl@73a9ea26] will not be managed by Spring
==>  Preparing: SELECT id,name,code,sort_order,status,created_at,updated_at FROM t_post_category WHERE id=? AND status=1
==> Parameters: 1(Long)
<==    Columns: id, name, code, sort_order, status, created_at, updated_at
<==        Row: 1, 攻略, guide, 1, 1, 2026-05-27 18:20:26, 2026-05-27 18:20:26
<==      Total: 1
Closing non transactional SqlSession [org.apache.ibatis.session.defaults.DefaultSqlSession@eb21b60]
Creating a new SqlSession
SqlSession [org.apache.ibatis.session.defaults.DefaultSqlSession@42b971e0] was not registered for synchronization because synchronization is not active
JDBC Connection [HikariProxyConnection@1557007308 wrapping com.mysql.cj.jdbc.ConnectionImpl@73a9ea26] will not be managed by Spring
==>  Preparing: SELECT id,username,password,nickname,avatar,bio,email,status,created_at,updated_at FROM t_user WHERE id=? AND status=1
==> Parameters: 2(Long)
<==    Columns: id, username, password, nickname, avatar, bio, email, status, created_at, updated_at
<==        Row: 2, player1, $2a$10$N.zmdr9k7uOCQb376NoUnuTJ8iAt6Z5EHsM8lE9lBOsl7iKTVKIUi, 玩家一号, null, 热爱游戏的普通玩家, null, 1, 2026-05-27 18:20:26, 2026-05-27 18:20:26
<==      Total: 1
Closing non transactional SqlSession [org.apache.ibatis.session.defaults.DefaultSqlSession@42b971e0]
Creating a new SqlSession
SqlSession [org.apache.ibatis.session.defaults.DefaultSqlSession@625ef7e7] was not registered for synchronization because synchronization is not active
JDBC Connection [HikariProxyConnection@1809951805 wrapping com.mysql.cj.jdbc.ConnectionImpl@73a9ea26] will not be managed by Spring
==>  Preparing: SELECT id,name,code,sort_order,status,created_at,updated_at FROM t_post_category WHERE id=? AND status=1
==> Parameters: 2(Long)
<==    Columns: id, name, code, sort_order, status, created_at, updated_at
<==        Row: 2, 讨论, discuss, 2, 1, 2026-05-27 18:20:26, 2026-05-27 18:20:26
<==      Total: 1
Closing non transactional SqlSession [org.apache.ibatis.session.defaults.DefaultSqlSession@625ef7e7]
Creating a new SqlSession
SqlSession [org.apache.ibatis.session.defaults.DefaultSqlSession@712bf1fc] was not registered for synchronization because synchronization is not active
JDBC Connection [HikariProxyConnection@1692385777 wrapping com.mysql.cj.jdbc.ConnectionImpl@73a9ea26] will not be managed by Spring
==>  Preparing: SELECT id,username,password,nickname,avatar,bio,email,status,created_at,updated_at FROM t_user WHERE id=? AND status=1
==> Parameters: 4(Long)
<==    Columns: id, username, password, nickname, avatar, bio, email, status, created_at, updated_at
<==        Row: 4, game_girl, $2a$10$N.zmdr9k7uOCQb376NoUnuTJ8iAt6Z5EHsM8lE9lBOsl7iKTVKIUi, 游戏少女, null, 只玩好游戏~, null, 1, 2026-05-27 18:20:26, 2026-05-27 18:20:26
<==      Total: 1
Closing non transactional SqlSession [org.apache.ibatis.session.defaults.DefaultSqlSession@712bf1fc]
Creating a new SqlSession
SqlSession [org.apache.ibatis.session.defaults.DefaultSqlSession@2f1ee9d8] was not registered for synchronization because synchronization is not active
JDBC Connection [HikariProxyConnection@18110934 wrapping com.mysql.cj.jdbc.ConnectionImpl@73a9ea26] will not be managed by Spring
==>  Preparing: SELECT id,name,code,sort_order,status,created_at,updated_at FROM t_post_category WHERE id=? AND status=1
==> Parameters: 4(Long)
<==    Columns: id, name, code, sort_order, status, created_at, updated_at
<==        Row: 4, 分享, share, 4, 1, 2026-05-27 18:20:26, 2026-05-27 18:20:26
<==      Total: 1
Closing non transactional SqlSession [org.apache.ibatis.session.defaults.DefaultSqlSession@2f1ee9d8]
Creating a new SqlSession
SqlSession [org.apache.ibatis.session.defaults.DefaultSqlSession@5165b3a5] was not registered for synchronization because synchronization is not active
JDBC Connection [HikariProxyConnection@166580344 wrapping com.mysql.cj.jdbc.ConnectionImpl@73a9ea26] will not be managed by Spring
==>  Preparing: SELECT id,username,password,nickname,avatar,bio,email,status,created_at,updated_at FROM t_user WHERE id=? AND status=1
==> Parameters: 5(Long)
<==    Columns: id, username, password, nickname, avatar, bio, email, status, created_at, updated_at
<==        Row: 5, rpg_lover, $2a$10$N.zmdr9k7uOCQb376NoUnuTJ8iAt6Z5EHsM8lE9lBOsl7iKTVKIUi, RPG爱好者, null, RPG永不毕业！, null, 1, 2026-05-27 18:20:26, 2026-05-27 18:20:26
<==      Total: 1
Closing non transactional SqlSession [org.apache.ibatis.session.defaults.DefaultSqlSession@5165b3a5]
Creating a new SqlSession
SqlSession [org.apache.ibatis.session.defaults.DefaultSqlSession@47250bc4] was not registered for synchronization because synchronization is not active
JDBC Connection [HikariProxyConnection@992043038 wrapping com.mysql.cj.jdbc.ConnectionImpl@73a9ea26] will not be managed by Spring
==>  Preparing: SELECT id,name,code,sort_order,status,created_at,updated_at FROM t_post_category WHERE id=? AND status=1
==> Parameters: 2(Long)
<==    Columns: id, name, code, sort_order, status, created_at, updated_at
<==        Row: 2, 讨论, discuss, 2, 1, 2026-05-27 18:20:26, 2026-05-27 18:20:26
<==      Total: 1
Closing non transactional SqlSession [org.apache.ibatis.session.defaults.DefaultSqlSession@47250bc4]
Creating a new SqlSession
SqlSession [org.apache.ibatis.session.defaults.DefaultSqlSession@51a227df] was not registered for synchronization because synchronization is not active
JDBC Connection [HikariProxyConnection@1052146948 wrapping com.mysql.cj.jdbc.ConnectionImpl@73a9ea26] will not be managed by Spring
==>  Preparing: SELECT id,username,password,nickname,avatar,bio,email,status,created_at,updated_at FROM t_user WHERE id=? AND status=1
==> Parameters: 4(Long)
Creating a new SqlSession
SqlSession [org.apache.ibatis.session.defaults.DefaultSqlSession@215d247] was not registered for synchronization because synchronization is not active
<==    Columns: id, username, password, nickname, avatar, bio, email, status, created_at, updated_at
<==        Row: 4, game_girl, $2a$10$N.zmdr9k7uOCQb376NoUnuTJ8iAt6Z5EHsM8lE9lBOsl7iKTVKIUi, 游戏少女, null, 只玩好游戏~, null, 1, 2026-05-27 18:20:26, 2026-05-27 18:20:26
<==      Total: 1
Closing non transactional SqlSession [org.apache.ibatis.session.defaults.DefaultSqlSession@51a227df]
Creating a new SqlSession
SqlSession [org.apache.ibatis.session.defaults.DefaultSqlSession@12db2313] was not registered for synchronization because synchronization is not active
JDBC Connection [HikariProxyConnection@1376215624 wrapping com.mysql.cj.jdbc.ConnectionImpl@73a9ea26] will not be managed by Spring
==>  Preparing: SELECT id,name,code,sort_order,status,created_at,updated_at FROM t_post_category WHERE id=? AND status=1
==> Parameters: 1(Long)
JDBC Connection [HikariProxyConnection@595542085 wrapping com.mysql.cj.jdbc.ConnectionImpl@45f49252] will not be managed by Spring
<==    Columns: id, name, code, sort_order, status, created_at, updated_at
==>  Preparing: SELECT COUNT(*) AS total FROM t_game WHERE status = 1 AND (is_recommend = ? AND status = ?)
<==        Row: 1, 攻略, guide, 1, 1, 2026-05-27 18:20:26, 2026-05-27 18:20:26
<==      Total: 1
==> Parameters: 1(Integer), 1(Integer)
Closing non transactional SqlSession [org.apache.ibatis.session.defaults.DefaultSqlSession@12db2313]
Creating a new SqlSession
SqlSession [org.apache.ibatis.session.defaults.DefaultSqlSession@6f1926dc] was not registered for synchronization because synchronization is not active
JDBC Connection [HikariProxyConnection@605115287 wrapping com.mysql.cj.jdbc.ConnectionImpl@73a9ea26] will not be managed by Spring
==>  Preparing: SELECT id,username,password,nickname,avatar,bio,email,status,created_at,updated_at FROM t_user WHERE id=? AND status=1
==> Parameters: 2(Long)
<==    Columns: total
<==        Row: 5
<==      Total: 1
<==    Columns: id, username, password, nickname, avatar, bio, email, status, created_at, updated_at
==>  Preparing: SELECT id,name,cover,description,developer,publisher,release_date,platform,tags,rating,rating_count,is_recommend,status,created_at,updated_at FROM t_game WHERE status=1 AND (is_recommend = ? AND status = ?) ORDER BY rating DESC LIMIT ?
<==        Row: 2, player1, $2a$10$N.zmdr9k7uOCQb376NoUnuTJ8iAt6Z5EHsM8lE9lBOsl7iKTVKIUi, 玩家一号, null, 热爱游戏的普通玩家, null, 1, 2026-05-27 18:20:26, 2026-05-27 18:20:26
==> Parameters: 1(Integer), 1(Integer), 6(Long)
<==      Total: 1
Closing non transactional SqlSession [org.apache.ibatis.session.defaults.DefaultSqlSession@6f1926dc]
Creating a new SqlSession
SqlSession [org.apache.ibatis.session.defaults.DefaultSqlSession@319f0460] was not registered for synchronization because synchronization is not active
<==    Columns: id, name, cover, description, developer, publisher, release_date, platform, tags, rating, rating_count, is_recommend, status, created_at, updated_at
JDBC Connection [HikariProxyConnection@387382089 wrapping com.mysql.cj.jdbc.ConnectionImpl@73a9ea26] will not be managed by Spring
==>  Preparing: SELECT id,name,code,sort_order,status,created_at,updated_at FROM t_post_category WHERE id=? AND status=1
<==        Row: 2, 塞尔达传说：王国之泪, https://upload.wikimedia.org/wikipedia/en/f/fb/The_Legend_of_Zelda_Tears_of_the_Kingdom_cover.jpg, <<BLOB>>, 任天堂, 任天堂, 2023-05-12, Switch, 开放世界,冒险,解谜, 9.80, 980, 1, 1, 2026-05-27 18:20:26, 2026-05-27 18:20:26
==> Parameters: 3(Long)
<==        Row: 3, 博德之门3, https://cdn.cloudflare.steamstatic.com/steam/apps/1086940/library_600x900.jpg, <<BLOB>>, Larian Studios, Larian Studios, 2023-08-03, PC,PS5, RPG,回合制,奇幻, 9.60, 850, 1, 1, 2026-05-27 18:20:26, 2026-05-27 18:20:26
<==        Row: 1, 艾尔登法环, https://cdn.cloudflare.steamstatic.com/steam/apps/1245620/library_600x900.jpg, <<BLOB>>, FromSoftware, Bandai Namco, 2022-02-25, PC,PS5,Xbox, 魂系,开放世界,RPG, 9.50, 1200, 1, 1, 2026-05-27 18:20:26, 2026-05-27 18:20:26
<==    Columns: id, name, code, sort_order, status, created_at, updated_at
<==        Row: 5, 星露谷物语, https://cdn.cloudflare.steamstatic.com/steam/apps/413150/library_600x900.jpg, <<BLOB>>, ConcernedApe, ConcernedApe, 2016-02-27, PC,Switch,PS5,Xbox, 模拟经营,像素,休闲, 9.30, 760, 1, 1, 2026-05-27 18:20:26, 2026-05-27 18:20:26
<==        Row: 3, 求助, help, 3, 1, 2026-05-27 18:20:26, 2026-05-27 18:20:26
<==        Row: 4, 黑神话：悟空, https://cdn.cloudflare.steamstatic.com/steam/apps/2358720/library_600x900.jpg, <<BLOB>>, 游戏科学, 游戏科学, 2024-08-20, PC,PS5, 动作,RPG,神话, 9.20, 2100, 1, 1, 2026-05-27 18:20:26, 2026-05-27 18:20:26
<==      Total: 1
<==      Total: 5
Closing non transactional SqlSession [org.apache.ibatis.session.defaults.DefaultSqlSession@319f0460]
Closing non transactional SqlSession [org.apache.ibatis.session.defaults.DefaultSqlSession@215d247]
Creating a new SqlSession
SqlSession [org.apache.ibatis.session.defaults.DefaultSqlSession@1ffdfe16] was not registered for synchronization because synchronization is not active
JDBC Connection [HikariProxyConnection@1443386765 wrapping com.mysql.cj.jdbc.ConnectionImpl@73a9ea26] will not be managed by Spring
==>  Preparing: SELECT id,username,password,nickname,avatar,bio,email,status,created_at,updated_at FROM t_user WHERE id=? AND status=1
==> Parameters: 5(Long)
<==    Columns: id, username, password, nickname, avatar, bio, email, status, created_at, updated_at
<==        Row: 5, rpg_lover, $2a$10$N.zmdr9k7uOCQb376NoUnuTJ8iAt6Z5EHsM8lE9lBOsl7iKTVKIUi, RPG爱好者, null, RPG永不毕业！, null, 1, 2026-05-27 18:20:26, 2026-05-27 18:20:26
<==      Total: 1
Closing non transactional SqlSession [org.apache.ibatis.session.defaults.DefaultSqlSession@1ffdfe16]
Creating a new SqlSession
SqlSession [org.apache.ibatis.session.defaults.DefaultSqlSession@2349c6e4] was not registered for synchronization because synchronization is not active
JDBC Connection [HikariProxyConnection@371828640 wrapping com.mysql.cj.jdbc.ConnectionImpl@73a9ea26] will not be managed by Spring
==>  Preparing: SELECT COUNT( * ) AS total FROM t_notification WHERE (user_id = ? AND is_read = ?)
==> Parameters: 1(Long), 0(Integer)
<==    Columns: total
<==        Row: 0
<==      Total: 1
Closing non transactional SqlSession [org.apache.ibatis.session.defaults.DefaultSqlSession@2349c6e4]
Creating a new SqlSession
SqlSession [org.apache.ibatis.session.defaults.DefaultSqlSession@3ba27416] was not registered for synchronization because synchronization is not active
JDBC Connection [HikariProxyConnection@1726344154 wrapping com.mysql.cj.jdbc.ConnectionImpl@45f49252] will not be managed by Spring
==>  Preparing: SELECT COUNT( * ) AS total FROM t_notification WHERE (user_id = ? AND is_read = ?)
==> Parameters: 1(Long), 0(Integer)
<==    Columns: total
<==        Row: 0
<==      Total: 1
Closing non transactional SqlSession [org.apache.ibatis.session.defaults.DefaultSqlSession@3ba27416]
Creating a new SqlSession
SqlSession [org.apache.ibatis.session.defaults.DefaultSqlSession@e6b917f] was not registered for synchronization because synchronization is not active
JDBC Connection [HikariProxyConnection@64258035 wrapping com.mysql.cj.jdbc.ConnectionImpl@45f49252] will not be managed by Spring
==>  Preparing: SELECT COUNT( * ) AS total FROM t_notification WHERE (user_id = ? AND is_read = ?)
==> Parameters: 1(Long), 0(Integer)
<==    Columns: total
<==        Row: 0
<==      Total: 1
Closing non transactional SqlSession [org.apache.ibatis.session.defaults.DefaultSqlSession@e6b917f]
Creating a new SqlSession
SqlSession [org.apache.ibatis.session.defaults.DefaultSqlSession@6a282aa0] was not registered for synchronization because synchronization is not active
JDBC Connection [HikariProxyConnection@916851785 wrapping com.mysql.cj.jdbc.ConnectionImpl@73a9ea26] will not be managed by Spring
==>  Preparing: SELECT COUNT( * ) AS total FROM t_notification WHERE (user_id = ? AND is_read = ?)
==> Parameters: 1(Long), 0(Integer)
<==    Columns: total
<==        Row: 0
<==      Total: 1
Closing non transactional SqlSession [org.apache.ibatis.session.defaults.DefaultSqlSession@6a282aa0]
Creating a new SqlSession
SqlSession [org.apache.ibatis.session.defaults.DefaultSqlSession@3cf9b68] was not registered for synchronization because synchronization is not active
JDBC Connection [HikariProxyConnection@1525390908 wrapping com.mysql.cj.jdbc.ConnectionImpl@45f49252] will not be managed by Spring
==>  Preparing: SELECT id,username,password,nickname,avatar,bio,email,status,created_at,updated_at FROM t_user WHERE id=? AND status=1
==> Parameters: 1(Long)
<==    Columns: id, username, password, nickname, avatar, bio, email, status, created_at, updated_at
<==        Row: 1, admin, $2a$10$N.zmdr9k7uOCQb376NoUnuTJ8iAt6Z5EHsM8lE9lBOsl7iKTVKIUi, 管理员, null, GameBox 官方管理员, null, 1, 2026-05-27 18:20:26, 2026-05-27 18:20:26
<==      Total: 1
Closing non transactional SqlSession [org.apache.ibatis.session.defaults.DefaultSqlSession@3cf9b68]
Creating a new SqlSession
SqlSession [org.apache.ibatis.session.defaults.DefaultSqlSession@58b90d1a] was not registered for synchronization because synchronization is not active
JDBC Connection [HikariProxyConnection@659741118 wrapping com.mysql.cj.jdbc.ConnectionImpl@45f49252] will not be managed by Spring
==>  Preparing: SELECT COUNT( * ) AS total FROM t_post WHERE status=1 AND (user_id = ? AND status = ?)
==> Parameters: 1(Long), 1(Integer)
<==    Columns: total
<==        Row: 0
<==      Total: 1
Closing non transactional SqlSession [org.apache.ibatis.session.defaults.DefaultSqlSession@58b90d1a]
Creating a new SqlSession
SqlSession [org.apache.ibatis.session.defaults.DefaultSqlSession@173834e7] was not registered for synchronization because synchronization is not active
JDBC Connection [HikariProxyConnection@133769927 wrapping com.mysql.cj.jdbc.ConnectionImpl@45f49252] will not be managed by Spring
==>  Preparing: SELECT COUNT( * ) AS total FROM t_follow WHERE (follower_id = ?)
==> Parameters: 1(Long)
<==    Columns: total
<==        Row: 0
<==      Total: 1
Closing non transactional SqlSession [org.apache.ibatis.session.defaults.DefaultSqlSession@173834e7]
Creating a new SqlSession
SqlSession [org.apache.ibatis.session.defaults.DefaultSqlSession@6205856a] was not registered for synchronization because synchronization is not active
JDBC Connection [HikariProxyConnection@885787329 wrapping com.mysql.cj.jdbc.ConnectionImpl@45f49252] will not be managed by Spring
==>  Preparing: SELECT COUNT( * ) AS total FROM t_follow WHERE (followee_id = ?)
==> Parameters: 1(Long)
<==    Columns: total
<==        Row: 0
<==      Total: 1
Closing non transactional SqlSession [org.apache.ibatis.session.defaults.DefaultSqlSession@6205856a]
Creating a new SqlSession
SqlSession [org.apache.ibatis.session.defaults.DefaultSqlSession@7015f893] was not registered for synchronization because synchronization is not active
JDBC Connection [HikariProxyConnection@1056247086 wrapping com.mysql.cj.jdbc.ConnectionImpl@45f49252] will not be managed by Spring
==>  Preparing: SELECT id,user_id,game_id,category_id,title,content,tags,cover_image,view_count,like_count,reply_count,share_count,heat_score,is_top,is_essence,status,created_at,updated_at FROM t_post WHERE status=1 AND (user_id = ? AND status = ?)
==> Parameters: 1(Long), 1(Integer)
<==      Total: 0
Closing non transactional SqlSession [org.apache.ibatis.session.defaults.DefaultSqlSession@7015f893]
Creating a new SqlSession
SqlSession [org.apache.ibatis.session.defaults.DefaultSqlSession@63ba528a] was not registered for synchronization because synchronization is not active
Creating a new SqlSession
SqlSession [org.apache.ibatis.session.defaults.DefaultSqlSession@5a21a716] was not registered for synchronization because synchronization is not active
JDBC Connection [HikariProxyConnection@331812261 wrapping com.mysql.cj.jdbc.ConnectionImpl@73a9ea26] will not be managed by Spring
JDBC Connection [HikariProxyConnection@934425680 wrapping com.mysql.cj.jdbc.ConnectionImpl@45f49252] will not be managed by Spring
==>  Preparing: SELECT COUNT(*) AS total FROM t_game WHERE status = 1 AND (is_recommend = ? AND status = ?)
==>  Preparing: SELECT COUNT( * ) AS total FROM t_notification WHERE (user_id = ? AND is_read = ?)
==> Parameters: 1(Long), 0(Integer)
==> Parameters: 1(Integer), 1(Integer)
<==    Columns: total
<==        Row: 5
<==    Columns: total
<==        Row: 0
<==      Total: 1
<==      Total: 1
Closing non transactional SqlSession [org.apache.ibatis.session.defaults.DefaultSqlSession@5a21a716]
==>  Preparing: SELECT id,name,cover,description,developer,publisher,release_date,platform,tags,rating,rating_count,is_recommend,status,created_at,updated_at FROM t_game WHERE status=1 AND (is_recommend = ? AND status = ?) ORDER BY rating DESC LIMIT ?
==> Parameters: 1(Integer), 1(Integer), 6(Long)
<==    Columns: id, name, cover, description, developer, publisher, release_date, platform, tags, rating, rating_count, is_recommend, status, created_at, updated_at
<==        Row: 2, 塞尔达传说：王国之泪, https://upload.wikimedia.org/wikipedia/en/f/fb/The_Legend_of_Zelda_Tears_of_the_Kingdom_cover.jpg, <<BLOB>>, 任天堂, 任天堂, 2023-05-12, Switch, 开放世界,冒险,解谜, 9.80, 980, 1, 1, 2026-05-27 18:20:26, 2026-05-27 18:20:26
<==        Row: 3, 博德之门3, https://cdn.cloudflare.steamstatic.com/steam/apps/1086940/library_600x900.jpg, <<BLOB>>, Larian Studios, Larian Studios, 2023-08-03, PC,PS5, RPG,回合制,奇幻, 9.60, 850, 1, 1, 2026-05-27 18:20:26, 2026-05-27 18:20:26
<==        Row: 1, 艾尔登法环, https://cdn.cloudflare.steamstatic.com/steam/apps/1245620/library_600x900.jpg, <<BLOB>>, FromSoftware, Bandai Namco, 2022-02-25, PC,PS5,Xbox, 魂系,开放世界,RPG, 9.50, 1200, 1, 1, 2026-05-27 18:20:26, 2026-05-27 18:20:26
<==        Row: 5, 星露谷物语, https://cdn.cloudflare.steamstatic.com/steam/apps/413150/library_600x900.jpg, <<BLOB>>, ConcernedApe, ConcernedApe, 2016-02-27, PC,Switch,PS5,Xbox, 模拟经营,像素,休闲, 9.30, 760, 1, 1, 2026-05-27 18:20:26, 2026-05-27 18:20:26
<==        Row: 4, 黑神话：悟空, https://cdn.cloudflare.steamstatic.com/steam/apps/2358720/library_600x900.jpg, <<BLOB>>, 游戏科学, 游戏科学, 2024-08-20, PC,PS5, 动作,RPG,神话, 9.20, 2100, 1, 1, 2026-05-27 18:20:26, 2026-05-27 18:20:26
<==      Total: 5
Closing non transactional SqlSession [org.apache.ibatis.session.defaults.DefaultSqlSession@63ba528a]
Creating a new SqlSession
SqlSession [org.apache.ibatis.session.defaults.DefaultSqlSession@16b51e5e] was not registered for synchronization because synchronization is not active
JDBC Connection [HikariProxyConnection@1042274906 wrapping com.mysql.cj.jdbc.ConnectionImpl@45f49252] will not be managed by Spring
==>  Preparing: SELECT COUNT(*) AS total FROM t_game WHERE status = 1 AND (is_recommend = ? AND status = ?)
==> Parameters: 1(Integer), 1(Integer)
<==    Columns: total
<==        Row: 5
<==      Total: 1
==>  Preparing: SELECT id,name,cover,description,developer,publisher,release_date,platform,tags,rating,rating_count,is_recommend,status,created_at,updated_at FROM t_game WHERE status=1 AND (is_recommend = ? AND status = ?) ORDER BY rating DESC LIMIT ?
==> Parameters: 1(Integer), 1(Integer), 6(Long)
<==    Columns: id, name, cover, description, developer, publisher, release_date, platform, tags, rating, rating_count, is_recommend, status, created_at, updated_at
<==        Row: 2, 塞尔达传说：王国之泪, https://upload.wikimedia.org/wikipedia/en/f/fb/The_Legend_of_Zelda_Tears_of_the_Kingdom_cover.jpg, <<BLOB>>, 任天堂, 任天堂, 2023-05-12, Switch, 开放世界,冒险,解谜, 9.80, 980, 1, 1, 2026-05-27 18:20:26, 2026-05-27 18:20:26
<==        Row: 3, 博德之门3, https://cdn.cloudflare.steamstatic.com/steam/apps/1086940/library_600x900.jpg, <<BLOB>>, Larian Studios, Larian Studios, 2023-08-03, PC,PS5, RPG,回合制,奇幻, 9.60, 850, 1, 1, 2026-05-27 18:20:26, 2026-05-27 18:20:26
<==        Row: 1, 艾尔登法环, https://cdn.cloudflare.steamstatic.com/steam/apps/1245620/library_600x900.jpg, <<BLOB>>, FromSoftware, Bandai Namco, 2022-02-25, PC,PS5,Xbox, 魂系,开放世界,RPG, 9.50, 1200, 1, 1, 2026-05-27 18:20:26, 2026-05-27 18:20:26
<==        Row: 5, 星露谷物语, https://cdn.cloudflare.steamstatic.com/steam/apps/413150/library_600x900.jpg, <<BLOB>>, ConcernedApe, ConcernedApe, 2016-02-27, PC,Switch,PS5,Xbox, 模拟经营,像素,休闲, 9.30, 760, 1, 1, 2026-05-27 18:20:26, 2026-05-27 18:20:26
<==        Row: 4, 黑神话：悟空, https://cdn.cloudflare.steamstatic.com/steam/apps/2358720/library_600x900.jpg, <<BLOB>>, 游戏科学, 游戏科学, 2024-08-20, PC,PS5, 动作,RPG,神话, 9.20, 2100, 1, 1, 2026-05-27 18:20:26, 2026-05-27 18:20:26
<==      Total: 5
Closing non transactional SqlSession [org.apache.ibatis.session.defaults.DefaultSqlSession@16b51e5e]
Creating a new SqlSession
SqlSession [org.apache.ibatis.session.defaults.DefaultSqlSession@7e784f7a] was not registered for synchronization because synchronization is not active
JDBC Connection [HikariProxyConnection@751491491 wrapping com.mysql.cj.jdbc.ConnectionImpl@45f49252] will not be managed by Spring
==>  Preparing: SELECT id,username,password,nickname,avatar,bio,email,status,created_at,updated_at FROM t_user WHERE id=? AND status=1
==> Parameters: 1(Long)
<==    Columns: id, username, password, nickname, avatar, bio, email, status, created_at, updated_at
<==        Row: 1, admin, $2a$10$N.zmdr9k7uOCQb376NoUnuTJ8iAt6Z5EHsM8lE9lBOsl7iKTVKIUi, 管理员, null, GameBox 官方管理员, null, 1, 2026-05-27 18:20:26, 2026-05-27 18:20:26
<==      Total: 1
Closing non transactional SqlSession [org.apache.ibatis.session.defaults.DefaultSqlSession@7e784f7a]
Creating a new SqlSession
SqlSession [org.apache.ibatis.session.defaults.DefaultSqlSession@177a1272] was not registered for synchronization because synchronization is not active
JDBC Connection [HikariProxyConnection@725982328 wrapping com.mysql.cj.jdbc.ConnectionImpl@45f49252] will not be managed by Spring
==>  Preparing: SELECT COUNT( * ) AS total FROM t_post WHERE status=1 AND (user_id = ? AND status = ?)
==> Parameters: 1(Long), 1(Integer)
<==    Columns: total
<==        Row: 0
<==      Total: 1
Closing non transactional SqlSession [org.apache.ibatis.session.defaults.DefaultSqlSession@177a1272]
Creating a new SqlSession
SqlSession [org.apache.ibatis.session.defaults.DefaultSqlSession@55fc751b] was not registered for synchronization because synchronization is not active
JDBC Connection [HikariProxyConnection@307369044 wrapping com.mysql.cj.jdbc.ConnectionImpl@45f49252] will not be managed by Spring
==>  Preparing: SELECT COUNT( * ) AS total FROM t_follow WHERE (follower_id = ?)
==> Parameters: 1(Long)
<==    Columns: total
<==        Row: 0
<==      Total: 1
Closing non transactional SqlSession [org.apache.ibatis.session.defaults.DefaultSqlSession@55fc751b]
Creating a new SqlSession
SqlSession [org.apache.ibatis.session.defaults.DefaultSqlSession@623e239] was not registered for synchronization because synchronization is not active
JDBC Connection [HikariProxyConnection@817961803 wrapping com.mysql.cj.jdbc.ConnectionImpl@45f49252] will not be managed by Spring
==>  Preparing: SELECT COUNT( * ) AS total FROM t_follow WHERE (followee_id = ?)
==> Parameters: 1(Long)
<==    Columns: total
<==        Row: 0
<==      Total: 1
Closing non transactional SqlSession [org.apache.ibatis.session.defaults.DefaultSqlSession@623e239]
Creating a new SqlSession
SqlSession [org.apache.ibatis.session.defaults.DefaultSqlSession@38ab61e3] was not registered for synchronization because synchronization is not active
JDBC Connection [HikariProxyConnection@562069221 wrapping com.mysql.cj.jdbc.ConnectionImpl@45f49252] will not be managed by Spring
==>  Preparing: SELECT id,user_id,game_id,category_id,title,content,tags,cover_image,view_count,like_count,reply_count,share_count,heat_score,is_top,is_essence,status,created_at,updated_at FROM t_post WHERE status=1 AND (user_id = ? AND status = ?)
==> Parameters: 1(Long), 1(Integer)
<==      Total: 0
Closing non transactional SqlSession [org.apache.ibatis.session.defaults.DefaultSqlSession@38ab61e3]
Creating a new SqlSession
SqlSession [org.apache.ibatis.session.defaults.DefaultSqlSession@456fce00] was not registered for synchronization because synchronization is not active
Creating a new SqlSession
SqlSession [org.apache.ibatis.session.defaults.DefaultSqlSession@776bfea4] was not registered for synchronization because synchronization is not active
JDBC Connection [HikariProxyConnection@1194780198 wrapping com.mysql.cj.jdbc.ConnectionImpl@45f49252] will not be managed by Spring
==>  Preparing: SELECT COUNT( * ) AS total FROM t_notification WHERE (user_id = ? AND is_read = ?)
==> Parameters: 1(Long), 0(Integer)
JDBC Connection [HikariProxyConnection@51429371 wrapping com.mysql.cj.jdbc.ConnectionImpl@73a9ea26] will not be managed by Spring
==>  Preparing: SELECT COUNT(*) AS total FROM t_game WHERE status = 1 AND (is_recommend = ? AND status = ?)
==> Parameters: 1(Integer), 1(Integer)
<==    Columns: total
<==        Row: 0
<==      Total: 1
Closing non transactional SqlSession [org.apache.ibatis.session.defaults.DefaultSqlSession@776bfea4]
<==    Columns: total
<==        Row: 5
<==      Total: 1
==>  Preparing: SELECT id,name,cover,description,developer,publisher,release_date,platform,tags,rating,rating_count,is_recommend,status,created_at,updated_at FROM t_game WHERE status=1 AND (is_recommend = ? AND status = ?) ORDER BY rating DESC LIMIT ?
==> Parameters: 1(Integer), 1(Integer), 6(Long)
<==    Columns: id, name, cover, description, developer, publisher, release_date, platform, tags, rating, rating_count, is_recommend, status, created_at, updated_at
<==        Row: 2, 塞尔达传说：王国之泪, https://upload.wikimedia.org/wikipedia/en/f/fb/The_Legend_of_Zelda_Tears_of_the_Kingdom_cover.jpg, <<BLOB>>, 任天堂, 任天堂, 2023-05-12, Switch, 开放世界,冒险,解谜, 9.80, 980, 1, 1, 2026-05-27 18:20:26, 2026-05-27 18:20:26
<==        Row: 3, 博德之门3, https://cdn.cloudflare.steamstatic.com/steam/apps/1086940/library_600x900.jpg, <<BLOB>>, Larian Studios, Larian Studios, 2023-08-03, PC,PS5, RPG,回合制,奇幻, 9.60, 850, 1, 1, 2026-05-27 18:20:26, 2026-05-27 18:20:26
<==        Row: 1, 艾尔登法环, https://cdn.cloudflare.steamstatic.com/steam/apps/1245620/library_600x900.jpg, <<BLOB>>, FromSoftware, Bandai Namco, 2022-02-25, PC,PS5,Xbox, 魂系,开放世界,RPG, 9.50, 1200, 1, 1, 2026-05-27 18:20:26, 2026-05-27 18:20:26
<==        Row: 5, 星露谷物语, https://cdn.cloudflare.steamstatic.com/steam/apps/413150/library_600x900.jpg, <<BLOB>>, ConcernedApe, ConcernedApe, 2016-02-27, PC,Switch,PS5,Xbox, 模拟经营,像素,休闲, 9.30, 760, 1, 1, 2026-05-27 18:20:26, 2026-05-27 18:20:26
<==        Row: 4, 黑神话：悟空, https://cdn.cloudflare.steamstatic.com/steam/apps/2358720/library_600x900.jpg, <<BLOB>>, 游戏科学, 游戏科学, 2024-08-20, PC,PS5, 动作,RPG,神话, 9.20, 2100, 1, 1, 2026-05-27 18:20:26, 2026-05-27 18:20:26
<==      Total: 5
Closing non transactional SqlSession [org.apache.ibatis.session.defaults.DefaultSqlSession@456fce00]
Creating a new SqlSession
SqlSession [org.apache.ibatis.session.defaults.DefaultSqlSession@127e8b33] was not registered for synchronization because synchronization is not active
JDBC Connection [HikariProxyConnection@967368438 wrapping com.mysql.cj.jdbc.ConnectionImpl@73a9ea26] will not be managed by Spring
==>  Preparing: SELECT COUNT(*) AS total FROM t_game WHERE status = 1 AND (is_recommend = ? AND status = ?)
==> Parameters: 1(Integer), 1(Integer)
<==    Columns: total
<==        Row: 5
<==      Total: 1
==>  Preparing: SELECT id,name,cover,description,developer,publisher,release_date,platform,tags,rating,rating_count,is_recommend,status,created_at,updated_at FROM t_game WHERE status=1 AND (is_recommend = ? AND status = ?) ORDER BY rating DESC LIMIT ?
==> Parameters: 1(Integer), 1(Integer), 6(Long)
<==    Columns: id, name, cover, description, developer, publisher, release_date, platform, tags, rating, rating_count, is_recommend, status, created_at, updated_at
<==        Row: 2, 塞尔达传说：王国之泪, https://upload.wikimedia.org/wikipedia/en/f/fb/The_Legend_of_Zelda_Tears_of_the_Kingdom_cover.jpg, <<BLOB>>, 任天堂, 任天堂, 2023-05-12, Switch, 开放世界,冒险,解谜, 9.80, 980, 1, 1, 2026-05-27 18:20:26, 2026-05-27 18:20:26
<==        Row: 3, 博德之门3, https://cdn.cloudflare.steamstatic.com/steam/apps/1086940/library_600x900.jpg, <<BLOB>>, Larian Studios, Larian Studios, 2023-08-03, PC,PS5, RPG,回合制,奇幻, 9.60, 850, 1, 1, 2026-05-27 18:20:26, 2026-05-27 18:20:26
<==        Row: 1, 艾尔登法环, https://cdn.cloudflare.steamstatic.com/steam/apps/1245620/library_600x900.jpg, <<BLOB>>, FromSoftware, Bandai Namco, 2022-02-25, PC,PS5,Xbox, 魂系,开放世界,RPG, 9.50, 1200, 1, 1, 2026-05-27 18:20:26, 2026-05-27 18:20:26
<==        Row: 5, 星露谷物语, https://cdn.cloudflare.steamstatic.com/steam/apps/413150/library_600x900.jpg, <<BLOB>>, ConcernedApe, ConcernedApe, 2016-02-27, PC,Switch,PS5,Xbox, 模拟经营,像素,休闲, 9.30, 760, 1, 1, 2026-05-27 18:20:26, 2026-05-27 18:20:26
<==        Row: 4, 黑神话：悟空, https://cdn.cloudflare.steamstatic.com/steam/apps/2358720/library_600x900.jpg, <<BLOB>>, 游戏科学, 游戏科学, 2024-08-20, PC,PS5, 动作,RPG,神话, 9.20, 2100, 1, 1, 2026-05-27 18:20:26, 2026-05-27 18:20:26
<==      Total: 5
Closing non transactional SqlSession [org.apache.ibatis.session.defaults.DefaultSqlSession@127e8b33]
Creating a new SqlSession
SqlSession [org.apache.ibatis.session.defaults.DefaultSqlSession@385cce79] was not registered for synchronization because synchronization is not active
JDBC Connection [HikariProxyConnection@1322547969 wrapping com.mysql.cj.jdbc.ConnectionImpl@73a9ea26] will not be managed by Spring
==>  Preparing: SELECT COUNT( * ) AS total FROM t_notification WHERE (user_id = ? AND is_read = ?)
==> Parameters: 1(Long), 0(Integer)
<==    Columns: total
<==        Row: 0
<==      Total: 1
Closing non transactional SqlSession [org.apache.ibatis.session.defaults.DefaultSqlSession@385cce79]
Creating a new SqlSession
SqlSession [org.apache.ibatis.session.defaults.DefaultSqlSession@f658125] was not registered for synchronization because synchronization is not active
JDBC Connection [HikariProxyConnection@1995999070 wrapping com.mysql.cj.jdbc.ConnectionImpl@45f49252] will not be managed by Spring
==>  Preparing: SELECT id,username,password,nickname,avatar,bio,email,status,created_at,updated_at FROM t_user WHERE id=? AND status=1
==> Parameters: 1(Long)
<==    Columns: id, username, password, nickname, avatar, bio, email, status, created_at, updated_at
<==        Row: 1, admin, $2a$10$N.zmdr9k7uOCQb376NoUnuTJ8iAt6Z5EHsM8lE9lBOsl7iKTVKIUi, 管理员, null, GameBox 官方管理员, null, 1, 2026-05-27 18:20:26, 2026-05-27 18:20:26
<==      Total: 1
Closing non transactional SqlSession [org.apache.ibatis.session.defaults.DefaultSqlSession@f658125]
Creating a new SqlSession
SqlSession [org.apache.ibatis.session.defaults.DefaultSqlSession@2e7aeee] was not registered for synchronization because synchronization is not active
JDBC Connection [HikariProxyConnection@556301118 wrapping com.mysql.cj.jdbc.ConnectionImpl@45f49252] will not be managed by Spring
==>  Preparing: SELECT COUNT( * ) AS total FROM t_post WHERE status=1 AND (user_id = ? AND status = ?)
==> Parameters: 1(Long), 1(Integer)
<==    Columns: total
<==        Row: 0
<==      Total: 1
Closing non transactional SqlSession [org.apache.ibatis.session.defaults.DefaultSqlSession@2e7aeee]
Creating a new SqlSession
SqlSession [org.apache.ibatis.session.defaults.DefaultSqlSession@1ffc4416] was not registered for synchronization because synchronization is not active
JDBC Connection [HikariProxyConnection@550701529 wrapping com.mysql.cj.jdbc.ConnectionImpl@45f49252] will not be managed by Spring
==>  Preparing: SELECT COUNT( * ) AS total FROM t_follow WHERE (follower_id = ?)
==> Parameters: 1(Long)
<==    Columns: total
<==        Row: 0
<==      Total: 1
Closing non transactional SqlSession [org.apache.ibatis.session.defaults.DefaultSqlSession@1ffc4416]
Creating a new SqlSession
SqlSession [org.apache.ibatis.session.defaults.DefaultSqlSession@171c2c56] was not registered for synchronization because synchronization is not active
JDBC Connection [HikariProxyConnection@1782388311 wrapping com.mysql.cj.jdbc.ConnectionImpl@45f49252] will not be managed by Spring
==>  Preparing: SELECT COUNT( * ) AS total FROM t_follow WHERE (followee_id = ?)
==> Parameters: 1(Long)
<==    Columns: total
<==        Row: 0
<==      Total: 1
Closing non transactional SqlSession [org.apache.ibatis.session.defaults.DefaultSqlSession@171c2c56]
Creating a new SqlSession
SqlSession [org.apache.ibatis.session.defaults.DefaultSqlSession@1322e1fa] was not registered for synchronization because synchronization is not active
JDBC Connection [HikariProxyConnection@1697255764 wrapping com.mysql.cj.jdbc.ConnectionImpl@45f49252] will not be managed by Spring
==>  Preparing: SELECT id,user_id,game_id,category_id,title,content,tags,cover_image,view_count,like_count,reply_count,share_count,heat_score,is_top,is_essence,status,created_at,updated_at FROM t_post WHERE status=1 AND (user_id = ? AND status = ?)
==> Parameters: 1(Long), 1(Integer)
<==      Total: 0
Closing non transactional SqlSession [org.apache.ibatis.session.defaults.DefaultSqlSession@1322e1fa]
Creating a new SqlSession
SqlSession [org.apache.ibatis.session.defaults.DefaultSqlSession@7d0d6720] was not registered for synchronization because synchronization is not active
JDBC Connection [HikariProxyConnection@570673522 wrapping com.mysql.cj.jdbc.ConnectionImpl@45f49252] will not be managed by Spring
==>  Preparing: SELECT COUNT(*) AS total FROM t_game WHERE status = 1 AND (is_recommend = ? AND status = ?)
==> Parameters: 1(Integer), 1(Integer)
Creating a new SqlSession
SqlSession [org.apache.ibatis.session.defaults.DefaultSqlSession@15291af8] was not registered for synchronization because synchronization is not active
<==    Columns: total
<==        Row: 5
<==      Total: 1
JDBC Connection [HikariProxyConnection@1114048092 wrapping com.mysql.cj.jdbc.ConnectionImpl@73a9ea26] will not be managed by Spring
==>  Preparing: SELECT id,name,cover,description,developer,publisher,release_date,platform,tags,rating,rating_count,is_recommend,status,created_at,updated_at FROM t_game WHERE status=1 AND (is_recommend = ? AND status = ?) ORDER BY rating DESC LIMIT ?
==>  Preparing: SELECT COUNT( * ) AS total FROM t_notification WHERE (user_id = ? AND is_read = ?)
==> Parameters: 1(Integer), 1(Integer), 6(Long)
==> Parameters: 1(Long), 0(Integer)
<==    Columns: total
<==        Row: 0
<==    Columns: id, name, cover, description, developer, publisher, release_date, platform, tags, rating, rating_count, is_recommend, status, created_at, updated_at
<==      Total: 1
<==        Row: 2, 塞尔达传说：王国之泪, https://upload.wikimedia.org/wikipedia/en/f/fb/The_Legend_of_Zelda_Tears_of_the_Kingdom_cover.jpg, <<BLOB>>, 任天堂, 任天堂, 2023-05-12, Switch, 开放世界,冒险,解谜, 9.80, 980, 1, 1, 2026-05-27 18:20:26, 2026-05-27 18:20:26
Closing non transactional SqlSession [org.apache.ibatis.session.defaults.DefaultSqlSession@15291af8]
<==        Row: 3, 博德之门3, https://cdn.cloudflare.steamstatic.com/steam/apps/1086940/library_600x900.jpg, <<BLOB>>, Larian Studios, Larian Studios, 2023-08-03, PC,PS5, RPG,回合制,奇幻, 9.60, 850, 1, 1, 2026-05-27 18:20:26, 2026-05-27 18:20:26
<==        Row: 1, 艾尔登法环, https://cdn.cloudflare.steamstatic.com/steam/apps/1245620/library_600x900.jpg, <<BLOB>>, FromSoftware, Bandai Namco, 2022-02-25, PC,PS5,Xbox, 魂系,开放世界,RPG, 9.50, 1200, 1, 1, 2026-05-27 18:20:26, 2026-05-27 18:20:26
<==        Row: 5, 星露谷物语, https://cdn.cloudflare.steamstatic.com/steam/apps/413150/library_600x900.jpg, <<BLOB>>, ConcernedApe, ConcernedApe, 2016-02-27, PC,Switch,PS5,Xbox, 模拟经营,像素,休闲, 9.30, 760, 1, 1, 2026-05-27 18:20:26, 2026-05-27 18:20:26
<==        Row: 4, 黑神话：悟空, https://cdn.cloudflare.steamstatic.com/steam/apps/2358720/library_600x900.jpg, <<BLOB>>, 游戏科学, 游戏科学, 2024-08-20, PC,PS5, 动作,RPG,神话, 9.20, 2100, 1, 1, 2026-05-27 18:20:26, 2026-05-27 18:20:26
<==      Total: 5
Closing non transactional SqlSession [org.apache.ibatis.session.defaults.DefaultSqlSession@7d0d6720]
Creating a new SqlSession
SqlSession [org.apache.ibatis.session.defaults.DefaultSqlSession@615ec125] was not registered for synchronization because synchronization is not active
JDBC Connection [HikariProxyConnection@1247756942 wrapping com.mysql.cj.jdbc.ConnectionImpl@73a9ea26] will not be managed by Spring
==>  Preparing: SELECT COUNT(*) AS total FROM t_game WHERE status = 1 AND (is_recommend = ? AND status = ?)
==> Parameters: 1(Integer), 1(Integer)
<==    Columns: total
<==        Row: 5
<==      Total: 1
==>  Preparing: SELECT id,name,cover,description,developer,publisher,release_date,platform,tags,rating,rating_count,is_recommend,status,created_at,updated_at FROM t_game WHERE status=1 AND (is_recommend = ? AND status = ?) ORDER BY rating DESC LIMIT ?
==> Parameters: 1(Integer), 1(Integer), 6(Long)
<==    Columns: id, name, cover, description, developer, publisher, release_date, platform, tags, rating, rating_count, is_recommend, status, created_at, updated_at
<==        Row: 2, 塞尔达传说：王国之泪, https://upload.wikimedia.org/wikipedia/en/f/fb/The_Legend_of_Zelda_Tears_of_the_Kingdom_cover.jpg, <<BLOB>>, 任天堂, 任天堂, 2023-05-12, Switch, 开放世界,冒险,解谜, 9.80, 980, 1, 1, 2026-05-27 18:20:26, 2026-05-27 18:20:26
<==        Row: 3, 博德之门3, https://cdn.cloudflare.steamstatic.com/steam/apps/1086940/library_600x900.jpg, <<BLOB>>, Larian Studios, Larian Studios, 2023-08-03, PC,PS5, RPG,回合制,奇幻, 9.60, 850, 1, 1, 2026-05-27 18:20:26, 2026-05-27 18:20:26
<==        Row: 1, 艾尔登法环, https://cdn.cloudflare.steamstatic.com/steam/apps/1245620/library_600x900.jpg, <<BLOB>>, FromSoftware, Bandai Namco, 2022-02-25, PC,PS5,Xbox, 魂系,开放世界,RPG, 9.50, 1200, 1, 1, 2026-05-27 18:20:26, 2026-05-27 18:20:26
<==        Row: 5, 星露谷物语, https://cdn.cloudflare.steamstatic.com/steam/apps/413150/library_600x900.jpg, <<BLOB>>, ConcernedApe, ConcernedApe, 2016-02-27, PC,Switch,PS5,Xbox, 模拟经营,像素,休闲, 9.30, 760, 1, 1, 2026-05-27 18:20:26, 2026-05-27 18:20:26
<==        Row: 4, 黑神话：悟空, https://cdn.cloudflare.steamstatic.com/steam/apps/2358720/library_600x900.jpg, <<BLOB>>, 游戏科学, 游戏科学, 2024-08-20, PC,PS5, 动作,RPG,神话, 9.20, 2100, 1, 1, 2026-05-27 18:20:26, 2026-05-27 18:20:26
<==      Total: 5
Closing non transactional SqlSession [org.apache.ibatis.session.defaults.DefaultSqlSession@615ec125]
Creating a new SqlSession
SqlSession [org.apache.ibatis.session.defaults.DefaultSqlSession@3e37fe91] was not registered for synchronization because synchronization is not active
JDBC Connection [HikariProxyConnection@2126130695 wrapping com.mysql.cj.jdbc.ConnectionImpl@45f49252] will not be managed by Spring
==>  Preparing: SELECT COUNT( * ) AS total FROM t_notification WHERE (user_id = ? AND is_read = ?)
==> Parameters: 1(Long), 0(Integer)
<==    Columns: total
<==        Row: 0
<==      Total: 1
Closing non transactional SqlSession [org.apache.ibatis.session.defaults.DefaultSqlSession@3e37fe91]
Creating a new SqlSession
SqlSession [org.apache.ibatis.session.defaults.DefaultSqlSession@31751e9b] was not registered for synchronization because synchronization is not active
JDBC Connection [HikariProxyConnection@1387447599 wrapping com.mysql.cj.jdbc.ConnectionImpl@45f49252] will not be managed by Spring
==>  Preparing: SELECT COUNT( * ) AS total FROM t_notification WHERE (user_id = ? AND is_read = ?)
==> Parameters: 1(Long), 0(Integer)
<==    Columns: total
<==        Row: 0
<==      Total: 1
Closing non transactional SqlSession [org.apache.ibatis.session.defaults.DefaultSqlSession@31751e9b]
Creating a new SqlSession
SqlSession [org.apache.ibatis.session.defaults.DefaultSqlSession@10d85e50] was not registered for synchronization because synchronization is not active
JDBC Connection [HikariProxyConnection@946740273 wrapping com.mysql.cj.jdbc.ConnectionImpl@45f49252] will not be managed by Spring
==>  Preparing: SELECT COUNT(*) AS total FROM t_post WHERE status = 1 AND (status = ?)
==> Parameters: 1(Integer)
<==    Columns: total
<==        Row: 8
<==      Total: 1
==>  Preparing: SELECT id,user_id,game_id,category_id,title,content,tags,cover_image,view_count,like_count,reply_count,share_count,heat_score,is_top,is_essence,status,created_at,updated_at FROM t_post WHERE status=1 AND (status = ?) ORDER BY heat_score DESC,created_at DESC LIMIT ?
==> Parameters: 1(Integer), 10(Long)
<==    Columns: id, user_id, game_id, category_id, title, content, tags, cover_image, view_count, like_count, reply_count, share_count, heat_score, is_top, is_essence, status, created_at, updated_at
<==        Row: 6, 3, 4, 5, 黑神话DLC预测：下一站天庭？, <<BLOB>>, 黑神话,悟空,DLC,预测, null, 3207, 278, 99, 0, 120.5, 0, 0, 1, 2026-05-27 18:20:26, 2026-05-27 18:20:26
<==        Row: 2, 3, 4, 1, 黑神话：悟空 隐藏BOSS全部打法分享, <<BLOB>>, 黑神话,悟空,BOSS攻略, null, 1897, 203, 67, 0, 92.3, 0, 0, 1, 2026-05-27 18:20:26, 2026-05-27 18:20:26
<==        Row: 1, 2, 1, 1, 艾尔登法环 DLC 黄金树幽影 全地图攻略, <<BLOB>>, 艾尔登法环,攻略,DLC, null, 2344, 157, 43, 0, 85.6, 0, 0, 1, 2026-05-27 18:20:26, 2026-05-27 18:20:26
<==        Row: 3, 4, 3, 2, 博德之门3 最强Build推荐, <<BLOB>>, 博德之门3,Build,RPG, null, 1203, 89, 32, 0, 45.2, 0, 0, 1, 2026-05-27 18:20:26, 2026-05-27 18:20:26
<==        Row: 4, 5, 2, 4, 王国之泪 200小时后的感动, <<BLOB>>, 塞尔达,王国之泪,感想, null, 890, 67, 18, 0, 28.7, 0, 0, 1, 2026-05-27 18:20:26, 2026-05-27 18:20:26
<==        Row: 7, 4, 1, 2, 讨论：FromSoftware下一作会是什么题材, <<BLOB>>, FromSoftware,魂系,新作, null, 670, 34, 15, 0, 18.9, 0, 0, 1, 2026-05-27 18:20:26, 2026-05-27 18:20:26
<==        Row: 5, 2, 5, 1, 星露谷物语 新手入门指南, <<BLOB>>, 星露谷,新手,指南, null, 561, 45, 12, 0, 15.3, 0, 0, 1, 2026-05-27 18:20:26, 2026-05-27 18:20:26
<==        Row: 8, 5, 3, 3, 求助：博德之门3 影心个人任务卡住了, <<BLOB>>, 博德之门3,求助,Bug, null, 320, 12, 8, 0, 6.5, 0, 0, 1, 2026-05-27 18:20:26, 2026-05-27 18:20:26
<==      Total: 8
Closing non transactional SqlSession [org.apache.ibatis.session.defaults.DefaultSqlSession@10d85e50]
Creating a new SqlSession
SqlSession [org.apache.ibatis.session.defaults.DefaultSqlSession@740fb31b] was not registered for synchronization because synchronization is not active
JDBC Connection [HikariProxyConnection@1019782719 wrapping com.mysql.cj.jdbc.ConnectionImpl@45f49252] will not be managed by Spring
==>  Preparing: SELECT id,name,code,sort_order,status,created_at,updated_at FROM t_post_category WHERE id=? AND status=1
==> Parameters: 5(Long)
<==    Columns: id, name, code, sort_order, status, created_at, updated_at
<==        Row: 5, 新闻, news, 5, 1, 2026-05-27 18:20:26, 2026-05-27 18:20:26
<==      Total: 1
Closing non transactional SqlSession [org.apache.ibatis.session.defaults.DefaultSqlSession@740fb31b]
Creating a new SqlSession
SqlSession [org.apache.ibatis.session.defaults.DefaultSqlSession@267035c0] was not registered for synchronization because synchronization is not active
JDBC Connection [HikariProxyConnection@804183422 wrapping com.mysql.cj.jdbc.ConnectionImpl@45f49252] will not be managed by Spring
==>  Preparing: SELECT id,username,password,nickname,avatar,bio,email,status,created_at,updated_at FROM t_user WHERE id=? AND status=1
==> Parameters: 3(Long)
<==    Columns: id, username, password, nickname, avatar, bio, email, status, created_at, updated_at
<==        Row: 3, gamer_pro, $2a$10$N.zmdr9k7uOCQb376NoUnuTJ8iAt6Z5EHsM8lE9lBOsl7iKTVKIUi, 高玩达人, null, 全平台制霸！, null, 1, 2026-05-27 18:20:26, 2026-05-27 18:20:26
<==      Total: 1
Closing non transactional SqlSession [org.apache.ibatis.session.defaults.DefaultSqlSession@267035c0]
Creating a new SqlSession
SqlSession [org.apache.ibatis.session.defaults.DefaultSqlSession@66f916ab] was not registered for synchronization because synchronization is not active
JDBC Connection [HikariProxyConnection@1090580865 wrapping com.mysql.cj.jdbc.ConnectionImpl@45f49252] will not be managed by Spring
==>  Preparing: SELECT id,name,code,sort_order,status,created_at,updated_at FROM t_post_category WHERE id=? AND status=1
==> Parameters: 1(Long)
<==    Columns: id, name, code, sort_order, status, created_at, updated_at
<==        Row: 1, 攻略, guide, 1, 1, 2026-05-27 18:20:26, 2026-05-27 18:20:26
<==      Total: 1
Closing non transactional SqlSession [org.apache.ibatis.session.defaults.DefaultSqlSession@66f916ab]
Creating a new SqlSession
SqlSession [org.apache.ibatis.session.defaults.DefaultSqlSession@3d68ac74] was not registered for synchronization because synchronization is not active
JDBC Connection [HikariProxyConnection@327854396 wrapping com.mysql.cj.jdbc.ConnectionImpl@45f49252] will not be managed by Spring
==>  Preparing: SELECT id,username,password,nickname,avatar,bio,email,status,created_at,updated_at FROM t_user WHERE id=? AND status=1
==> Parameters: 3(Long)
<==    Columns: id, username, password, nickname, avatar, bio, email, status, created_at, updated_at
<==        Row: 3, gamer_pro, $2a$10$N.zmdr9k7uOCQb376NoUnuTJ8iAt6Z5EHsM8lE9lBOsl7iKTVKIUi, 高玩达人, null, 全平台制霸！, null, 1, 2026-05-27 18:20:26, 2026-05-27 18:20:26
<==      Total: 1
Closing non transactional SqlSession [org.apache.ibatis.session.defaults.DefaultSqlSession@3d68ac74]
Creating a new SqlSession
SqlSession [org.apache.ibatis.session.defaults.DefaultSqlSession@2b6dc62e] was not registered for synchronization because synchronization is not active
JDBC Connection [HikariProxyConnection@1394529339 wrapping com.mysql.cj.jdbc.ConnectionImpl@45f49252] will not be managed by Spring
==>  Preparing: SELECT id,name,code,sort_order,status,created_at,updated_at FROM t_post_category WHERE id=? AND status=1
==> Parameters: 1(Long)
<==    Columns: id, name, code, sort_order, status, created_at, updated_at
<==        Row: 1, 攻略, guide, 1, 1, 2026-05-27 18:20:26, 2026-05-27 18:20:26
<==      Total: 1
Closing non transactional SqlSession [org.apache.ibatis.session.defaults.DefaultSqlSession@2b6dc62e]
Creating a new SqlSession
SqlSession [org.apache.ibatis.session.defaults.DefaultSqlSession@46f911dd] was not registered for synchronization because synchronization is not active
JDBC Connection [HikariProxyConnection@56681370 wrapping com.mysql.cj.jdbc.ConnectionImpl@45f49252] will not be managed by Spring
==>  Preparing: SELECT id,username,password,nickname,avatar,bio,email,status,created_at,updated_at FROM t_user WHERE id=? AND status=1
==> Parameters: 2(Long)
<==    Columns: id, username, password, nickname, avatar, bio, email, status, created_at, updated_at
<==        Row: 2, player1, $2a$10$N.zmdr9k7uOCQb376NoUnuTJ8iAt6Z5EHsM8lE9lBOsl7iKTVKIUi, 玩家一号, null, 热爱游戏的普通玩家, null, 1, 2026-05-27 18:20:26, 2026-05-27 18:20:26
<==      Total: 1
Closing non transactional SqlSession [org.apache.ibatis.session.defaults.DefaultSqlSession@46f911dd]
Creating a new SqlSession
SqlSession [org.apache.ibatis.session.defaults.DefaultSqlSession@690f421f] was not registered for synchronization because synchronization is not active
JDBC Connection [HikariProxyConnection@1735840026 wrapping com.mysql.cj.jdbc.ConnectionImpl@45f49252] will not be managed by Spring
==>  Preparing: SELECT id,name,code,sort_order,status,created_at,updated_at FROM t_post_category WHERE id=? AND status=1
==> Parameters: 2(Long)
<==    Columns: id, name, code, sort_order, status, created_at, updated_at
<==        Row: 2, 讨论, discuss, 2, 1, 2026-05-27 18:20:26, 2026-05-27 18:20:26
<==      Total: 1
Closing non transactional SqlSession [org.apache.ibatis.session.defaults.DefaultSqlSession@690f421f]
Creating a new SqlSession
SqlSession [org.apache.ibatis.session.defaults.DefaultSqlSession@1786baa5] was not registered for synchronization because synchronization is not active
JDBC Connection [HikariProxyConnection@67771888 wrapping com.mysql.cj.jdbc.ConnectionImpl@45f49252] will not be managed by Spring
==>  Preparing: SELECT id,username,password,nickname,avatar,bio,email,status,created_at,updated_at FROM t_user WHERE id=? AND status=1
==> Parameters: 4(Long)
<==    Columns: id, username, password, nickname, avatar, bio, email, status, created_at, updated_at
<==        Row: 4, game_girl, $2a$10$N.zmdr9k7uOCQb376NoUnuTJ8iAt6Z5EHsM8lE9lBOsl7iKTVKIUi, 游戏少女, null, 只玩好游戏~, null, 1, 2026-05-27 18:20:26, 2026-05-27 18:20:26
<==      Total: 1
Closing non transactional SqlSession [org.apache.ibatis.session.defaults.DefaultSqlSession@1786baa5]
Creating a new SqlSession
SqlSession [org.apache.ibatis.session.defaults.DefaultSqlSession@422e9ee9] was not registered for synchronization because synchronization is not active
JDBC Connection [HikariProxyConnection@1616861083 wrapping com.mysql.cj.jdbc.ConnectionImpl@45f49252] will not be managed by Spring
==>  Preparing: SELECT id,name,code,sort_order,status,created_at,updated_at FROM t_post_category WHERE id=? AND status=1
==> Parameters: 4(Long)
<==    Columns: id, name, code, sort_order, status, created_at, updated_at
<==        Row: 4, 分享, share, 4, 1, 2026-05-27 18:20:26, 2026-05-27 18:20:26
<==      Total: 1
Closing non transactional SqlSession [org.apache.ibatis.session.defaults.DefaultSqlSession@422e9ee9]
Creating a new SqlSession
SqlSession [org.apache.ibatis.session.defaults.DefaultSqlSession@4ea2a1b8] was not registered for synchronization because synchronization is not active
JDBC Connection [HikariProxyConnection@2018355027 wrapping com.mysql.cj.jdbc.ConnectionImpl@45f49252] will not be managed by Spring
==>  Preparing: SELECT id,username,password,nickname,avatar,bio,email,status,created_at,updated_at FROM t_user WHERE id=? AND status=1
==> Parameters: 5(Long)
<==    Columns: id, username, password, nickname, avatar, bio, email, status, created_at, updated_at
<==        Row: 5, rpg_lover, $2a$10$N.zmdr9k7uOCQb376NoUnuTJ8iAt6Z5EHsM8lE9lBOsl7iKTVKIUi, RPG爱好者, null, RPG永不毕业！, null, 1, 2026-05-27 18:20:26, 2026-05-27 18:20:26
<==      Total: 1
Closing non transactional SqlSession [org.apache.ibatis.session.defaults.DefaultSqlSession@4ea2a1b8]
Creating a new SqlSession
SqlSession [org.apache.ibatis.session.defaults.DefaultSqlSession@2780623e] was not registered for synchronization because synchronization is not active
JDBC Connection [HikariProxyConnection@2088019991 wrapping com.mysql.cj.jdbc.ConnectionImpl@45f49252] will not be managed by Spring
==>  Preparing: SELECT id,name,code,sort_order,status,created_at,updated_at FROM t_post_category WHERE id=? AND status=1
==> Parameters: 2(Long)
<==    Columns: id, name, code, sort_order, status, created_at, updated_at
<==        Row: 2, 讨论, discuss, 2, 1, 2026-05-27 18:20:26, 2026-05-27 18:20:26
<==      Total: 1
Closing non transactional SqlSession [org.apache.ibatis.session.defaults.DefaultSqlSession@2780623e]
Creating a new SqlSession
SqlSession [org.apache.ibatis.session.defaults.DefaultSqlSession@2d44402d] was not registered for synchronization because synchronization is not active
JDBC Connection [HikariProxyConnection@166807081 wrapping com.mysql.cj.jdbc.ConnectionImpl@45f49252] will not be managed by Spring
==>  Preparing: SELECT id,username,password,nickname,avatar,bio,email,status,created_at,updated_at FROM t_user WHERE id=? AND status=1
==> Parameters: 4(Long)
<==    Columns: id, username, password, nickname, avatar, bio, email, status, created_at, updated_at
<==        Row: 4, game_girl, $2a$10$N.zmdr9k7uOCQb376NoUnuTJ8iAt6Z5EHsM8lE9lBOsl7iKTVKIUi, 游戏少女, null, 只玩好游戏~, null, 1, 2026-05-27 18:20:26, 2026-05-27 18:20:26
<==      Total: 1
Closing non transactional SqlSession [org.apache.ibatis.session.defaults.DefaultSqlSession@2d44402d]
Creating a new SqlSession
SqlSession [org.apache.ibatis.session.defaults.DefaultSqlSession@eab57a1] was not registered for synchronization because synchronization is not active
JDBC Connection [HikariProxyConnection@31538033 wrapping com.mysql.cj.jdbc.ConnectionImpl@45f49252] will not be managed by Spring
==>  Preparing: SELECT id,name,code,sort_order,status,created_at,updated_at FROM t_post_category WHERE id=? AND status=1
==> Parameters: 1(Long)
<==    Columns: id, name, code, sort_order, status, created_at, updated_at
<==        Row: 1, 攻略, guide, 1, 1, 2026-05-27 18:20:26, 2026-05-27 18:20:26
<==      Total: 1
Closing non transactional SqlSession [org.apache.ibatis.session.defaults.DefaultSqlSession@eab57a1]
Creating a new SqlSession
SqlSession [org.apache.ibatis.session.defaults.DefaultSqlSession@319502cd] was not registered for synchronization because synchronization is not active
JDBC Connection [HikariProxyConnection@1708612865 wrapping com.mysql.cj.jdbc.ConnectionImpl@45f49252] will not be managed by Spring
==>  Preparing: SELECT id,username,password,nickname,avatar,bio,email,status,created_at,updated_at FROM t_user WHERE id=? AND status=1
==> Parameters: 2(Long)
<==    Columns: id, username, password, nickname, avatar, bio, email, status, created_at, updated_at
<==        Row: 2, player1, $2a$10$N.zmdr9k7uOCQb376NoUnuTJ8iAt6Z5EHsM8lE9lBOsl7iKTVKIUi, 玩家一号, null, 热爱游戏的普通玩家, null, 1, 2026-05-27 18:20:26, 2026-05-27 18:20:26
<==      Total: 1
Closing non transactional SqlSession [org.apache.ibatis.session.defaults.DefaultSqlSession@319502cd]
Creating a new SqlSession
SqlSession [org.apache.ibatis.session.defaults.DefaultSqlSession@7879790a] was not registered for synchronization because synchronization is not active
JDBC Connection [HikariProxyConnection@1642307490 wrapping com.mysql.cj.jdbc.ConnectionImpl@45f49252] will not be managed by Spring
==>  Preparing: SELECT id,name,code,sort_order,status,created_at,updated_at FROM t_post_category WHERE id=? AND status=1
==> Parameters: 3(Long)
<==    Columns: id, name, code, sort_order, status, created_at, updated_at
<==        Row: 3, 求助, help, 3, 1, 2026-05-27 18:20:26, 2026-05-27 18:20:26
<==      Total: 1
Closing non transactional SqlSession [org.apache.ibatis.session.defaults.DefaultSqlSession@7879790a]
Creating a new SqlSession
SqlSession [org.apache.ibatis.session.defaults.DefaultSqlSession@7de65863] was not registered for synchronization because synchronization is not active
JDBC Connection [HikariProxyConnection@1323622396 wrapping com.mysql.cj.jdbc.ConnectionImpl@45f49252] will not be managed by Spring
==>  Preparing: SELECT id,username,password,nickname,avatar,bio,email,status,created_at,updated_at FROM t_user WHERE id=? AND status=1
==> Parameters: 5(Long)
<==    Columns: id, username, password, nickname, avatar, bio, email, status, created_at, updated_at
<==        Row: 5, rpg_lover, $2a$10$N.zmdr9k7uOCQb376NoUnuTJ8iAt6Z5EHsM8lE9lBOsl7iKTVKIUi, RPG爱好者, null, RPG永不毕业！, null, 1, 2026-05-27 18:20:26, 2026-05-27 18:20:26
<==      Total: 1
Closing non transactional SqlSession [org.apache.ibatis.session.defaults.DefaultSqlSession@7de65863]
Creating a new SqlSession
SqlSession [org.apache.ibatis.session.defaults.DefaultSqlSession@2646ffda] was not registered for synchronization because synchronization is not active
JDBC Connection [HikariProxyConnection@539980686 wrapping com.mysql.cj.jdbc.ConnectionImpl@73a9ea26] will not be managed by Spring
==>  Preparing: SELECT COUNT(*) AS total FROM t_notification WHERE (user_id = ?)
==> Parameters: 1(Long)
<==    Columns: total
<==        Row: 0
<==      Total: 1
Closing non transactional SqlSession [org.apache.ibatis.session.defaults.DefaultSqlSession@2646ffda]
Creating a new SqlSession
SqlSession [org.apache.ibatis.session.defaults.DefaultSqlSession@40f1ff5c] was not registered for synchronization because synchronization is not active
JDBC Connection [HikariProxyConnection@503369277 wrapping com.mysql.cj.jdbc.ConnectionImpl@73a9ea26] will not be managed by Spring
==>  Preparing: SELECT id,username,password,nickname,avatar,bio,email,status,created_at,updated_at FROM t_user WHERE id=? AND status=1
==> Parameters: 1(Long)
<==    Columns: id, username, password, nickname, avatar, bio, email, status, created_at, updated_at
<==        Row: 1, admin, $2a$10$N.zmdr9k7uOCQb376NoUnuTJ8iAt6Z5EHsM8lE9lBOsl7iKTVKIUi, 管理员, null, GameBox 官方管理员, null, 1, 2026-05-27 18:20:26, 2026-05-27 18:20:26
<==      Total: 1
Closing non transactional SqlSession [org.apache.ibatis.session.defaults.DefaultSqlSession@40f1ff5c]
Creating a new SqlSession
SqlSession [org.apache.ibatis.session.defaults.DefaultSqlSession@583c9943] was not registered for synchronization because synchronization is not active
JDBC Connection [HikariProxyConnection@393774599 wrapping com.mysql.cj.jdbc.ConnectionImpl@73a9ea26] will not be managed by Spring
==>  Preparing: SELECT COUNT( * ) AS total FROM t_post WHERE status=1 AND (user_id = ? AND status = ?)
==> Parameters: 1(Long), 1(Integer)
<==    Columns: total
<==        Row: 0
<==      Total: 1
Closing non transactional SqlSession [org.apache.ibatis.session.defaults.DefaultSqlSession@583c9943]
Creating a new SqlSession
SqlSession [org.apache.ibatis.session.defaults.DefaultSqlSession@719a6d54] was not registered for synchronization because synchronization is not active
JDBC Connection [HikariProxyConnection@1305478309 wrapping com.mysql.cj.jdbc.ConnectionImpl@73a9ea26] will not be managed by Spring
==>  Preparing: SELECT COUNT( * ) AS total FROM t_follow WHERE (follower_id = ?)
==> Parameters: 1(Long)
<==    Columns: total
<==        Row: 0
<==      Total: 1
Closing non transactional SqlSession [org.apache.ibatis.session.defaults.DefaultSqlSession@719a6d54]
Creating a new SqlSession
SqlSession [org.apache.ibatis.session.defaults.DefaultSqlSession@1f442dd7] was not registered for synchronization because synchronization is not active
JDBC Connection [HikariProxyConnection@1033245606 wrapping com.mysql.cj.jdbc.ConnectionImpl@73a9ea26] will not be managed by Spring
==>  Preparing: SELECT COUNT( * ) AS total FROM t_follow WHERE (followee_id = ?)
==> Parameters: 1(Long)
<==    Columns: total
<==        Row: 0
<==      Total: 1
Closing non transactional SqlSession [org.apache.ibatis.session.defaults.DefaultSqlSession@1f442dd7]
Creating a new SqlSession
SqlSession [org.apache.ibatis.session.defaults.DefaultSqlSession@31f98ee5] was not registered for synchronization because synchronization is not active
JDBC Connection [HikariProxyConnection@267204504 wrapping com.mysql.cj.jdbc.ConnectionImpl@73a9ea26] will not be managed by Spring
==>  Preparing: SELECT id,user_id,game_id,category_id,title,content,tags,cover_image,view_count,like_count,reply_count,share_count,heat_score,is_top,is_essence,status,created_at,updated_at FROM t_post WHERE status=1 AND (user_id = ? AND status = ?)
==> Parameters: 1(Long), 1(Integer)
<==      Total: 0
Closing non transactional SqlSession [org.apache.ibatis.session.defaults.DefaultSqlSession@31f98ee5]
Creating a new SqlSession
SqlSession [org.apache.ibatis.session.defaults.DefaultSqlSession@42fe915] was not registered for synchronization because synchronization is not active
JDBC Connection [HikariProxyConnection@2036122067 wrapping com.mysql.cj.jdbc.ConnectionImpl@73a9ea26] will not be managed by Spring
==>  Preparing: SELECT COUNT( * ) AS total FROM t_follow WHERE (follower_id = ? AND followee_id = ?)
==> Parameters: 1(Long), 1(Long)
<==    Columns: total
<==        Row: 0
<==      Total: 1
Closing non transactional SqlSession [org.apache.ibatis.session.defaults.DefaultSqlSession@42fe915]
Creating a new SqlSession
SqlSession [org.apache.ibatis.session.defaults.DefaultSqlSession@64214f46] was not registered for synchronization because synchronization is not active
JDBC Connection [HikariProxyConnection@956463072 wrapping com.mysql.cj.jdbc.ConnectionImpl@73a9ea26] will not be managed by Spring
==>  Preparing: SELECT COUNT(*) AS total FROM t_favorite WHERE (user_id = ?)
==> Parameters: 1(Long)
<==    Columns: total
<==        Row: 0
<==      Total: 1
Closing non transactional SqlSession [org.apache.ibatis.session.defaults.DefaultSqlSession@64214f46]
Creating a new SqlSession
SqlSession [org.apache.ibatis.session.defaults.DefaultSqlSession@1437d9cc] was not registered for synchronization because synchronization is not active
JDBC Connection [HikariProxyConnection@675531361 wrapping com.mysql.cj.jdbc.ConnectionImpl@45f49252] will not be managed by Spring
==>  Preparing: SELECT COUNT(*) AS total FROM t_post WHERE status = 1 AND (status = ?)
==> Parameters: 1(Integer)
<==    Columns: total
<==        Row: 8
<==      Total: 1
==>  Preparing: SELECT id,user_id,game_id,category_id,title,content,tags,cover_image,view_count,like_count,reply_count,share_count,heat_score,is_top,is_essence,status,created_at,updated_at FROM t_post WHERE status=1 AND (status = ?) ORDER BY heat_score DESC,created_at DESC LIMIT ?
==> Parameters: 1(Integer), 10(Long)
<==    Columns: id, user_id, game_id, category_id, title, content, tags, cover_image, view_count, like_count, reply_count, share_count, heat_score, is_top, is_essence, status, created_at, updated_at
<==        Row: 6, 3, 4, 5, 黑神话DLC预测：下一站天庭？, <<BLOB>>, 黑神话,悟空,DLC,预测, null, 3207, 278, 99, 0, 120.5, 0, 0, 1, 2026-05-27 18:20:26, 2026-05-27 18:20:26
<==        Row: 2, 3, 4, 1, 黑神话：悟空 隐藏BOSS全部打法分享, <<BLOB>>, 黑神话,悟空,BOSS攻略, null, 1897, 203, 67, 0, 92.3, 0, 0, 1, 2026-05-27 18:20:26, 2026-05-27 18:20:26
<==        Row: 1, 2, 1, 1, 艾尔登法环 DLC 黄金树幽影 全地图攻略, <<BLOB>>, 艾尔登法环,攻略,DLC, null, 2344, 157, 43, 0, 85.6, 0, 0, 1, 2026-05-27 18:20:26, 2026-05-27 18:20:26
<==        Row: 3, 4, 3, 2, 博德之门3 最强Build推荐, <<BLOB>>, 博德之门3,Build,RPG, null, 1203, 89, 32, 0, 45.2, 0, 0, 1, 2026-05-27 18:20:26, 2026-05-27 18:20:26
<==        Row: 4, 5, 2, 4, 王国之泪 200小时后的感动, <<BLOB>>, 塞尔达,王国之泪,感想, null, 890, 67, 18, 0, 28.7, 0, 0, 1, 2026-05-27 18:20:26, 2026-05-27 18:20:26
<==        Row: 7, 4, 1, 2, 讨论：FromSoftware下一作会是什么题材, <<BLOB>>, FromSoftware,魂系,新作, null, 670, 34, 15, 0, 18.9, 0, 0, 1, 2026-05-27 18:20:26, 2026-05-27 18:20:26
<==        Row: 5, 2, 5, 1, 星露谷物语 新手入门指南, <<BLOB>>, 星露谷,新手,指南, null, 561, 45, 12, 0, 15.3, 0, 0, 1, 2026-05-27 18:20:26, 2026-05-27 18:20:26
<==        Row: 8, 5, 3, 3, 求助：博德之门3 影心个人任务卡住了, <<BLOB>>, 博德之门3,求助,Bug, null, 320, 12, 8, 0, 6.5, 0, 0, 1, 2026-05-27 18:20:26, 2026-05-27 18:20:26
<==      Total: 8
Closing non transactional SqlSession [org.apache.ibatis.session.defaults.DefaultSqlSession@1437d9cc]
Creating a new SqlSession
SqlSession [org.apache.ibatis.session.defaults.DefaultSqlSession@51ea551f] was not registered for synchronization because synchronization is not active
JDBC Connection [HikariProxyConnection@1741462913 wrapping com.mysql.cj.jdbc.ConnectionImpl@45f49252] will not be managed by Spring
==>  Preparing: SELECT id,name,code,sort_order,status,created_at,updated_at FROM t_post_category WHERE id=? AND status=1
==> Parameters: 5(Long)
<==    Columns: id, name, code, sort_order, status, created_at, updated_at
<==        Row: 5, 新闻, news, 5, 1, 2026-05-27 18:20:26, 2026-05-27 18:20:26
<==      Total: 1
Closing non transactional SqlSession [org.apache.ibatis.session.defaults.DefaultSqlSession@51ea551f]
Creating a new SqlSession
SqlSession [org.apache.ibatis.session.defaults.DefaultSqlSession@213ea486] was not registered for synchronization because synchronization is not active
JDBC Connection [HikariProxyConnection@587161363 wrapping com.mysql.cj.jdbc.ConnectionImpl@45f49252] will not be managed by Spring
==>  Preparing: SELECT id,username,password,nickname,avatar,bio,email,status,created_at,updated_at FROM t_user WHERE id=? AND status=1
==> Parameters: 3(Long)
<==    Columns: id, username, password, nickname, avatar, bio, email, status, created_at, updated_at
<==        Row: 3, gamer_pro, $2a$10$N.zmdr9k7uOCQb376NoUnuTJ8iAt6Z5EHsM8lE9lBOsl7iKTVKIUi, 高玩达人, null, 全平台制霸！, null, 1, 2026-05-27 18:20:26, 2026-05-27 18:20:26
<==      Total: 1
Closing non transactional SqlSession [org.apache.ibatis.session.defaults.DefaultSqlSession@213ea486]
Creating a new SqlSession
SqlSession [org.apache.ibatis.session.defaults.DefaultSqlSession@126262d3] was not registered for synchronization because synchronization is not active
JDBC Connection [HikariProxyConnection@1177353869 wrapping com.mysql.cj.jdbc.ConnectionImpl@45f49252] will not be managed by Spring
==>  Preparing: SELECT id,name,code,sort_order,status,created_at,updated_at FROM t_post_category WHERE id=? AND status=1
==> Parameters: 1(Long)
<==    Columns: id, name, code, sort_order, status, created_at, updated_at
<==        Row: 1, 攻略, guide, 1, 1, 2026-05-27 18:20:26, 2026-05-27 18:20:26
<==      Total: 1
Closing non transactional SqlSession [org.apache.ibatis.session.defaults.DefaultSqlSession@126262d3]
Creating a new SqlSession
SqlSession [org.apache.ibatis.session.defaults.DefaultSqlSession@589b2534] was not registered for synchronization because synchronization is not active
JDBC Connection [HikariProxyConnection@1500422158 wrapping com.mysql.cj.jdbc.ConnectionImpl@45f49252] will not be managed by Spring
==>  Preparing: SELECT id,username,password,nickname,avatar,bio,email,status,created_at,updated_at FROM t_user WHERE id=? AND status=1
==> Parameters: 3(Long)
<==    Columns: id, username, password, nickname, avatar, bio, email, status, created_at, updated_at
<==        Row: 3, gamer_pro, $2a$10$N.zmdr9k7uOCQb376NoUnuTJ8iAt6Z5EHsM8lE9lBOsl7iKTVKIUi, 高玩达人, null, 全平台制霸！, null, 1, 2026-05-27 18:20:26, 2026-05-27 18:20:26
<==      Total: 1
Closing non transactional SqlSession [org.apache.ibatis.session.defaults.DefaultSqlSession@589b2534]
Creating a new SqlSession
SqlSession [org.apache.ibatis.session.defaults.DefaultSqlSession@7f57fb60] was not registered for synchronization because synchronization is not active
JDBC Connection [HikariProxyConnection@2120536891 wrapping com.mysql.cj.jdbc.ConnectionImpl@45f49252] will not be managed by Spring
==>  Preparing: SELECT id,name,code,sort_order,status,created_at,updated_at FROM t_post_category WHERE id=? AND status=1
==> Parameters: 1(Long)
<==    Columns: id, name, code, sort_order, status, created_at, updated_at
<==        Row: 1, 攻略, guide, 1, 1, 2026-05-27 18:20:26, 2026-05-27 18:20:26
<==      Total: 1
Closing non transactional SqlSession [org.apache.ibatis.session.defaults.DefaultSqlSession@7f57fb60]
Creating a new SqlSession
SqlSession [org.apache.ibatis.session.defaults.DefaultSqlSession@15dff370] was not registered for synchronization because synchronization is not active
JDBC Connection [HikariProxyConnection@1427342928 wrapping com.mysql.cj.jdbc.ConnectionImpl@45f49252] will not be managed by Spring
==>  Preparing: SELECT id,username,password,nickname,avatar,bio,email,status,created_at,updated_at FROM t_user WHERE id=? AND status=1
==> Parameters: 2(Long)
<==    Columns: id, username, password, nickname, avatar, bio, email, status, created_at, updated_at
<==        Row: 2, player1, $2a$10$N.zmdr9k7uOCQb376NoUnuTJ8iAt6Z5EHsM8lE9lBOsl7iKTVKIUi, 玩家一号, null, 热爱游戏的普通玩家, null, 1, 2026-05-27 18:20:26, 2026-05-27 18:20:26
<==      Total: 1
Closing non transactional SqlSession [org.apache.ibatis.session.defaults.DefaultSqlSession@15dff370]
Creating a new SqlSession
SqlSession [org.apache.ibatis.session.defaults.DefaultSqlSession@6ce0e677] was not registered for synchronization because synchronization is not active
JDBC Connection [HikariProxyConnection@105827560 wrapping com.mysql.cj.jdbc.ConnectionImpl@45f49252] will not be managed by Spring
==>  Preparing: SELECT id,name,code,sort_order,status,created_at,updated_at FROM t_post_category WHERE id=? AND status=1
==> Parameters: 2(Long)
<==    Columns: id, name, code, sort_order, status, created_at, updated_at
<==        Row: 2, 讨论, discuss, 2, 1, 2026-05-27 18:20:26, 2026-05-27 18:20:26
<==      Total: 1
Closing non transactional SqlSession [org.apache.ibatis.session.defaults.DefaultSqlSession@6ce0e677]
Creating a new SqlSession
SqlSession [org.apache.ibatis.session.defaults.DefaultSqlSession@7178f82b] was not registered for synchronization because synchronization is not active
JDBC Connection [HikariProxyConnection@440433453 wrapping com.mysql.cj.jdbc.ConnectionImpl@45f49252] will not be managed by Spring
==>  Preparing: SELECT id,username,password,nickname,avatar,bio,email,status,created_at,updated_at FROM t_user WHERE id=? AND status=1
==> Parameters: 4(Long)
<==    Columns: id, username, password, nickname, avatar, bio, email, status, created_at, updated_at
<==        Row: 4, game_girl, $2a$10$N.zmdr9k7uOCQb376NoUnuTJ8iAt6Z5EHsM8lE9lBOsl7iKTVKIUi, 游戏少女, null, 只玩好游戏~, null, 1, 2026-05-27 18:20:26, 2026-05-27 18:20:26
<==      Total: 1
Closing non transactional SqlSession [org.apache.ibatis.session.defaults.DefaultSqlSession@7178f82b]
Creating a new SqlSession
SqlSession [org.apache.ibatis.session.defaults.DefaultSqlSession@121c7e66] was not registered for synchronization because synchronization is not active
JDBC Connection [HikariProxyConnection@605250990 wrapping com.mysql.cj.jdbc.ConnectionImpl@45f49252] will not be managed by Spring
==>  Preparing: SELECT id,name,code,sort_order,status,created_at,updated_at FROM t_post_category WHERE id=? AND status=1
==> Parameters: 4(Long)
<==    Columns: id, name, code, sort_order, status, created_at, updated_at
<==        Row: 4, 分享, share, 4, 1, 2026-05-27 18:20:26, 2026-05-27 18:20:26
<==      Total: 1
Closing non transactional SqlSession [org.apache.ibatis.session.defaults.DefaultSqlSession@121c7e66]
Creating a new SqlSession
SqlSession [org.apache.ibatis.session.defaults.DefaultSqlSession@19464874] was not registered for synchronization because synchronization is not active
JDBC Connection [HikariProxyConnection@1750657652 wrapping com.mysql.cj.jdbc.ConnectionImpl@45f49252] will not be managed by Spring
==>  Preparing: SELECT id,username,password,nickname,avatar,bio,email,status,created_at,updated_at FROM t_user WHERE id=? AND status=1
==> Parameters: 5(Long)
<==    Columns: id, username, password, nickname, avatar, bio, email, status, created_at, updated_at
<==        Row: 5, rpg_lover, $2a$10$N.zmdr9k7uOCQb376NoUnuTJ8iAt6Z5EHsM8lE9lBOsl7iKTVKIUi, RPG爱好者, null, RPG永不毕业！, null, 1, 2026-05-27 18:20:26, 2026-05-27 18:20:26
<==      Total: 1
Closing non transactional SqlSession [org.apache.ibatis.session.defaults.DefaultSqlSession@19464874]
Creating a new SqlSession
SqlSession [org.apache.ibatis.session.defaults.DefaultSqlSession@75306656] was not registered for synchronization because synchronization is not active
JDBC Connection [HikariProxyConnection@1579058540 wrapping com.mysql.cj.jdbc.ConnectionImpl@45f49252] will not be managed by Spring
==>  Preparing: SELECT id,name,code,sort_order,status,created_at,updated_at FROM t_post_category WHERE id=? AND status=1
==> Parameters: 2(Long)
<==    Columns: id, name, code, sort_order, status, created_at, updated_at
<==        Row: 2, 讨论, discuss, 2, 1, 2026-05-27 18:20:26, 2026-05-27 18:20:26
<==      Total: 1
Closing non transactional SqlSession [org.apache.ibatis.session.defaults.DefaultSqlSession@75306656]
Creating a new SqlSession
SqlSession [org.apache.ibatis.session.defaults.DefaultSqlSession@689c828e] was not registered for synchronization because synchronization is not active
JDBC Connection [HikariProxyConnection@510155549 wrapping com.mysql.cj.jdbc.ConnectionImpl@45f49252] will not be managed by Spring
==>  Preparing: SELECT id,username,password,nickname,avatar,bio,email,status,created_at,updated_at FROM t_user WHERE id=? AND status=1
==> Parameters: 4(Long)
<==    Columns: id, username, password, nickname, avatar, bio, email, status, created_at, updated_at
<==        Row: 4, game_girl, $2a$10$N.zmdr9k7uOCQb376NoUnuTJ8iAt6Z5EHsM8lE9lBOsl7iKTVKIUi, 游戏少女, null, 只玩好游戏~, null, 1, 2026-05-27 18:20:26, 2026-05-27 18:20:26
<==      Total: 1
Closing non transactional SqlSession [org.apache.ibatis.session.defaults.DefaultSqlSession@689c828e]
Creating a new SqlSession
SqlSession [org.apache.ibatis.session.defaults.DefaultSqlSession@13169f11] was not registered for synchronization because synchronization is not active
JDBC Connection [HikariProxyConnection@521336591 wrapping com.mysql.cj.jdbc.ConnectionImpl@45f49252] will not be managed by Spring
==>  Preparing: SELECT id,name,code,sort_order,status,created_at,updated_at FROM t_post_category WHERE id=? AND status=1
==> Parameters: 1(Long)
<==    Columns: id, name, code, sort_order, status, created_at, updated_at
<==        Row: 1, 攻略, guide, 1, 1, 2026-05-27 18:20:26, 2026-05-27 18:20:26
<==      Total: 1
Closing non transactional SqlSession [org.apache.ibatis.session.defaults.DefaultSqlSession@13169f11]
Creating a new SqlSession
SqlSession [org.apache.ibatis.session.defaults.DefaultSqlSession@4bc38a25] was not registered for synchronization because synchronization is not active
JDBC Connection [HikariProxyConnection@1812626011 wrapping com.mysql.cj.jdbc.ConnectionImpl@45f49252] will not be managed by Spring
==>  Preparing: SELECT id,username,password,nickname,avatar,bio,email,status,created_at,updated_at FROM t_user WHERE id=? AND status=1
==> Parameters: 2(Long)
<==    Columns: id, username, password, nickname, avatar, bio, email, status, created_at, updated_at
<==        Row: 2, player1, $2a$10$N.zmdr9k7uOCQb376NoUnuTJ8iAt6Z5EHsM8lE9lBOsl7iKTVKIUi, 玩家一号, null, 热爱游戏的普通玩家, null, 1, 2026-05-27 18:20:26, 2026-05-27 18:20:26
<==      Total: 1
Closing non transactional SqlSession [org.apache.ibatis.session.defaults.DefaultSqlSession@4bc38a25]
Creating a new SqlSession
SqlSession [org.apache.ibatis.session.defaults.DefaultSqlSession@50d86573] was not registered for synchronization because synchronization is not active
JDBC Connection [HikariProxyConnection@119361519 wrapping com.mysql.cj.jdbc.ConnectionImpl@45f49252] will not be managed by Spring
==>  Preparing: SELECT id,name,code,sort_order,status,created_at,updated_at FROM t_post_category WHERE id=? AND status=1
==> Parameters: 3(Long)
<==    Columns: id, name, code, sort_order, status, created_at, updated_at
<==        Row: 3, 求助, help, 3, 1, 2026-05-27 18:20:26, 2026-05-27 18:20:26
<==      Total: 1
Closing non transactional SqlSession [org.apache.ibatis.session.defaults.DefaultSqlSession@50d86573]
Creating a new SqlSession
SqlSession [org.apache.ibatis.session.defaults.DefaultSqlSession@1ee60a32] was not registered for synchronization because synchronization is not active
JDBC Connection [HikariProxyConnection@218498912 wrapping com.mysql.cj.jdbc.ConnectionImpl@45f49252] will not be managed by Spring
==>  Preparing: SELECT id,username,password,nickname,avatar,bio,email,status,created_at,updated_at FROM t_user WHERE id=? AND status=1
==> Parameters: 5(Long)
<==    Columns: id, username, password, nickname, avatar, bio, email, status, created_at, updated_at
<==        Row: 5, rpg_lover, $2a$10$N.zmdr9k7uOCQb376NoUnuTJ8iAt6Z5EHsM8lE9lBOsl7iKTVKIUi, RPG爱好者, null, RPG永不毕业！, null, 1, 2026-05-27 18:20:26, 2026-05-27 18:20:26
<==      Total: 1
Closing non transactional SqlSession [org.apache.ibatis.session.defaults.DefaultSqlSession@1ee60a32]
Creating a new SqlSession
SqlSession [org.apache.ibatis.session.defaults.DefaultSqlSession@39c37704] was not registered for synchronization because synchronization is not active
JDBC Connection [HikariProxyConnection@163060096 wrapping com.mysql.cj.jdbc.ConnectionImpl@73a9ea26] will not be managed by Spring
==>  Preparing: SELECT id,user_id,game_id,category_id,title,content,tags,cover_image,view_count,like_count,reply_count,share_count,heat_score,is_top,is_essence,status,created_at,updated_at FROM t_post WHERE id=? AND status=1
==> Parameters: 6(Long)
<==    Columns: id, user_id, game_id, category_id, title, content, tags, cover_image, view_count, like_count, reply_count, share_count, heat_score, is_top, is_essence, status, created_at, updated_at
<==        Row: 6, 3, 4, 5, 黑神话DLC预测：下一站天庭？, <<BLOB>>, 黑神话,悟空,DLC,预测, null, 3207, 278, 99, 0, 120.5, 0, 0, 1, 2026-05-27 18:20:26, 2026-05-27 18:20:26
<==      Total: 1
Closing non transactional SqlSession [org.apache.ibatis.session.defaults.DefaultSqlSession@39c37704]
Creating a new SqlSession
SqlSession [org.apache.ibatis.session.defaults.DefaultSqlSession@4b331358] was not registered for synchronization because synchronization is not active
JDBC Connection [HikariProxyConnection@1776952941 wrapping com.mysql.cj.jdbc.ConnectionImpl@73a9ea26] will not be managed by Spring
==>  Preparing: UPDATE t_post SET user_id=?, game_id=?, category_id=?, title=?, content=?, tags=?, view_count=?, like_count=?, reply_count=?, share_count=?, heat_score=?, is_top=?, is_essence=?, created_at=?, updated_at=? WHERE id=? AND status=1
==> Parameters: 3(Long), 4(Long), 5(Long), 黑神话DLC预测：下一站天庭？(String), 根据原著推测DLC走向...(String), 黑神话,悟空,DLC,预测(String), 3208(Integer), 278(Integer), 99(Integer), 0(Integer), 120.5(Double), 0(Integer), 0(Integer), 2026-05-27T18:20:26(LocalDateTime), 2026-05-27T18:20:26(LocalDateTime), 6(Long)
<==    Updates: 1
Closing non transactional SqlSession [org.apache.ibatis.session.defaults.DefaultSqlSession@4b331358]
Creating a new SqlSession
SqlSession [org.apache.ibatis.session.defaults.DefaultSqlSession@5c565c00] was not registered for synchronization because synchronization is not active
JDBC Connection [HikariProxyConnection@262946049 wrapping com.mysql.cj.jdbc.ConnectionImpl@73a9ea26] will not be managed by Spring
==>  Preparing: SELECT id,name,code,sort_order,status,created_at,updated_at FROM t_post_category WHERE id=? AND status=1
==> Parameters: 5(Long)
<==    Columns: id, name, code, sort_order, status, created_at, updated_at
<==        Row: 5, 新闻, news, 5, 1, 2026-05-27 18:20:26, 2026-05-27 18:20:26
<==      Total: 1
Closing non transactional SqlSession [org.apache.ibatis.session.defaults.DefaultSqlSession@5c565c00]
Creating a new SqlSession
SqlSession [org.apache.ibatis.session.defaults.DefaultSqlSession@2d3642f9] was not registered for synchronization because synchronization is not active
JDBC Connection [HikariProxyConnection@1139715331 wrapping com.mysql.cj.jdbc.ConnectionImpl@73a9ea26] will not be managed by Spring
==>  Preparing: SELECT id,username,password,nickname,avatar,bio,email,status,created_at,updated_at FROM t_user WHERE id=? AND status=1
==> Parameters: 3(Long)
<==    Columns: id, username, password, nickname, avatar, bio, email, status, created_at, updated_at
<==        Row: 3, gamer_pro, $2a$10$N.zmdr9k7uOCQb376NoUnuTJ8iAt6Z5EHsM8lE9lBOsl7iKTVKIUi, 高玩达人, null, 全平台制霸！, null, 1, 2026-05-27 18:20:26, 2026-05-27 18:20:26
<==      Total: 1
Closing non transactional SqlSession [org.apache.ibatis.session.defaults.DefaultSqlSession@2d3642f9]
Creating a new SqlSession
SqlSession [org.apache.ibatis.session.defaults.DefaultSqlSession@770d5136] was not registered for synchronization because synchronization is not active
JDBC Connection [HikariProxyConnection@1756624036 wrapping com.mysql.cj.jdbc.ConnectionImpl@73a9ea26] will not be managed by Spring
==>  Preparing: SELECT COUNT( * ) AS total FROM t_like WHERE (user_id = ? AND target_type = ? AND target_id = ?)
==> Parameters: 1(Long), 1(Integer), 6(Long)
<==    Columns: total
<==        Row: 0
<==      Total: 1
Closing non transactional SqlSession [org.apache.ibatis.session.defaults.DefaultSqlSession@770d5136]
Creating a new SqlSession
SqlSession [org.apache.ibatis.session.defaults.DefaultSqlSession@11a4d6fe] was not registered for synchronization because synchronization is not active
JDBC Connection [HikariProxyConnection@275145005 wrapping com.mysql.cj.jdbc.ConnectionImpl@45f49252] will not be managed by Spring
==>  Preparing: SELECT COUNT(*) AS total FROM t_reply WHERE status = 1 AND (post_id = ? AND status = ?)
==> Parameters: 6(Long), 1(Integer)
<==    Columns: total
<==        Row: 4
<==      Total: 1
==>  Preparing: SELECT id,post_id,user_id,parent_id,reply_to_user_id,content,like_count,status,created_at,updated_at FROM t_reply WHERE status=1 AND (post_id = ? AND status = ?) ORDER BY created_at ASC LIMIT ?
==> Parameters: 6(Long), 1(Integer), 20(Long)
<==    Columns: id, post_id, user_id, parent_id, reply_to_user_id, content, like_count, status, created_at, updated_at
<==        Row: 5, 6, 4, null, null, <<BLOB>>, 20, 1, 2026-05-27 18:20:26, 2026-05-27 18:20:26
<==        Row: 6, 6, 2, null, null, <<BLOB>>, 10, 1, 2026-05-27 18:20:26, 2026-05-27 18:20:26
<==        Row: 7, 6, 5, null, null, <<BLOB>>, 8, 1, 2026-05-27 18:20:26, 2026-05-27 18:20:26
<==        Row: 8, 6, 1, null, null, <<BLOB>>, 0, 1, 2026-05-27 18:42:23, 2026-05-27 18:42:23
<==      Total: 4
Closing non transactional SqlSession [org.apache.ibatis.session.defaults.DefaultSqlSession@11a4d6fe]
Creating a new SqlSession
SqlSession [org.apache.ibatis.session.defaults.DefaultSqlSession@62bde59c] was not registered for synchronization because synchronization is not active
JDBC Connection [HikariProxyConnection@1106350063 wrapping com.mysql.cj.jdbc.ConnectionImpl@45f49252] will not be managed by Spring
==>  Preparing: SELECT id,username,password,nickname,avatar,bio,email,status,created_at,updated_at FROM t_user WHERE id=? AND status=1
==> Parameters: 4(Long)
<==    Columns: id, username, password, nickname, avatar, bio, email, status, created_at, updated_at
<==        Row: 4, game_girl, $2a$10$N.zmdr9k7uOCQb376NoUnuTJ8iAt6Z5EHsM8lE9lBOsl7iKTVKIUi, 游戏少女, null, 只玩好游戏~, null, 1, 2026-05-27 18:20:26, 2026-05-27 18:20:26
<==      Total: 1
Closing non transactional SqlSession [org.apache.ibatis.session.defaults.DefaultSqlSession@62bde59c]
Creating a new SqlSession
SqlSession [org.apache.ibatis.session.defaults.DefaultSqlSession@787ce23e] was not registered for synchronization because synchronization is not active
JDBC Connection [HikariProxyConnection@1969252776 wrapping com.mysql.cj.jdbc.ConnectionImpl@45f49252] will not be managed by Spring
==>  Preparing: SELECT id,username,password,nickname,avatar,bio,email,status,created_at,updated_at FROM t_user WHERE id=? AND status=1
==> Parameters: 2(Long)
<==    Columns: id, username, password, nickname, avatar, bio, email, status, created_at, updated_at
<==        Row: 2, player1, $2a$10$N.zmdr9k7uOCQb376NoUnuTJ8iAt6Z5EHsM8lE9lBOsl7iKTVKIUi, 玩家一号, null, 热爱游戏的普通玩家, null, 1, 2026-05-27 18:20:26, 2026-05-27 18:20:26
<==      Total: 1
Closing non transactional SqlSession [org.apache.ibatis.session.defaults.DefaultSqlSession@787ce23e]
Creating a new SqlSession
SqlSession [org.apache.ibatis.session.defaults.DefaultSqlSession@15b184f4] was not registered for synchronization because synchronization is not active
JDBC Connection [HikariProxyConnection@180611438 wrapping com.mysql.cj.jdbc.ConnectionImpl@45f49252] will not be managed by Spring
==>  Preparing: SELECT id,username,password,nickname,avatar,bio,email,status,created_at,updated_at FROM t_user WHERE id=? AND status=1
==> Parameters: 5(Long)
<==    Columns: id, username, password, nickname, avatar, bio, email, status, created_at, updated_at
<==        Row: 5, rpg_lover, $2a$10$N.zmdr9k7uOCQb376NoUnuTJ8iAt6Z5EHsM8lE9lBOsl7iKTVKIUi, RPG爱好者, null, RPG永不毕业！, null, 1, 2026-05-27 18:20:26, 2026-05-27 18:20:26
<==      Total: 1
Closing non transactional SqlSession [org.apache.ibatis.session.defaults.DefaultSqlSession@15b184f4]
Creating a new SqlSession
SqlSession [org.apache.ibatis.session.defaults.DefaultSqlSession@5cebcec6] was not registered for synchronization because synchronization is not active
JDBC Connection [HikariProxyConnection@1164212107 wrapping com.mysql.cj.jdbc.ConnectionImpl@45f49252] will not be managed by Spring
==>  Preparing: SELECT id,username,password,nickname,avatar,bio,email,status,created_at,updated_at FROM t_user WHERE id=? AND status=1
==> Parameters: 1(Long)
<==    Columns: id, username, password, nickname, avatar, bio, email, status, created_at, updated_at
<==        Row: 1, admin, $2a$10$N.zmdr9k7uOCQb376NoUnuTJ8iAt6Z5EHsM8lE9lBOsl7iKTVKIUi, 管理员, null, GameBox 官方管理员, null, 1, 2026-05-27 18:20:26, 2026-05-27 18:20:26
<==      Total: 1
Closing non transactional SqlSession [org.apache.ibatis.session.defaults.DefaultSqlSession@5cebcec6]
Creating a new SqlSession
SqlSession [org.apache.ibatis.session.defaults.DefaultSqlSession@70521fc1] was not registered for synchronization because synchronization is not active
JDBC Connection [HikariProxyConnection@1766475414 wrapping com.mysql.cj.jdbc.ConnectionImpl@45f49252] will not be managed by Spring
==>  Preparing: SELECT COUNT( * ) AS total FROM t_notification WHERE (user_id = ? AND is_read = ?)
==> Parameters: 1(Long), 0(Integer)
<==    Columns: total
<==        Row: 0
<==      Total: 1
Closing non transactional SqlSession [org.apache.ibatis.session.defaults.DefaultSqlSession@70521fc1]
Creating a new SqlSession
SqlSession [org.apache.ibatis.session.defaults.DefaultSqlSession@7348fa5c] was not registered for synchronization because synchronization is not active
JDBC Connection [HikariProxyConnection@545862807 wrapping com.mysql.cj.jdbc.ConnectionImpl@45f49252] will not be managed by Spring
==>  Preparing: SELECT COUNT(*) AS total FROM t_post WHERE status = 1 AND (status = ?)
==> Parameters: 1(Integer)
<==    Columns: total
<==        Row: 8
<==      Total: 1
==>  Preparing: SELECT id,user_id,game_id,category_id,title,content,tags,cover_image,view_count,like_count,reply_count,share_count,heat_score,is_top,is_essence,status,created_at,updated_at FROM t_post WHERE status=1 AND (status = ?) ORDER BY heat_score DESC,created_at DESC LIMIT ?
==> Parameters: 1(Integer), 10(Long)
<==    Columns: id, user_id, game_id, category_id, title, content, tags, cover_image, view_count, like_count, reply_count, share_count, heat_score, is_top, is_essence, status, created_at, updated_at
<==        Row: 6, 3, 4, 5, 黑神话DLC预测：下一站天庭？, <<BLOB>>, 黑神话,悟空,DLC,预测, null, 3208, 278, 99, 0, 120.5, 0, 0, 1, 2026-05-27 18:20:26, 2026-05-27 18:20:26
<==        Row: 2, 3, 4, 1, 黑神话：悟空 隐藏BOSS全部打法分享, <<BLOB>>, 黑神话,悟空,BOSS攻略, null, 1897, 203, 67, 0, 92.3, 0, 0, 1, 2026-05-27 18:20:26, 2026-05-27 18:20:26
<==        Row: 1, 2, 1, 1, 艾尔登法环 DLC 黄金树幽影 全地图攻略, <<BLOB>>, 艾尔登法环,攻略,DLC, null, 2344, 157, 43, 0, 85.6, 0, 0, 1, 2026-05-27 18:20:26, 2026-05-27 18:20:26
<==        Row: 3, 4, 3, 2, 博德之门3 最强Build推荐, <<BLOB>>, 博德之门3,Build,RPG, null, 1203, 89, 32, 0, 45.2, 0, 0, 1, 2026-05-27 18:20:26, 2026-05-27 18:20:26
<==        Row: 4, 5, 2, 4, 王国之泪 200小时后的感动, <<BLOB>>, 塞尔达,王国之泪,感想, null, 890, 67, 18, 0, 28.7, 0, 0, 1, 2026-05-27 18:20:26, 2026-05-27 18:20:26
<==        Row: 7, 4, 1, 2, 讨论：FromSoftware下一作会是什么题材, <<BLOB>>, FromSoftware,魂系,新作, null, 670, 34, 15, 0, 18.9, 0, 0, 1, 2026-05-27 18:20:26, 2026-05-27 18:20:26
<==        Row: 5, 2, 5, 1, 星露谷物语 新手入门指南, <<BLOB>>, 星露谷,新手,指南, null, 561, 45, 12, 0, 15.3, 0, 0, 1, 2026-05-27 18:20:26, 2026-05-27 18:20:26
<==        Row: 8, 5, 3, 3, 求助：博德之门3 影心个人任务卡住了, <<BLOB>>, 博德之门3,求助,Bug, null, 320, 12, 8, 0, 6.5, 0, 0, 1, 2026-05-27 18:20:26, 2026-05-27 18:20:26
<==      Total: 8
Closing non transactional SqlSession [org.apache.ibatis.session.defaults.DefaultSqlSession@7348fa5c]
Creating a new SqlSession
SqlSession [org.apache.ibatis.session.defaults.DefaultSqlSession@2998c75a] was not registered for synchronization because synchronization is not active
JDBC Connection [HikariProxyConnection@1088185202 wrapping com.mysql.cj.jdbc.ConnectionImpl@45f49252] will not be managed by Spring
==>  Preparing: SELECT id,name,code,sort_order,status,created_at,updated_at FROM t_post_category WHERE id=? AND status=1
==> Parameters: 5(Long)
<==    Columns: id, name, code, sort_order, status, created_at, updated_at
<==        Row: 5, 新闻, news, 5, 1, 2026-05-27 18:20:26, 2026-05-27 18:20:26
<==      Total: 1
Closing non transactional SqlSession [org.apache.ibatis.session.defaults.DefaultSqlSession@2998c75a]
Creating a new SqlSession
SqlSession [org.apache.ibatis.session.defaults.DefaultSqlSession@672260eb] was not registered for synchronization because synchronization is not active
JDBC Connection [HikariProxyConnection@141543746 wrapping com.mysql.cj.jdbc.ConnectionImpl@45f49252] will not be managed by Spring
==>  Preparing: SELECT id,username,password,nickname,avatar,bio,email,status,created_at,updated_at FROM t_user WHERE id=? AND status=1
==> Parameters: 3(Long)
<==    Columns: id, username, password, nickname, avatar, bio, email, status, created_at, updated_at
<==        Row: 3, gamer_pro, $2a$10$N.zmdr9k7uOCQb376NoUnuTJ8iAt6Z5EHsM8lE9lBOsl7iKTVKIUi, 高玩达人, null, 全平台制霸！, null, 1, 2026-05-27 18:20:26, 2026-05-27 18:20:26
<==      Total: 1
Closing non transactional SqlSession [org.apache.ibatis.session.defaults.DefaultSqlSession@672260eb]
Creating a new SqlSession
SqlSession [org.apache.ibatis.session.defaults.DefaultSqlSession@105cdbb7] was not registered for synchronization because synchronization is not active
JDBC Connection [HikariProxyConnection@1687016559 wrapping com.mysql.cj.jdbc.ConnectionImpl@45f49252] will not be managed by Spring
==>  Preparing: SELECT id,name,code,sort_order,status,created_at,updated_at FROM t_post_category WHERE id=? AND status=1
==> Parameters: 1(Long)
<==    Columns: id, name, code, sort_order, status, created_at, updated_at
<==        Row: 1, 攻略, guide, 1, 1, 2026-05-27 18:20:26, 2026-05-27 18:20:26
<==      Total: 1
Closing non transactional SqlSession [org.apache.ibatis.session.defaults.DefaultSqlSession@105cdbb7]
Creating a new SqlSession
SqlSession [org.apache.ibatis.session.defaults.DefaultSqlSession@66c7477c] was not registered for synchronization because synchronization is not active
JDBC Connection [HikariProxyConnection@271628656 wrapping com.mysql.cj.jdbc.ConnectionImpl@45f49252] will not be managed by Spring
==>  Preparing: SELECT id,username,password,nickname,avatar,bio,email,status,created_at,updated_at FROM t_user WHERE id=? AND status=1
==> Parameters: 3(Long)
<==    Columns: id, username, password, nickname, avatar, bio, email, status, created_at, updated_at
<==        Row: 3, gamer_pro, $2a$10$N.zmdr9k7uOCQb376NoUnuTJ8iAt6Z5EHsM8lE9lBOsl7iKTVKIUi, 高玩达人, null, 全平台制霸！, null, 1, 2026-05-27 18:20:26, 2026-05-27 18:20:26
<==      Total: 1
Closing non transactional SqlSession [org.apache.ibatis.session.defaults.DefaultSqlSession@66c7477c]
Creating a new SqlSession
SqlSession [org.apache.ibatis.session.defaults.DefaultSqlSession@790acb9e] was not registered for synchronization because synchronization is not active
JDBC Connection [HikariProxyConnection@623550308 wrapping com.mysql.cj.jdbc.ConnectionImpl@45f49252] will not be managed by Spring
==>  Preparing: SELECT id,name,code,sort_order,status,created_at,updated_at FROM t_post_category WHERE id=? AND status=1
==> Parameters: 1(Long)
<==    Columns: id, name, code, sort_order, status, created_at, updated_at
<==        Row: 1, 攻略, guide, 1, 1, 2026-05-27 18:20:26, 2026-05-27 18:20:26
<==      Total: 1
Closing non transactional SqlSession [org.apache.ibatis.session.defaults.DefaultSqlSession@790acb9e]
Creating a new SqlSession
SqlSession [org.apache.ibatis.session.defaults.DefaultSqlSession@ba687a4] was not registered for synchronization because synchronization is not active
JDBC Connection [HikariProxyConnection@618658677 wrapping com.mysql.cj.jdbc.ConnectionImpl@45f49252] will not be managed by Spring
==>  Preparing: SELECT id,username,password,nickname,avatar,bio,email,status,created_at,updated_at FROM t_user WHERE id=? AND status=1
==> Parameters: 2(Long)
<==    Columns: id, username, password, nickname, avatar, bio, email, status, created_at, updated_at
<==        Row: 2, player1, $2a$10$N.zmdr9k7uOCQb376NoUnuTJ8iAt6Z5EHsM8lE9lBOsl7iKTVKIUi, 玩家一号, null, 热爱游戏的普通玩家, null, 1, 2026-05-27 18:20:26, 2026-05-27 18:20:26
<==      Total: 1
Closing non transactional SqlSession [org.apache.ibatis.session.defaults.DefaultSqlSession@ba687a4]
Creating a new SqlSession
SqlSession [org.apache.ibatis.session.defaults.DefaultSqlSession@47e50a0b] was not registered for synchronization because synchronization is not active
JDBC Connection [HikariProxyConnection@2025926388 wrapping com.mysql.cj.jdbc.ConnectionImpl@45f49252] will not be managed by Spring
==>  Preparing: SELECT id,name,code,sort_order,status,created_at,updated_at FROM t_post_category WHERE id=? AND status=1
==> Parameters: 2(Long)
<==    Columns: id, name, code, sort_order, status, created_at, updated_at
<==        Row: 2, 讨论, discuss, 2, 1, 2026-05-27 18:20:26, 2026-05-27 18:20:26
<==      Total: 1
Closing non transactional SqlSession [org.apache.ibatis.session.defaults.DefaultSqlSession@47e50a0b]
Creating a new SqlSession
SqlSession [org.apache.ibatis.session.defaults.DefaultSqlSession@ac1ada5] was not registered for synchronization because synchronization is not active
JDBC Connection [HikariProxyConnection@1704680356 wrapping com.mysql.cj.jdbc.ConnectionImpl@45f49252] will not be managed by Spring
==>  Preparing: SELECT id,username,password,nickname,avatar,bio,email,status,created_at,updated_at FROM t_user WHERE id=? AND status=1
==> Parameters: 4(Long)
<==    Columns: id, username, password, nickname, avatar, bio, email, status, created_at, updated_at
<==        Row: 4, game_girl, $2a$10$N.zmdr9k7uOCQb376NoUnuTJ8iAt6Z5EHsM8lE9lBOsl7iKTVKIUi, 游戏少女, null, 只玩好游戏~, null, 1, 2026-05-27 18:20:26, 2026-05-27 18:20:26
<==      Total: 1
Closing non transactional SqlSession [org.apache.ibatis.session.defaults.DefaultSqlSession@ac1ada5]
Creating a new SqlSession
SqlSession [org.apache.ibatis.session.defaults.DefaultSqlSession@44a4630a] was not registered for synchronization because synchronization is not active
JDBC Connection [HikariProxyConnection@1133466302 wrapping com.mysql.cj.jdbc.ConnectionImpl@45f49252] will not be managed by Spring
==>  Preparing: SELECT id,name,code,sort_order,status,created_at,updated_at FROM t_post_category WHERE id=? AND status=1
==> Parameters: 4(Long)
<==    Columns: id, name, code, sort_order, status, created_at, updated_at
<==        Row: 4, 分享, share, 4, 1, 2026-05-27 18:20:26, 2026-05-27 18:20:26
<==      Total: 1
Closing non transactional SqlSession [org.apache.ibatis.session.defaults.DefaultSqlSession@44a4630a]
Creating a new SqlSession
SqlSession [org.apache.ibatis.session.defaults.DefaultSqlSession@ba658f4] was not registered for synchronization because synchronization is not active
JDBC Connection [HikariProxyConnection@1828574905 wrapping com.mysql.cj.jdbc.ConnectionImpl@45f49252] will not be managed by Spring
==>  Preparing: SELECT id,username,password,nickname,avatar,bio,email,status,created_at,updated_at FROM t_user WHERE id=? AND status=1
==> Parameters: 5(Long)
<==    Columns: id, username, password, nickname, avatar, bio, email, status, created_at, updated_at
<==        Row: 5, rpg_lover, $2a$10$N.zmdr9k7uOCQb376NoUnuTJ8iAt6Z5EHsM8lE9lBOsl7iKTVKIUi, RPG爱好者, null, RPG永不毕业！, null, 1, 2026-05-27 18:20:26, 2026-05-27 18:20:26
<==      Total: 1
Closing non transactional SqlSession [org.apache.ibatis.session.defaults.DefaultSqlSession@ba658f4]
Creating a new SqlSession
SqlSession [org.apache.ibatis.session.defaults.DefaultSqlSession@1adfc076] was not registered for synchronization because synchronization is not active
JDBC Connection [HikariProxyConnection@596068897 wrapping com.mysql.cj.jdbc.ConnectionImpl@45f49252] will not be managed by Spring
==>  Preparing: SELECT id,name,code,sort_order,status,created_at,updated_at FROM t_post_category WHERE id=? AND status=1
==> Parameters: 2(Long)
<==    Columns: id, name, code, sort_order, status, created_at, updated_at
<==        Row: 2, 讨论, discuss, 2, 1, 2026-05-27 18:20:26, 2026-05-27 18:20:26
<==      Total: 1
Closing non transactional SqlSession [org.apache.ibatis.session.defaults.DefaultSqlSession@1adfc076]
Creating a new SqlSession
SqlSession [org.apache.ibatis.session.defaults.DefaultSqlSession@7acf856] was not registered for synchronization because synchronization is not active
JDBC Connection [HikariProxyConnection@1662272677 wrapping com.mysql.cj.jdbc.ConnectionImpl@45f49252] will not be managed by Spring
==>  Preparing: SELECT id,username,password,nickname,avatar,bio,email,status,created_at,updated_at FROM t_user WHERE id=? AND status=1
==> Parameters: 4(Long)
<==    Columns: id, username, password, nickname, avatar, bio, email, status, created_at, updated_at
<==        Row: 4, game_girl, $2a$10$N.zmdr9k7uOCQb376NoUnuTJ8iAt6Z5EHsM8lE9lBOsl7iKTVKIUi, 游戏少女, null, 只玩好游戏~, null, 1, 2026-05-27 18:20:26, 2026-05-27 18:20:26
<==      Total: 1
Closing non transactional SqlSession [org.apache.ibatis.session.defaults.DefaultSqlSession@7acf856]
Creating a new SqlSession
SqlSession [org.apache.ibatis.session.defaults.DefaultSqlSession@3318f1a1] was not registered for synchronization because synchronization is not active
JDBC Connection [HikariProxyConnection@1402388956 wrapping com.mysql.cj.jdbc.ConnectionImpl@45f49252] will not be managed by Spring
==>  Preparing: SELECT id,name,code,sort_order,status,created_at,updated_at FROM t_post_category WHERE id=? AND status=1
==> Parameters: 1(Long)
<==    Columns: id, name, code, sort_order, status, created_at, updated_at
<==        Row: 1, 攻略, guide, 1, 1, 2026-05-27 18:20:26, 2026-05-27 18:20:26
<==      Total: 1
Closing non transactional SqlSession [org.apache.ibatis.session.defaults.DefaultSqlSession@3318f1a1]
Creating a new SqlSession
SqlSession [org.apache.ibatis.session.defaults.DefaultSqlSession@367c4673] was not registered for synchronization because synchronization is not active
JDBC Connection [HikariProxyConnection@1117600996 wrapping com.mysql.cj.jdbc.ConnectionImpl@45f49252] will not be managed by Spring
==>  Preparing: SELECT id,username,password,nickname,avatar,bio,email,status,created_at,updated_at FROM t_user WHERE id=? AND status=1
==> Parameters: 2(Long)
<==    Columns: id, username, password, nickname, avatar, bio, email, status, created_at, updated_at
<==        Row: 2, player1, $2a$10$N.zmdr9k7uOCQb376NoUnuTJ8iAt6Z5EHsM8lE9lBOsl7iKTVKIUi, 玩家一号, null, 热爱游戏的普通玩家, null, 1, 2026-05-27 18:20:26, 2026-05-27 18:20:26
<==      Total: 1
Closing non transactional SqlSession [org.apache.ibatis.session.defaults.DefaultSqlSession@367c4673]
Creating a new SqlSession
SqlSession [org.apache.ibatis.session.defaults.DefaultSqlSession@193627f] was not registered for synchronization because synchronization is not active
JDBC Connection [HikariProxyConnection@1435038688 wrapping com.mysql.cj.jdbc.ConnectionImpl@45f49252] will not be managed by Spring
==>  Preparing: SELECT id,name,code,sort_order,status,created_at,updated_at FROM t_post_category WHERE id=? AND status=1
==> Parameters: 3(Long)
<==    Columns: id, name, code, sort_order, status, created_at, updated_at
<==        Row: 3, 求助, help, 3, 1, 2026-05-27 18:20:26, 2026-05-27 18:20:26
<==      Total: 1
Closing non transactional SqlSession [org.apache.ibatis.session.defaults.DefaultSqlSession@193627f]
Creating a new SqlSession
SqlSession [org.apache.ibatis.session.defaults.DefaultSqlSession@5df057f5] was not registered for synchronization because synchronization is not active
JDBC Connection [HikariProxyConnection@1206535854 wrapping com.mysql.cj.jdbc.ConnectionImpl@45f49252] will not be managed by Spring
==>  Preparing: SELECT id,username,password,nickname,avatar,bio,email,status,created_at,updated_at FROM t_user WHERE id=? AND status=1
==> Parameters: 5(Long)
<==    Columns: id, username, password, nickname, avatar, bio, email, status, created_at, updated_at
<==        Row: 5, rpg_lover, $2a$10$N.zmdr9k7uOCQb376NoUnuTJ8iAt6Z5EHsM8lE9lBOsl7iKTVKIUi, RPG爱好者, null, RPG永不毕业！, null, 1, 2026-05-27 18:20:26, 2026-05-27 18:20:26
<==      Total: 1
Closing non transactional SqlSession [org.apache.ibatis.session.defaults.DefaultSqlSession@5df057f5]
Creating a new SqlSession
SqlSession [org.apache.ibatis.session.defaults.DefaultSqlSession@3de93d59] was not registered for synchronization because synchronization is not active
JDBC Connection [HikariProxyConnection@742436113 wrapping com.mysql.cj.jdbc.ConnectionImpl@73a9ea26] will not be managed by Spring
==>  Preparing: SELECT COUNT(*) AS total FROM t_game WHERE status = 1 AND (status = ?)
==> Parameters: 1(Integer)
<==    Columns: total
<==        Row: 5
<==      Total: 1
==>  Preparing: SELECT id,name,cover,description,developer,publisher,release_date,platform,tags,rating,rating_count,is_recommend,status,created_at,updated_at FROM t_game WHERE status=1 AND (status = ?) ORDER BY rating DESC LIMIT ?
==> Parameters: 1(Integer), 12(Long)
<==    Columns: id, name, cover, description, developer, publisher, release_date, platform, tags, rating, rating_count, is_recommend, status, created_at, updated_at
<==        Row: 2, 塞尔达传说：王国之泪, https://upload.wikimedia.org/wikipedia/en/f/fb/The_Legend_of_Zelda_Tears_of_the_Kingdom_cover.jpg, <<BLOB>>, 任天堂, 任天堂, 2023-05-12, Switch, 开放世界,冒险,解谜, 9.80, 980, 1, 1, 2026-05-27 18:20:26, 2026-05-27 18:20:26
<==        Row: 3, 博德之门3, https://cdn.cloudflare.steamstatic.com/steam/apps/1086940/library_600x900.jpg, <<BLOB>>, Larian Studios, Larian Studios, 2023-08-03, PC,PS5, RPG,回合制,奇幻, 9.60, 850, 1, 1, 2026-05-27 18:20:26, 2026-05-27 18:20:26
<==        Row: 1, 艾尔登法环, https://cdn.cloudflare.steamstatic.com/steam/apps/1245620/library_600x900.jpg, <<BLOB>>, FromSoftware, Bandai Namco, 2022-02-25, PC,PS5,Xbox, 魂系,开放世界,RPG, 9.50, 1200, 1, 1, 2026-05-27 18:20:26, 2026-05-27 18:20:26
<==        Row: 5, 星露谷物语, https://cdn.cloudflare.steamstatic.com/steam/apps/413150/library_600x900.jpg, <<BLOB>>, ConcernedApe, ConcernedApe, 2016-02-27, PC,Switch,PS5,Xbox, 模拟经营,像素,休闲, 9.30, 760, 1, 1, 2026-05-27 18:20:26, 2026-05-27 18:20:26
<==        Row: 4, 黑神话：悟空, https://cdn.cloudflare.steamstatic.com/steam/apps/2358720/library_600x900.jpg, <<BLOB>>, 游戏科学, 游戏科学, 2024-08-20, PC,PS5, 动作,RPG,神话, 9.20, 2100, 1, 1, 2026-05-27 18:20:26, 2026-05-27 18:20:26
<==      Total: 5
Closing non transactional SqlSession [org.apache.ibatis.session.defaults.DefaultSqlSession@3de93d59]
Creating a new SqlSession
SqlSession [org.apache.ibatis.session.defaults.DefaultSqlSession@77428416] was not registered for synchronization because synchronization is not active
JDBC Connection [HikariProxyConnection@551677245 wrapping com.mysql.cj.jdbc.ConnectionImpl@73a9ea26] will not be managed by Spring
==>  Preparing: SELECT id,name,cover,description,developer,publisher,release_date,platform,tags,rating,rating_count,is_recommend,status,created_at,updated_at FROM t_game WHERE id=? AND status=1
==> Parameters: 2(Long)
<==    Columns: id, name, cover, description, developer, publisher, release_date, platform, tags, rating, rating_count, is_recommend, status, created_at, updated_at
<==        Row: 2, 塞尔达传说：王国之泪, https://upload.wikimedia.org/wikipedia/en/f/fb/The_Legend_of_Zelda_Tears_of_the_Kingdom_cover.jpg, <<BLOB>>, 任天堂, 任天堂, 2023-05-12, Switch, 开放世界,冒险,解谜, 9.80, 980, 1, 1, 2026-05-27 18:20:26, 2026-05-27 18:20:26
<==      Total: 1
Closing non transactional SqlSession [org.apache.ibatis.session.defaults.DefaultSqlSession@77428416]
Creating a new SqlSession
SqlSession [org.apache.ibatis.session.defaults.DefaultSqlSession@217ccb39] was not registered for synchronization because synchronization is not active
JDBC Connection [HikariProxyConnection@1696047169 wrapping com.mysql.cj.jdbc.ConnectionImpl@73a9ea26] will not be managed by Spring
==>  Preparing: SELECT COUNT(*) AS total FROM t_post WHERE status = 1 AND (status = ?)
==> Parameters: 1(Integer)
<==    Columns: total
<==        Row: 8
<==      Total: 1
==>  Preparing: SELECT id,user_id,game_id,category_id,title,content,tags,cover_image,view_count,like_count,reply_count,share_count,heat_score,is_top,is_essence,status,created_at,updated_at FROM t_post WHERE status=1 AND (status = ?) ORDER BY created_at DESC LIMIT ?
==> Parameters: 1(Integer), 5(Long)
<==    Columns: id, user_id, game_id, category_id, title, content, tags, cover_image, view_count, like_count, reply_count, share_count, heat_score, is_top, is_essence, status, created_at, updated_at
<==        Row: 1, 2, 1, 1, 艾尔登法环 DLC 黄金树幽影 全地图攻略, <<BLOB>>, 艾尔登法环,攻略,DLC, null, 2344, 157, 43, 0, 85.6, 0, 0, 1, 2026-05-27 18:20:26, 2026-05-27 18:20:26
<==        Row: 2, 3, 4, 1, 黑神话：悟空 隐藏BOSS全部打法分享, <<BLOB>>, 黑神话,悟空,BOSS攻略, null, 1897, 203, 67, 0, 92.3, 0, 0, 1, 2026-05-27 18:20:26, 2026-05-27 18:20:26
<==        Row: 3, 4, 3, 2, 博德之门3 最强Build推荐, <<BLOB>>, 博德之门3,Build,RPG, null, 1203, 89, 32, 0, 45.2, 0, 0, 1, 2026-05-27 18:20:26, 2026-05-27 18:20:26
<==        Row: 4, 5, 2, 4, 王国之泪 200小时后的感动, <<BLOB>>, 塞尔达,王国之泪,感想, null, 890, 67, 18, 0, 28.7, 0, 0, 1, 2026-05-27 18:20:26, 2026-05-27 18:20:26
<==        Row: 5, 2, 5, 1, 星露谷物语 新手入门指南, <<BLOB>>, 星露谷,新手,指南, null, 561, 45, 12, 0, 15.3, 0, 0, 1, 2026-05-27 18:20:26, 2026-05-27 18:20:26
<==      Total: 5
Closing non transactional SqlSession [org.apache.ibatis.session.defaults.DefaultSqlSession@217ccb39]
Creating a new SqlSession
SqlSession [org.apache.ibatis.session.defaults.DefaultSqlSession@38044199] was not registered for synchronization because synchronization is not active
JDBC Connection [HikariProxyConnection@1615457136 wrapping com.mysql.cj.jdbc.ConnectionImpl@73a9ea26] will not be managed by Spring
==>  Preparing: SELECT id,name,code,sort_order,status,created_at,updated_at FROM t_post_category WHERE id=? AND status=1
==> Parameters: 1(Long)
<==    Columns: id, name, code, sort_order, status, created_at, updated_at
<==        Row: 1, 攻略, guide, 1, 1, 2026-05-27 18:20:26, 2026-05-27 18:20:26
<==      Total: 1
Closing non transactional SqlSession [org.apache.ibatis.session.defaults.DefaultSqlSession@38044199]
Creating a new SqlSession
SqlSession [org.apache.ibatis.session.defaults.DefaultSqlSession@377478f] was not registered for synchronization because synchronization is not active
JDBC Connection [HikariProxyConnection@434493169 wrapping com.mysql.cj.jdbc.ConnectionImpl@73a9ea26] will not be managed by Spring
==>  Preparing: SELECT id,username,password,nickname,avatar,bio,email,status,created_at,updated_at FROM t_user WHERE id=? AND status=1
==> Parameters: 2(Long)
<==    Columns: id, username, password, nickname, avatar, bio, email, status, created_at, updated_at
<==        Row: 2, player1, $2a$10$N.zmdr9k7uOCQb376NoUnuTJ8iAt6Z5EHsM8lE9lBOsl7iKTVKIUi, 玩家一号, null, 热爱游戏的普通玩家, null, 1, 2026-05-27 18:20:26, 2026-05-27 18:20:26
<==      Total: 1
Closing non transactional SqlSession [org.apache.ibatis.session.defaults.DefaultSqlSession@377478f]
Creating a new SqlSession
SqlSession [org.apache.ibatis.session.defaults.DefaultSqlSession@2a6825c] was not registered for synchronization because synchronization is not active
JDBC Connection [HikariProxyConnection@1003808440 wrapping com.mysql.cj.jdbc.ConnectionImpl@73a9ea26] will not be managed by Spring
==>  Preparing: SELECT id,name,code,sort_order,status,created_at,updated_at FROM t_post_category WHERE id=? AND status=1
==> Parameters: 1(Long)
<==    Columns: id, name, code, sort_order, status, created_at, updated_at
<==        Row: 1, 攻略, guide, 1, 1, 2026-05-27 18:20:26, 2026-05-27 18:20:26
<==      Total: 1
Closing non transactional SqlSession [org.apache.ibatis.session.defaults.DefaultSqlSession@2a6825c]
Creating a new SqlSession
SqlSession [org.apache.ibatis.session.defaults.DefaultSqlSession@7ffcce31] was not registered for synchronization because synchronization is not active
JDBC Connection [HikariProxyConnection@1241384944 wrapping com.mysql.cj.jdbc.ConnectionImpl@73a9ea26] will not be managed by Spring
==>  Preparing: SELECT id,username,password,nickname,avatar,bio,email,status,created_at,updated_at FROM t_user WHERE id=? AND status=1
==> Parameters: 3(Long)
<==    Columns: id, username, password, nickname, avatar, bio, email, status, created_at, updated_at
<==        Row: 3, gamer_pro, $2a$10$N.zmdr9k7uOCQb376NoUnuTJ8iAt6Z5EHsM8lE9lBOsl7iKTVKIUi, 高玩达人, null, 全平台制霸！, null, 1, 2026-05-27 18:20:26, 2026-05-27 18:20:26
<==      Total: 1
Closing non transactional SqlSession [org.apache.ibatis.session.defaults.DefaultSqlSession@7ffcce31]
Creating a new SqlSession
SqlSession [org.apache.ibatis.session.defaults.DefaultSqlSession@565a0c09] was not registered for synchronization because synchronization is not active
JDBC Connection [HikariProxyConnection@1338953141 wrapping com.mysql.cj.jdbc.ConnectionImpl@73a9ea26] will not be managed by Spring
==>  Preparing: SELECT id,name,code,sort_order,status,created_at,updated_at FROM t_post_category WHERE id=? AND status=1
==> Parameters: 2(Long)
<==    Columns: id, name, code, sort_order, status, created_at, updated_at
<==        Row: 2, 讨论, discuss, 2, 1, 2026-05-27 18:20:26, 2026-05-27 18:20:26
<==      Total: 1
Closing non transactional SqlSession [org.apache.ibatis.session.defaults.DefaultSqlSession@565a0c09]
Creating a new SqlSession
SqlSession [org.apache.ibatis.session.defaults.DefaultSqlSession@3db494fd] was not registered for synchronization because synchronization is not active
JDBC Connection [HikariProxyConnection@990444806 wrapping com.mysql.cj.jdbc.ConnectionImpl@73a9ea26] will not be managed by Spring
==>  Preparing: SELECT id,username,password,nickname,avatar,bio,email,status,created_at,updated_at FROM t_user WHERE id=? AND status=1
==> Parameters: 4(Long)
<==    Columns: id, username, password, nickname, avatar, bio, email, status, created_at, updated_at
<==        Row: 4, game_girl, $2a$10$N.zmdr9k7uOCQb376NoUnuTJ8iAt6Z5EHsM8lE9lBOsl7iKTVKIUi, 游戏少女, null, 只玩好游戏~, null, 1, 2026-05-27 18:20:26, 2026-05-27 18:20:26
<==      Total: 1
Closing non transactional SqlSession [org.apache.ibatis.session.defaults.DefaultSqlSession@3db494fd]
Creating a new SqlSession
SqlSession [org.apache.ibatis.session.defaults.DefaultSqlSession@4077c184] was not registered for synchronization because synchronization is not active
JDBC Connection [HikariProxyConnection@1501406731 wrapping com.mysql.cj.jdbc.ConnectionImpl@73a9ea26] will not be managed by Spring
==>  Preparing: SELECT id,name,code,sort_order,status,created_at,updated_at FROM t_post_category WHERE id=? AND status=1
==> Parameters: 4(Long)
<==    Columns: id, name, code, sort_order, status, created_at, updated_at
<==        Row: 4, 分享, share, 4, 1, 2026-05-27 18:20:26, 2026-05-27 18:20:26
<==      Total: 1
Closing non transactional SqlSession [org.apache.ibatis.session.defaults.DefaultSqlSession@4077c184]
Creating a new SqlSession
SqlSession [org.apache.ibatis.session.defaults.DefaultSqlSession@36057760] was not registered for synchronization because synchronization is not active
JDBC Connection [HikariProxyConnection@1216412613 wrapping com.mysql.cj.jdbc.ConnectionImpl@73a9ea26] will not be managed by Spring
==>  Preparing: SELECT id,username,password,nickname,avatar,bio,email,status,created_at,updated_at FROM t_user WHERE id=? AND status=1
==> Parameters: 5(Long)
<==    Columns: id, username, password, nickname, avatar, bio, email, status, created_at, updated_at
<==        Row: 5, rpg_lover, $2a$10$N.zmdr9k7uOCQb376NoUnuTJ8iAt6Z5EHsM8lE9lBOsl7iKTVKIUi, RPG爱好者, null, RPG永不毕业！, null, 1, 2026-05-27 18:20:26, 2026-05-27 18:20:26
<==      Total: 1
Closing non transactional SqlSession [org.apache.ibatis.session.defaults.DefaultSqlSession@36057760]
Creating a new SqlSession
SqlSession [org.apache.ibatis.session.defaults.DefaultSqlSession@55b640b8] was not registered for synchronization because synchronization is not active
JDBC Connection [HikariProxyConnection@1217762073 wrapping com.mysql.cj.jdbc.ConnectionImpl@73a9ea26] will not be managed by Spring
==>  Preparing: SELECT id,name,code,sort_order,status,created_at,updated_at FROM t_post_category WHERE id=? AND status=1
==> Parameters: 1(Long)
<==    Columns: id, name, code, sort_order, status, created_at, updated_at
<==        Row: 1, 攻略, guide, 1, 1, 2026-05-27 18:20:26, 2026-05-27 18:20:26
<==      Total: 1
Closing non transactional SqlSession [org.apache.ibatis.session.defaults.DefaultSqlSession@55b640b8]
Creating a new SqlSession
SqlSession [org.apache.ibatis.session.defaults.DefaultSqlSession@31c2268c] was not registered for synchronization because synchronization is not active
JDBC Connection [HikariProxyConnection@1444287372 wrapping com.mysql.cj.jdbc.ConnectionImpl@73a9ea26] will not be managed by Spring
==>  Preparing: SELECT id,username,password,nickname,avatar,bio,email,status,created_at,updated_at FROM t_user WHERE id=? AND status=1
==> Parameters: 2(Long)
<==    Columns: id, username, password, nickname, avatar, bio, email, status, created_at, updated_at
<==        Row: 2, player1, $2a$10$N.zmdr9k7uOCQb376NoUnuTJ8iAt6Z5EHsM8lE9lBOsl7iKTVKIUi, 玩家一号, null, 热爱游戏的普通玩家, null, 1, 2026-05-27 18:20:26, 2026-05-27 18:20:26
<==      Total: 1
Closing non transactional SqlSession [org.apache.ibatis.session.defaults.DefaultSqlSession@31c2268c]
Creating a new SqlSession
SqlSession [org.apache.ibatis.session.defaults.DefaultSqlSession@771787e3] was not registered for synchronization because synchronization is not active
JDBC Connection [HikariProxyConnection@1941865930 wrapping com.mysql.cj.jdbc.ConnectionImpl@45f49252] will not be managed by Spring
==>  Preparing: SELECT COUNT(*) AS total FROM t_post WHERE status = 1 AND (status = ?)
==> Parameters: 1(Integer)
<==    Columns: total
<==        Row: 8
<==      Total: 1
==>  Preparing: SELECT id,user_id,game_id,category_id,title,content,tags,cover_image,view_count,like_count,reply_count,share_count,heat_score,is_top,is_essence,status,created_at,updated_at FROM t_post WHERE status=1 AND (status = ?) ORDER BY created_at DESC LIMIT ?
==> Parameters: 1(Integer), 10(Long)
<==    Columns: id, user_id, game_id, category_id, title, content, tags, cover_image, view_count, like_count, reply_count, share_count, heat_score, is_top, is_essence, status, created_at, updated_at
<==        Row: 1, 2, 1, 1, 艾尔登法环 DLC 黄金树幽影 全地图攻略, <<BLOB>>, 艾尔登法环,攻略,DLC, null, 2344, 157, 43, 0, 85.6, 0, 0, 1, 2026-05-27 18:20:26, 2026-05-27 18:20:26
<==        Row: 2, 3, 4, 1, 黑神话：悟空 隐藏BOSS全部打法分享, <<BLOB>>, 黑神话,悟空,BOSS攻略, null, 1897, 203, 67, 0, 92.3, 0, 0, 1, 2026-05-27 18:20:26, 2026-05-27 18:20:26
<==        Row: 3, 4, 3, 2, 博德之门3 最强Build推荐, <<BLOB>>, 博德之门3,Build,RPG, null, 1203, 89, 32, 0, 45.2, 0, 0, 1, 2026-05-27 18:20:26, 2026-05-27 18:20:26
<==        Row: 4, 5, 2, 4, 王国之泪 200小时后的感动, <<BLOB>>, 塞尔达,王国之泪,感想, null, 890, 67, 18, 0, 28.7, 0, 0, 1, 2026-05-27 18:20:26, 2026-05-27 18:20:26
<==        Row: 5, 2, 5, 1, 星露谷物语 新手入门指南, <<BLOB>>, 星露谷,新手,指南, null, 561, 45, 12, 0, 15.3, 0, 0, 1, 2026-05-27 18:20:26, 2026-05-27 18:20:26
<==        Row: 6, 3, 4, 5, 黑神话DLC预测：下一站天庭？, <<BLOB>>, 黑神话,悟空,DLC,预测, null, 3208, 278, 99, 0, 120.5, 0, 0, 1, 2026-05-27 18:20:26, 2026-05-27 18:20:26
<==        Row: 7, 4, 1, 2, 讨论：FromSoftware下一作会是什么题材, <<BLOB>>, FromSoftware,魂系,新作, null, 670, 34, 15, 0, 18.9, 0, 0, 1, 2026-05-27 18:20:26, 2026-05-27 18:20:26
<==        Row: 8, 5, 3, 3, 求助：博德之门3 影心个人任务卡住了, <<BLOB>>, 博德之门3,求助,Bug, null, 320, 12, 8, 0, 6.5, 0, 0, 1, 2026-05-27 18:20:26, 2026-05-27 18:20:26
<==      Total: 8
Closing non transactional SqlSession [org.apache.ibatis.session.defaults.DefaultSqlSession@771787e3]
Creating a new SqlSession
SqlSession [org.apache.ibatis.session.defaults.DefaultSqlSession@53d10d83] was not registered for synchronization because synchronization is not active
JDBC Connection [HikariProxyConnection@1422283494 wrapping com.mysql.cj.jdbc.ConnectionImpl@45f49252] will not be managed by Spring
==>  Preparing: SELECT id,name,code,sort_order,status,created_at,updated_at FROM t_post_category WHERE id=? AND status=1
==> Parameters: 1(Long)
<==    Columns: id, name, code, sort_order, status, created_at, updated_at
<==        Row: 1, 攻略, guide, 1, 1, 2026-05-27 18:20:26, 2026-05-27 18:20:26
<==      Total: 1
Closing non transactional SqlSession [org.apache.ibatis.session.defaults.DefaultSqlSession@53d10d83]
Creating a new SqlSession
SqlSession [org.apache.ibatis.session.defaults.DefaultSqlSession@43d57eb0] was not registered for synchronization because synchronization is not active
JDBC Connection [HikariProxyConnection@406048348 wrapping com.mysql.cj.jdbc.ConnectionImpl@45f49252] will not be managed by Spring
==>  Preparing: SELECT id,username,password,nickname,avatar,bio,email,status,created_at,updated_at FROM t_user WHERE id=? AND status=1
==> Parameters: 2(Long)
<==    Columns: id, username, password, nickname, avatar, bio, email, status, created_at, updated_at
<==        Row: 2, player1, $2a$10$N.zmdr9k7uOCQb376NoUnuTJ8iAt6Z5EHsM8lE9lBOsl7iKTVKIUi, 玩家一号, null, 热爱游戏的普通玩家, null, 1, 2026-05-27 18:20:26, 2026-05-27 18:20:26
<==      Total: 1
Closing non transactional SqlSession [org.apache.ibatis.session.defaults.DefaultSqlSession@43d57eb0]
Creating a new SqlSession
SqlSession [org.apache.ibatis.session.defaults.DefaultSqlSession@1b1f94f9] was not registered for synchronization because synchronization is not active
JDBC Connection [HikariProxyConnection@1935100372 wrapping com.mysql.cj.jdbc.ConnectionImpl@45f49252] will not be managed by Spring
==>  Preparing: SELECT id,name,code,sort_order,status,created_at,updated_at FROM t_post_category WHERE id=? AND status=1
==> Parameters: 1(Long)
<==    Columns: id, name, code, sort_order, status, created_at, updated_at
<==        Row: 1, 攻略, guide, 1, 1, 2026-05-27 18:20:26, 2026-05-27 18:20:26
<==      Total: 1
Closing non transactional SqlSession [org.apache.ibatis.session.defaults.DefaultSqlSession@1b1f94f9]
Creating a new SqlSession
SqlSession [org.apache.ibatis.session.defaults.DefaultSqlSession@2cbb4aae] was not registered for synchronization because synchronization is not active
JDBC Connection [HikariProxyConnection@1273281436 wrapping com.mysql.cj.jdbc.ConnectionImpl@45f49252] will not be managed by Spring
==>  Preparing: SELECT id,username,password,nickname,avatar,bio,email,status,created_at,updated_at FROM t_user WHERE id=? AND status=1
==> Parameters: 3(Long)
<==    Columns: id, username, password, nickname, avatar, bio, email, status, created_at, updated_at
<==        Row: 3, gamer_pro, $2a$10$N.zmdr9k7uOCQb376NoUnuTJ8iAt6Z5EHsM8lE9lBOsl7iKTVKIUi, 高玩达人, null, 全平台制霸！, null, 1, 2026-05-27 18:20:26, 2026-05-27 18:20:26
<==      Total: 1
Closing non transactional SqlSession [org.apache.ibatis.session.defaults.DefaultSqlSession@2cbb4aae]
Creating a new SqlSession
SqlSession [org.apache.ibatis.session.defaults.DefaultSqlSession@76964c1f] was not registered for synchronization because synchronization is not active
JDBC Connection [HikariProxyConnection@955993 wrapping com.mysql.cj.jdbc.ConnectionImpl@45f49252] will not be managed by Spring
==>  Preparing: SELECT id,name,code,sort_order,status,created_at,updated_at FROM t_post_category WHERE id=? AND status=1
==> Parameters: 2(Long)
<==    Columns: id, name, code, sort_order, status, created_at, updated_at
<==        Row: 2, 讨论, discuss, 2, 1, 2026-05-27 18:20:26, 2026-05-27 18:20:26
<==      Total: 1
Closing non transactional SqlSession [org.apache.ibatis.session.defaults.DefaultSqlSession@76964c1f]
Creating a new SqlSession
SqlSession [org.apache.ibatis.session.defaults.DefaultSqlSession@4e5a7023] was not registered for synchronization because synchronization is not active
JDBC Connection [HikariProxyConnection@174603075 wrapping com.mysql.cj.jdbc.ConnectionImpl@45f49252] will not be managed by Spring
==>  Preparing: SELECT id,username,password,nickname,avatar,bio,email,status,created_at,updated_at FROM t_user WHERE id=? AND status=1
==> Parameters: 4(Long)
<==    Columns: id, username, password, nickname, avatar, bio, email, status, created_at, updated_at
<==        Row: 4, game_girl, $2a$10$N.zmdr9k7uOCQb376NoUnuTJ8iAt6Z5EHsM8lE9lBOsl7iKTVKIUi, 游戏少女, null, 只玩好游戏~, null, 1, 2026-05-27 18:20:26, 2026-05-27 18:20:26
<==      Total: 1
Closing non transactional SqlSession [org.apache.ibatis.session.defaults.DefaultSqlSession@4e5a7023]
Creating a new SqlSession
SqlSession [org.apache.ibatis.session.defaults.DefaultSqlSession@57fd2e4f] was not registered for synchronization because synchronization is not active
JDBC Connection [HikariProxyConnection@1253808123 wrapping com.mysql.cj.jdbc.ConnectionImpl@45f49252] will not be managed by Spring
==>  Preparing: SELECT id,name,code,sort_order,status,created_at,updated_at FROM t_post_category WHERE id=? AND status=1
==> Parameters: 4(Long)
<==    Columns: id, name, code, sort_order, status, created_at, updated_at
<==        Row: 4, 分享, share, 4, 1, 2026-05-27 18:20:26, 2026-05-27 18:20:26
<==      Total: 1
Closing non transactional SqlSession [org.apache.ibatis.session.defaults.DefaultSqlSession@57fd2e4f]
Creating a new SqlSession
SqlSession [org.apache.ibatis.session.defaults.DefaultSqlSession@79da7f7d] was not registered for synchronization because synchronization is not active
JDBC Connection [HikariProxyConnection@1206630751 wrapping com.mysql.cj.jdbc.ConnectionImpl@45f49252] will not be managed by Spring
==>  Preparing: SELECT id,username,password,nickname,avatar,bio,email,status,created_at,updated_at FROM t_user WHERE id=? AND status=1
==> Parameters: 5(Long)
<==    Columns: id, username, password, nickname, avatar, bio, email, status, created_at, updated_at
<==        Row: 5, rpg_lover, $2a$10$N.zmdr9k7uOCQb376NoUnuTJ8iAt6Z5EHsM8lE9lBOsl7iKTVKIUi, RPG爱好者, null, RPG永不毕业！, null, 1, 2026-05-27 18:20:26, 2026-05-27 18:20:26
<==      Total: 1
Closing non transactional SqlSession [org.apache.ibatis.session.defaults.DefaultSqlSession@79da7f7d]
Creating a new SqlSession
SqlSession [org.apache.ibatis.session.defaults.DefaultSqlSession@40d4b39a] was not registered for synchronization because synchronization is not active
JDBC Connection [HikariProxyConnection@1793002858 wrapping com.mysql.cj.jdbc.ConnectionImpl@45f49252] will not be managed by Spring
==>  Preparing: SELECT id,name,code,sort_order,status,created_at,updated_at FROM t_post_category WHERE id=? AND status=1
==> Parameters: 1(Long)
<==    Columns: id, name, code, sort_order, status, created_at, updated_at
<==        Row: 1, 攻略, guide, 1, 1, 2026-05-27 18:20:26, 2026-05-27 18:20:26
<==      Total: 1
Closing non transactional SqlSession [org.apache.ibatis.session.defaults.DefaultSqlSession@40d4b39a]
Creating a new SqlSession
SqlSession [org.apache.ibatis.session.defaults.DefaultSqlSession@6e530d6f] was not registered for synchronization because synchronization is not active
JDBC Connection [HikariProxyConnection@201210716 wrapping com.mysql.cj.jdbc.ConnectionImpl@45f49252] will not be managed by Spring
==>  Preparing: SELECT id,username,password,nickname,avatar,bio,email,status,created_at,updated_at FROM t_user WHERE id=? AND status=1
==> Parameters: 2(Long)
<==    Columns: id, username, password, nickname, avatar, bio, email, status, created_at, updated_at
<==        Row: 2, player1, $2a$10$N.zmdr9k7uOCQb376NoUnuTJ8iAt6Z5EHsM8lE9lBOsl7iKTVKIUi, 玩家一号, null, 热爱游戏的普通玩家, null, 1, 2026-05-27 18:20:26, 2026-05-27 18:20:26
<==      Total: 1
Closing non transactional SqlSession [org.apache.ibatis.session.defaults.DefaultSqlSession@6e530d6f]
Creating a new SqlSession
SqlSession [org.apache.ibatis.session.defaults.DefaultSqlSession@4a6e3d18] was not registered for synchronization because synchronization is not active
JDBC Connection [HikariProxyConnection@1008757071 wrapping com.mysql.cj.jdbc.ConnectionImpl@45f49252] will not be managed by Spring
==>  Preparing: SELECT id,name,code,sort_order,status,created_at,updated_at FROM t_post_category WHERE id=? AND status=1
==> Parameters: 5(Long)
<==    Columns: id, name, code, sort_order, status, created_at, updated_at
<==        Row: 5, 新闻, news, 5, 1, 2026-05-27 18:20:26, 2026-05-27 18:20:26
<==      Total: 1
Closing non transactional SqlSession [org.apache.ibatis.session.defaults.DefaultSqlSession@4a6e3d18]
Creating a new SqlSession
SqlSession [org.apache.ibatis.session.defaults.DefaultSqlSession@19e1baf4] was not registered for synchronization because synchronization is not active
JDBC Connection [HikariProxyConnection@584892973 wrapping com.mysql.cj.jdbc.ConnectionImpl@45f49252] will not be managed by Spring
==>  Preparing: SELECT id,username,password,nickname,avatar,bio,email,status,created_at,updated_at FROM t_user WHERE id=? AND status=1
==> Parameters: 3(Long)
<==    Columns: id, username, password, nickname, avatar, bio, email, status, created_at, updated_at
<==        Row: 3, gamer_pro, $2a$10$N.zmdr9k7uOCQb376NoUnuTJ8iAt6Z5EHsM8lE9lBOsl7iKTVKIUi, 高玩达人, null, 全平台制霸！, null, 1, 2026-05-27 18:20:26, 2026-05-27 18:20:26
<==      Total: 1
Closing non transactional SqlSession [org.apache.ibatis.session.defaults.DefaultSqlSession@19e1baf4]
Creating a new SqlSession
SqlSession [org.apache.ibatis.session.defaults.DefaultSqlSession@2f4fbb24] was not registered for synchronization because synchronization is not active
JDBC Connection [HikariProxyConnection@997032483 wrapping com.mysql.cj.jdbc.ConnectionImpl@45f49252] will not be managed by Spring
==>  Preparing: SELECT id,name,code,sort_order,status,created_at,updated_at FROM t_post_category WHERE id=? AND status=1
==> Parameters: 2(Long)
<==    Columns: id, name, code, sort_order, status, created_at, updated_at
<==        Row: 2, 讨论, discuss, 2, 1, 2026-05-27 18:20:26, 2026-05-27 18:20:26
<==      Total: 1
Closing non transactional SqlSession [org.apache.ibatis.session.defaults.DefaultSqlSession@2f4fbb24]
Creating a new SqlSession
SqlSession [org.apache.ibatis.session.defaults.DefaultSqlSession@2fd460f0] was not registered for synchronization because synchronization is not active
JDBC Connection [HikariProxyConnection@2106620085 wrapping com.mysql.cj.jdbc.ConnectionImpl@45f49252] will not be managed by Spring
==>  Preparing: SELECT id,username,password,nickname,avatar,bio,email,status,created_at,updated_at FROM t_user WHERE id=? AND status=1
==> Parameters: 4(Long)
<==    Columns: id, username, password, nickname, avatar, bio, email, status, created_at, updated_at
<==        Row: 4, game_girl, $2a$10$N.zmdr9k7uOCQb376NoUnuTJ8iAt6Z5EHsM8lE9lBOsl7iKTVKIUi, 游戏少女, null, 只玩好游戏~, null, 1, 2026-05-27 18:20:26, 2026-05-27 18:20:26
<==      Total: 1
Closing non transactional SqlSession [org.apache.ibatis.session.defaults.DefaultSqlSession@2fd460f0]
Creating a new SqlSession
SqlSession [org.apache.ibatis.session.defaults.DefaultSqlSession@72914c8a] was not registered for synchronization because synchronization is not active
JDBC Connection [HikariProxyConnection@2119070152 wrapping com.mysql.cj.jdbc.ConnectionImpl@45f49252] will not be managed by Spring
==>  Preparing: SELECT id,name,code,sort_order,status,created_at,updated_at FROM t_post_category WHERE id=? AND status=1
==> Parameters: 3(Long)
<==    Columns: id, name, code, sort_order, status, created_at, updated_at
<==        Row: 3, 求助, help, 3, 1, 2026-05-27 18:20:26, 2026-05-27 18:20:26
<==      Total: 1
Closing non transactional SqlSession [org.apache.ibatis.session.defaults.DefaultSqlSession@72914c8a]
Creating a new SqlSession
SqlSession [org.apache.ibatis.session.defaults.DefaultSqlSession@76253ca7] was not registered for synchronization because synchronization is not active
JDBC Connection [HikariProxyConnection@237554677 wrapping com.mysql.cj.jdbc.ConnectionImpl@45f49252] will not be managed by Spring
==>  Preparing: SELECT id,username,password,nickname,avatar,bio,email,status,created_at,updated_at FROM t_user WHERE id=? AND status=1
==> Parameters: 5(Long)
<==    Columns: id, username, password, nickname, avatar, bio, email, status, created_at, updated_at
<==        Row: 5, rpg_lover, $2a$10$N.zmdr9k7uOCQb376NoUnuTJ8iAt6Z5EHsM8lE9lBOsl7iKTVKIUi, RPG爱好者, null, RPG永不毕业！, null, 1, 2026-05-27 18:20:26, 2026-05-27 18:20:26
<==      Total: 1
Closing non transactional SqlSession [org.apache.ibatis.session.defaults.DefaultSqlSession@76253ca7]
Creating a new SqlSession
SqlSession [org.apache.ibatis.session.defaults.DefaultSqlSession@2a4247e1] was not registered for synchronization because synchronization is not active
JDBC Connection [HikariProxyConnection@1157068432 wrapping com.mysql.cj.jdbc.ConnectionImpl@73a9ea26] will not be managed by Spring
==>  Preparing: SELECT id,user_id,game_id,category_id,title,content,tags,cover_image,view_count,like_count,reply_count,share_count,heat_score,is_top,is_essence,status,created_at,updated_at FROM t_post WHERE id=? AND status=1
==> Parameters: 1(Long)
<==    Columns: id, user_id, game_id, category_id, title, content, tags, cover_image, view_count, like_count, reply_count, share_count, heat_score, is_top, is_essence, status, created_at, updated_at
<==        Row: 1, 2, 1, 1, 艾尔登法环 DLC 黄金树幽影 全地图攻略, <<BLOB>>, 艾尔登法环,攻略,DLC, null, 2344, 157, 43, 0, 85.6, 0, 0, 1, 2026-05-27 18:20:26, 2026-05-27 18:20:26
<==      Total: 1
Closing non transactional SqlSession [org.apache.ibatis.session.defaults.DefaultSqlSession@2a4247e1]
Creating a new SqlSession
SqlSession [org.apache.ibatis.session.defaults.DefaultSqlSession@437b1c3c] was not registered for synchronization because synchronization is not active
JDBC Connection [HikariProxyConnection@2076063485 wrapping com.mysql.cj.jdbc.ConnectionImpl@73a9ea26] will not be managed by Spring
==>  Preparing: UPDATE t_post SET user_id=?, game_id=?, category_id=?, title=?, content=?, tags=?, view_count=?, like_count=?, reply_count=?, share_count=?, heat_score=?, is_top=?, is_essence=?, created_at=?, updated_at=? WHERE id=? AND status=1
==> Parameters: 2(Long), 1(Long), 1(Long), 艾尔登法环 DLC 黄金树幽影 全地图攻略(String), 经过100小时的探索，终于整理了这份完整攻略...(String), 艾尔登法环,攻略,DLC(String), 2345(Integer), 157(Integer), 43(Integer), 0(Integer), 85.6(Double), 0(Integer), 0(Integer), 2026-05-27T18:20:26(LocalDateTime), 2026-05-27T18:20:26(LocalDateTime), 1(Long)
<==    Updates: 1
Closing non transactional SqlSession [org.apache.ibatis.session.defaults.DefaultSqlSession@437b1c3c]
Creating a new SqlSession
SqlSession [org.apache.ibatis.session.defaults.DefaultSqlSession@6fad2489] was not registered for synchronization because synchronization is not active
JDBC Connection [HikariProxyConnection@1949065148 wrapping com.mysql.cj.jdbc.ConnectionImpl@73a9ea26] will not be managed by Spring
==>  Preparing: SELECT id,name,code,sort_order,status,created_at,updated_at FROM t_post_category WHERE id=? AND status=1
==> Parameters: 1(Long)
<==    Columns: id, name, code, sort_order, status, created_at, updated_at
<==        Row: 1, 攻略, guide, 1, 1, 2026-05-27 18:20:26, 2026-05-27 18:20:26
<==      Total: 1
Closing non transactional SqlSession [org.apache.ibatis.session.defaults.DefaultSqlSession@6fad2489]
Creating a new SqlSession
SqlSession [org.apache.ibatis.session.defaults.DefaultSqlSession@6e5a10cf] was not registered for synchronization because synchronization is not active
JDBC Connection [HikariProxyConnection@1750460641 wrapping com.mysql.cj.jdbc.ConnectionImpl@73a9ea26] will not be managed by Spring
==>  Preparing: SELECT id,username,password,nickname,avatar,bio,email,status,created_at,updated_at FROM t_user WHERE id=? AND status=1
==> Parameters: 2(Long)
<==    Columns: id, username, password, nickname, avatar, bio, email, status, created_at, updated_at
<==        Row: 2, player1, $2a$10$N.zmdr9k7uOCQb376NoUnuTJ8iAt6Z5EHsM8lE9lBOsl7iKTVKIUi, 玩家一号, null, 热爱游戏的普通玩家, null, 1, 2026-05-27 18:20:26, 2026-05-27 18:20:26
<==      Total: 1
Closing non transactional SqlSession [org.apache.ibatis.session.defaults.DefaultSqlSession@6e5a10cf]
Creating a new SqlSession
SqlSession [org.apache.ibatis.session.defaults.DefaultSqlSession@7c0fcd76] was not registered for synchronization because synchronization is not active
JDBC Connection [HikariProxyConnection@1122854480 wrapping com.mysql.cj.jdbc.ConnectionImpl@73a9ea26] will not be managed by Spring
==>  Preparing: SELECT COUNT( * ) AS total FROM t_like WHERE (user_id = ? AND target_type = ? AND target_id = ?)
==> Parameters: 1(Long), 1(Integer), 1(Long)
<==    Columns: total
<==        Row: 1
<==      Total: 1
Closing non transactional SqlSession [org.apache.ibatis.session.defaults.DefaultSqlSession@7c0fcd76]
Creating a new SqlSession
SqlSession [org.apache.ibatis.session.defaults.DefaultSqlSession@9b50761] was not registered for synchronization because synchronization is not active
JDBC Connection [HikariProxyConnection@657206271 wrapping com.mysql.cj.jdbc.ConnectionImpl@45f49252] will not be managed by Spring
==>  Preparing: SELECT COUNT(*) AS total FROM t_reply WHERE status = 1 AND (post_id = ? AND status = ?)
==> Parameters: 1(Long), 1(Integer)
<==    Columns: total
<==        Row: 2
<==      Total: 1
==>  Preparing: SELECT id,post_id,user_id,parent_id,reply_to_user_id,content,like_count,status,created_at,updated_at FROM t_reply WHERE status=1 AND (post_id = ? AND status = ?) ORDER BY created_at ASC LIMIT ?
==> Parameters: 1(Long), 1(Integer), 20(Long)
<==    Columns: id, post_id, user_id, parent_id, reply_to_user_id, content, like_count, status, created_at, updated_at
<==        Row: 1, 1, 3, null, null, <<BLOB>>, 12, 1, 2026-05-27 18:20:26, 2026-05-27 18:20:26
<==        Row: 2, 1, 4, null, null, <<BLOB>>, 8, 1, 2026-05-27 18:20:26, 2026-05-27 18:20:26
<==      Total: 2
Closing non transactional SqlSession [org.apache.ibatis.session.defaults.DefaultSqlSession@9b50761]
Creating a new SqlSession
SqlSession [org.apache.ibatis.session.defaults.DefaultSqlSession@11b893cf] was not registered for synchronization because synchronization is not active
JDBC Connection [HikariProxyConnection@1468867028 wrapping com.mysql.cj.jdbc.ConnectionImpl@45f49252] will not be managed by Spring
==>  Preparing: SELECT id,username,password,nickname,avatar,bio,email,status,created_at,updated_at FROM t_user WHERE id=? AND status=1
==> Parameters: 3(Long)
<==    Columns: id, username, password, nickname, avatar, bio, email, status, created_at, updated_at
<==        Row: 3, gamer_pro, $2a$10$N.zmdr9k7uOCQb376NoUnuTJ8iAt6Z5EHsM8lE9lBOsl7iKTVKIUi, 高玩达人, null, 全平台制霸！, null, 1, 2026-05-27 18:20:26, 2026-05-27 18:20:26
<==      Total: 1
Closing non transactional SqlSession [org.apache.ibatis.session.defaults.DefaultSqlSession@11b893cf]
Creating a new SqlSession
SqlSession [org.apache.ibatis.session.defaults.DefaultSqlSession@25caea34] was not registered for synchronization because synchronization is not active
JDBC Connection [HikariProxyConnection@1891181481 wrapping com.mysql.cj.jdbc.ConnectionImpl@45f49252] will not be managed by Spring
==>  Preparing: SELECT id,username,password,nickname,avatar,bio,email,status,created_at,updated_at FROM t_user WHERE id=? AND status=1
==> Parameters: 4(Long)
<==    Columns: id, username, password, nickname, avatar, bio, email, status, created_at, updated_at
<==        Row: 4, game_girl, $2a$10$N.zmdr9k7uOCQb376NoUnuTJ8iAt6Z5EHsM8lE9lBOsl7iKTVKIUi, 游戏少女, null, 只玩好游戏~, null, 1, 2026-05-27 18:20:26, 2026-05-27 18:20:26
<==      Total: 1
Closing non transactional SqlSession [org.apache.ibatis.session.defaults.DefaultSqlSession@25caea34]
Creating a new SqlSession
SqlSession [org.apache.ibatis.session.defaults.DefaultSqlSession@556ea30a] was not registered for synchronization because synchronization is not active
JDBC Connection [HikariProxyConnection@1224199280 wrapping com.mysql.cj.jdbc.ConnectionImpl@73a9ea26] will not be managed by Spring
==>  Preparing: SELECT COUNT(*) AS total FROM t_post WHERE status = 1 AND (status = ?)
==> Parameters: 1(Integer)
<==    Columns: total
<==        Row: 8
<==      Total: 1
==>  Preparing: SELECT id,user_id,game_id,category_id,title,content,tags,cover_image,view_count,like_count,reply_count,share_count,heat_score,is_top,is_essence,status,created_at,updated_at FROM t_post WHERE status=1 AND (status = ?) ORDER BY created_at DESC LIMIT ?
==> Parameters: 1(Integer), 10(Long)
<==    Columns: id, user_id, game_id, category_id, title, content, tags, cover_image, view_count, like_count, reply_count, share_count, heat_score, is_top, is_essence, status, created_at, updated_at
<==        Row: 1, 2, 1, 1, 艾尔登法环 DLC 黄金树幽影 全地图攻略, <<BLOB>>, 艾尔登法环,攻略,DLC, null, 2345, 157, 43, 0, 85.6, 0, 0, 1, 2026-05-27 18:20:26, 2026-05-27 18:20:26
<==        Row: 2, 3, 4, 1, 黑神话：悟空 隐藏BOSS全部打法分享, <<BLOB>>, 黑神话,悟空,BOSS攻略, null, 1897, 203, 67, 0, 92.3, 0, 0, 1, 2026-05-27 18:20:26, 2026-05-27 18:20:26
<==        Row: 3, 4, 3, 2, 博德之门3 最强Build推荐, <<BLOB>>, 博德之门3,Build,RPG, null, 1203, 89, 32, 0, 45.2, 0, 0, 1, 2026-05-27 18:20:26, 2026-05-27 18:20:26
<==        Row: 4, 5, 2, 4, 王国之泪 200小时后的感动, <<BLOB>>, 塞尔达,王国之泪,感想, null, 890, 67, 18, 0, 28.7, 0, 0, 1, 2026-05-27 18:20:26, 2026-05-27 18:20:26
<==        Row: 5, 2, 5, 1, 星露谷物语 新手入门指南, <<BLOB>>, 星露谷,新手,指南, null, 561, 45, 12, 0, 15.3, 0, 0, 1, 2026-05-27 18:20:26, 2026-05-27 18:20:26
<==        Row: 6, 3, 4, 5, 黑神话DLC预测：下一站天庭？, <<BLOB>>, 黑神话,悟空,DLC,预测, null, 3208, 278, 99, 0, 120.5, 0, 0, 1, 2026-05-27 18:20:26, 2026-05-27 18:20:26
<==        Row: 7, 4, 1, 2, 讨论：FromSoftware下一作会是什么题材, <<BLOB>>, FromSoftware,魂系,新作, null, 670, 34, 15, 0, 18.9, 0, 0, 1, 2026-05-27 18:20:26, 2026-05-27 18:20:26
<==        Row: 8, 5, 3, 3, 求助：博德之门3 影心个人任务卡住了, <<BLOB>>, 博德之门3,求助,Bug, null, 320, 12, 8, 0, 6.5, 0, 0, 1, 2026-05-27 18:20:26, 2026-05-27 18:20:26
<==      Total: 8
Closing non transactional SqlSession [org.apache.ibatis.session.defaults.DefaultSqlSession@556ea30a]
Creating a new SqlSession
SqlSession [org.apache.ibatis.session.defaults.DefaultSqlSession@5fd3b31b] was not registered for synchronization because synchronization is not active
JDBC Connection [HikariProxyConnection@699494621 wrapping com.mysql.cj.jdbc.ConnectionImpl@73a9ea26] will not be managed by Spring
==>  Preparing: SELECT id,name,code,sort_order,status,created_at,updated_at FROM t_post_category WHERE id=? AND status=1
==> Parameters: 1(Long)
<==    Columns: id, name, code, sort_order, status, created_at, updated_at
<==        Row: 1, 攻略, guide, 1, 1, 2026-05-27 18:20:26, 2026-05-27 18:20:26
<==      Total: 1
Closing non transactional SqlSession [org.apache.ibatis.session.defaults.DefaultSqlSession@5fd3b31b]
Creating a new SqlSession
SqlSession [org.apache.ibatis.session.defaults.DefaultSqlSession@708b4c7b] was not registered for synchronization because synchronization is not active
JDBC Connection [HikariProxyConnection@847405594 wrapping com.mysql.cj.jdbc.ConnectionImpl@73a9ea26] will not be managed by Spring
==>  Preparing: SELECT id,username,password,nickname,avatar,bio,email,status,created_at,updated_at FROM t_user WHERE id=? AND status=1
==> Parameters: 2(Long)
<==    Columns: id, username, password, nickname, avatar, bio, email, status, created_at, updated_at
<==        Row: 2, player1, $2a$10$N.zmdr9k7uOCQb376NoUnuTJ8iAt6Z5EHsM8lE9lBOsl7iKTVKIUi, 玩家一号, null, 热爱游戏的普通玩家, null, 1, 2026-05-27 18:20:26, 2026-05-27 18:20:26
<==      Total: 1
Closing non transactional SqlSession [org.apache.ibatis.session.defaults.DefaultSqlSession@708b4c7b]
Creating a new SqlSession
SqlSession [org.apache.ibatis.session.defaults.DefaultSqlSession@37c01533] was not registered for synchronization because synchronization is not active
JDBC Connection [HikariProxyConnection@486702884 wrapping com.mysql.cj.jdbc.ConnectionImpl@73a9ea26] will not be managed by Spring
==>  Preparing: SELECT id,name,code,sort_order,status,created_at,updated_at FROM t_post_category WHERE id=? AND status=1
==> Parameters: 1(Long)
<==    Columns: id, name, code, sort_order, status, created_at, updated_at
<==        Row: 1, 攻略, guide, 1, 1, 2026-05-27 18:20:26, 2026-05-27 18:20:26
<==      Total: 1
Closing non transactional SqlSession [org.apache.ibatis.session.defaults.DefaultSqlSession@37c01533]
Creating a new SqlSession
SqlSession [org.apache.ibatis.session.defaults.DefaultSqlSession@12d0a706] was not registered for synchronization because synchronization is not active
JDBC Connection [HikariProxyConnection@621695458 wrapping com.mysql.cj.jdbc.ConnectionImpl@73a9ea26] will not be managed by Spring
==>  Preparing: SELECT id,username,password,nickname,avatar,bio,email,status,created_at,updated_at FROM t_user WHERE id=? AND status=1
==> Parameters: 3(Long)
<==    Columns: id, username, password, nickname, avatar, bio, email, status, created_at, updated_at
<==        Row: 3, gamer_pro, $2a$10$N.zmdr9k7uOCQb376NoUnuTJ8iAt6Z5EHsM8lE9lBOsl7iKTVKIUi, 高玩达人, null, 全平台制霸！, null, 1, 2026-05-27 18:20:26, 2026-05-27 18:20:26
<==      Total: 1
Closing non transactional SqlSession [org.apache.ibatis.session.defaults.DefaultSqlSession@12d0a706]
Creating a new SqlSession
SqlSession [org.apache.ibatis.session.defaults.DefaultSqlSession@1d9d1857] was not registered for synchronization because synchronization is not active
JDBC Connection [HikariProxyConnection@174224501 wrapping com.mysql.cj.jdbc.ConnectionImpl@73a9ea26] will not be managed by Spring
==>  Preparing: SELECT id,name,code,sort_order,status,created_at,updated_at FROM t_post_category WHERE id=? AND status=1
==> Parameters: 2(Long)
<==    Columns: id, name, code, sort_order, status, created_at, updated_at
<==        Row: 2, 讨论, discuss, 2, 1, 2026-05-27 18:20:26, 2026-05-27 18:20:26
<==      Total: 1
Closing non transactional SqlSession [org.apache.ibatis.session.defaults.DefaultSqlSession@1d9d1857]
Creating a new SqlSession
SqlSession [org.apache.ibatis.session.defaults.DefaultSqlSession@29327d25] was not registered for synchronization because synchronization is not active
JDBC Connection [HikariProxyConnection@1545115636 wrapping com.mysql.cj.jdbc.ConnectionImpl@73a9ea26] will not be managed by Spring
==>  Preparing: SELECT id,username,password,nickname,avatar,bio,email,status,created_at,updated_at FROM t_user WHERE id=? AND status=1
==> Parameters: 4(Long)
<==    Columns: id, username, password, nickname, avatar, bio, email, status, created_at, updated_at
<==        Row: 4, game_girl, $2a$10$N.zmdr9k7uOCQb376NoUnuTJ8iAt6Z5EHsM8lE9lBOsl7iKTVKIUi, 游戏少女, null, 只玩好游戏~, null, 1, 2026-05-27 18:20:26, 2026-05-27 18:20:26
<==      Total: 1
Closing non transactional SqlSession [org.apache.ibatis.session.defaults.DefaultSqlSession@29327d25]
Creating a new SqlSession
SqlSession [org.apache.ibatis.session.defaults.DefaultSqlSession@3da07499] was not registered for synchronization because synchronization is not active
JDBC Connection [HikariProxyConnection@121765213 wrapping com.mysql.cj.jdbc.ConnectionImpl@73a9ea26] will not be managed by Spring
==>  Preparing: SELECT id,name,code,sort_order,status,created_at,updated_at FROM t_post_category WHERE id=? AND status=1
==> Parameters: 4(Long)
<==    Columns: id, name, code, sort_order, status, created_at, updated_at
<==        Row: 4, 分享, share, 4, 1, 2026-05-27 18:20:26, 2026-05-27 18:20:26
<==      Total: 1
Closing non transactional SqlSession [org.apache.ibatis.session.defaults.DefaultSqlSession@3da07499]
Creating a new SqlSession
SqlSession [org.apache.ibatis.session.defaults.DefaultSqlSession@5e71c136] was not registered for synchronization because synchronization is not active
JDBC Connection [HikariProxyConnection@1615557341 wrapping com.mysql.cj.jdbc.ConnectionImpl@73a9ea26] will not be managed by Spring
==>  Preparing: SELECT id,username,password,nickname,avatar,bio,email,status,created_at,updated_at FROM t_user WHERE id=? AND status=1
==> Parameters: 5(Long)
<==    Columns: id, username, password, nickname, avatar, bio, email, status, created_at, updated_at
<==        Row: 5, rpg_lover, $2a$10$N.zmdr9k7uOCQb376NoUnuTJ8iAt6Z5EHsM8lE9lBOsl7iKTVKIUi, RPG爱好者, null, RPG永不毕业！, null, 1, 2026-05-27 18:20:26, 2026-05-27 18:20:26
<==      Total: 1
Closing non transactional SqlSession [org.apache.ibatis.session.defaults.DefaultSqlSession@5e71c136]
Creating a new SqlSession
SqlSession [org.apache.ibatis.session.defaults.DefaultSqlSession@491852a] was not registered for synchronization because synchronization is not active
JDBC Connection [HikariProxyConnection@1413061887 wrapping com.mysql.cj.jdbc.ConnectionImpl@73a9ea26] will not be managed by Spring
==>  Preparing: SELECT id,name,code,sort_order,status,created_at,updated_at FROM t_post_category WHERE id=? AND status=1
==> Parameters: 1(Long)
<==    Columns: id, name, code, sort_order, status, created_at, updated_at
<==        Row: 1, 攻略, guide, 1, 1, 2026-05-27 18:20:26, 2026-05-27 18:20:26
<==      Total: 1
Closing non transactional SqlSession [org.apache.ibatis.session.defaults.DefaultSqlSession@491852a]
Creating a new SqlSession
SqlSession [org.apache.ibatis.session.defaults.DefaultSqlSession@411d1078] was not registered for synchronization because synchronization is not active
JDBC Connection [HikariProxyConnection@1236104612 wrapping com.mysql.cj.jdbc.ConnectionImpl@73a9ea26] will not be managed by Spring
==>  Preparing: SELECT id,username,password,nickname,avatar,bio,email,status,created_at,updated_at FROM t_user WHERE id=? AND status=1
==> Parameters: 2(Long)
<==    Columns: id, username, password, nickname, avatar, bio, email, status, created_at, updated_at
<==        Row: 2, player1, $2a$10$N.zmdr9k7uOCQb376NoUnuTJ8iAt6Z5EHsM8lE9lBOsl7iKTVKIUi, 玩家一号, null, 热爱游戏的普通玩家, null, 1, 2026-05-27 18:20:26, 2026-05-27 18:20:26
<==      Total: 1
Closing non transactional SqlSession [org.apache.ibatis.session.defaults.DefaultSqlSession@411d1078]
Creating a new SqlSession
SqlSession [org.apache.ibatis.session.defaults.DefaultSqlSession@402ca321] was not registered for synchronization because synchronization is not active
JDBC Connection [HikariProxyConnection@1763435916 wrapping com.mysql.cj.jdbc.ConnectionImpl@73a9ea26] will not be managed by Spring
==>  Preparing: SELECT id,name,code,sort_order,status,created_at,updated_at FROM t_post_category WHERE id=? AND status=1
==> Parameters: 5(Long)
<==    Columns: id, name, code, sort_order, status, created_at, updated_at
<==        Row: 5, 新闻, news, 5, 1, 2026-05-27 18:20:26, 2026-05-27 18:20:26
<==      Total: 1
Closing non transactional SqlSession [org.apache.ibatis.session.defaults.DefaultSqlSession@402ca321]
Creating a new SqlSession
SqlSession [org.apache.ibatis.session.defaults.DefaultSqlSession@446df9a5] was not registered for synchronization because synchronization is not active
JDBC Connection [HikariProxyConnection@1635610530 wrapping com.mysql.cj.jdbc.ConnectionImpl@73a9ea26] will not be managed by Spring
==>  Preparing: SELECT id,username,password,nickname,avatar,bio,email,status,created_at,updated_at FROM t_user WHERE id=? AND status=1
==> Parameters: 3(Long)
<==    Columns: id, username, password, nickname, avatar, bio, email, status, created_at, updated_at
<==        Row: 3, gamer_pro, $2a$10$N.zmdr9k7uOCQb376NoUnuTJ8iAt6Z5EHsM8lE9lBOsl7iKTVKIUi, 高玩达人, null, 全平台制霸！, null, 1, 2026-05-27 18:20:26, 2026-05-27 18:20:26
<==      Total: 1
Closing non transactional SqlSession [org.apache.ibatis.session.defaults.DefaultSqlSession@446df9a5]
Creating a new SqlSession
SqlSession [org.apache.ibatis.session.defaults.DefaultSqlSession@5129d568] was not registered for synchronization because synchronization is not active
JDBC Connection [HikariProxyConnection@2057481785 wrapping com.mysql.cj.jdbc.ConnectionImpl@73a9ea26] will not be managed by Spring
==>  Preparing: SELECT id,name,code,sort_order,status,created_at,updated_at FROM t_post_category WHERE id=? AND status=1
==> Parameters: 2(Long)
<==    Columns: id, name, code, sort_order, status, created_at, updated_at
<==        Row: 2, 讨论, discuss, 2, 1, 2026-05-27 18:20:26, 2026-05-27 18:20:26
<==      Total: 1
Closing non transactional SqlSession [org.apache.ibatis.session.defaults.DefaultSqlSession@5129d568]
Creating a new SqlSession
SqlSession [org.apache.ibatis.session.defaults.DefaultSqlSession@4169c1c0] was not registered for synchronization because synchronization is not active
JDBC Connection [HikariProxyConnection@1593105936 wrapping com.mysql.cj.jdbc.ConnectionImpl@73a9ea26] will not be managed by Spring
==>  Preparing: SELECT id,username,password,nickname,avatar,bio,email,status,created_at,updated_at FROM t_user WHERE id=? AND status=1
==> Parameters: 4(Long)
<==    Columns: id, username, password, nickname, avatar, bio, email, status, created_at, updated_at
<==        Row: 4, game_girl, $2a$10$N.zmdr9k7uOCQb376NoUnuTJ8iAt6Z5EHsM8lE9lBOsl7iKTVKIUi, 游戏少女, null, 只玩好游戏~, null, 1, 2026-05-27 18:20:26, 2026-05-27 18:20:26
<==      Total: 1
Closing non transactional SqlSession [org.apache.ibatis.session.defaults.DefaultSqlSession@4169c1c0]
Creating a new SqlSession
SqlSession [org.apache.ibatis.session.defaults.DefaultSqlSession@723e556] was not registered for synchronization because synchronization is not active
JDBC Connection [HikariProxyConnection@139154355 wrapping com.mysql.cj.jdbc.ConnectionImpl@73a9ea26] will not be managed by Spring
==>  Preparing: SELECT id,name,code,sort_order,status,created_at,updated_at FROM t_post_category WHERE id=? AND status=1
==> Parameters: 3(Long)
<==    Columns: id, name, code, sort_order, status, created_at, updated_at
<==        Row: 3, 求助, help, 3, 1, 2026-05-27 18:20:26, 2026-05-27 18:20:26
<==      Total: 1
Closing non transactional SqlSession [org.apache.ibatis.session.defaults.DefaultSqlSession@723e556]
Creating a new SqlSession
SqlSession [org.apache.ibatis.session.defaults.DefaultSqlSession@289b29b] was not registered for synchronization because synchronization is not active
JDBC Connection [HikariProxyConnection@437841609 wrapping com.mysql.cj.jdbc.ConnectionImpl@73a9ea26] will not be managed by Spring
==>  Preparing: SELECT id,username,password,nickname,avatar,bio,email,status,created_at,updated_at FROM t_user WHERE id=? AND status=1
==> Parameters: 5(Long)
<==    Columns: id, username, password, nickname, avatar, bio, email, status, created_at, updated_at
<==        Row: 5, rpg_lover, $2a$10$N.zmdr9k7uOCQb376NoUnuTJ8iAt6Z5EHsM8lE9lBOsl7iKTVKIUi, RPG爱好者, null, RPG永不毕业！, null, 1, 2026-05-27 18:20:26, 2026-05-27 18:20:26
<==      Total: 1
Closing non transactional SqlSession [org.apache.ibatis.session.defaults.DefaultSqlSession@289b29b]
Creating a new SqlSession
SqlSession [org.apache.ibatis.session.defaults.DefaultSqlSession@6b3f4d2c] was not registered for synchronization because synchronization is not active
JDBC Connection [HikariProxyConnection@1772106611 wrapping com.mysql.cj.jdbc.ConnectionImpl@45f49252] will not be managed by Spring
==>  Preparing: SELECT COUNT( * ) AS total FROM t_notification WHERE (user_id = ? AND is_read = ?)
==> Parameters: 1(Long), 0(Integer)
<==    Columns: total
<==        Row: 0
<==      Total: 1
Closing non transactional SqlSession [org.apache.ibatis.session.defaults.DefaultSqlSession@6b3f4d2c]
Creating a new SqlSession
SqlSession [org.apache.ibatis.session.defaults.DefaultSqlSession@62cb57fb] was not registered for synchronization because synchronization is not active
JDBC Connection [HikariProxyConnection@34074740 wrapping com.mysql.cj.jdbc.ConnectionImpl@45f49252] will not be managed by Spring
==>  Preparing: SELECT id,user_id,game_id,category_id,title,content,tags,cover_image,view_count,like_count,reply_count,share_count,heat_score,is_top,is_essence,status,created_at,updated_at FROM t_post WHERE id=? AND status=1
==> Parameters: 1(Long)
<==    Columns: id, user_id, game_id, category_id, title, content, tags, cover_image, view_count, like_count, reply_count, share_count, heat_score, is_top, is_essence, status, created_at, updated_at
<==        Row: 1, 2, 1, 1, 艾尔登法环 DLC 黄金树幽影 全地图攻略, <<BLOB>>, 艾尔登法环,攻略,DLC, null, 2345, 157, 43, 0, 85.6, 0, 0, 1, 2026-05-27 18:20:26, 2026-05-27 18:20:26
<==      Total: 1
Closing non transactional SqlSession [org.apache.ibatis.session.defaults.DefaultSqlSession@62cb57fb]
Creating a new SqlSession
SqlSession [org.apache.ibatis.session.defaults.DefaultSqlSession@3f380654] was not registered for synchronization because synchronization is not active
JDBC Connection [HikariProxyConnection@133491399 wrapping com.mysql.cj.jdbc.ConnectionImpl@45f49252] will not be managed by Spring
==>  Preparing: UPDATE t_post SET user_id=?, game_id=?, category_id=?, title=?, content=?, tags=?, view_count=?, like_count=?, reply_count=?, share_count=?, heat_score=?, is_top=?, is_essence=?, created_at=?, updated_at=? WHERE id=? AND status=1
==> Parameters: 2(Long), 1(Long), 1(Long), 艾尔登法环 DLC 黄金树幽影 全地图攻略(String), 经过100小时的探索，终于整理了这份完整攻略...(String), 艾尔登法环,攻略,DLC(String), 2346(Integer), 157(Integer), 43(Integer), 0(Integer), 85.6(Double), 0(Integer), 0(Integer), 2026-05-27T18:20:26(LocalDateTime), 2026-05-27T18:20:26(LocalDateTime), 1(Long)
<==    Updates: 1
Closing non transactional SqlSession [org.apache.ibatis.session.defaults.DefaultSqlSession@3f380654]
Creating a new SqlSession
SqlSession [org.apache.ibatis.session.defaults.DefaultSqlSession@1242c27] was not registered for synchronization because synchronization is not active
JDBC Connection [HikariProxyConnection@2104259281 wrapping com.mysql.cj.jdbc.ConnectionImpl@45f49252] will not be managed by Spring
==>  Preparing: SELECT id,name,code,sort_order,status,created_at,updated_at FROM t_post_category WHERE id=? AND status=1
==> Parameters: 1(Long)
<==    Columns: id, name, code, sort_order, status, created_at, updated_at
<==        Row: 1, 攻略, guide, 1, 1, 2026-05-27 18:20:26, 2026-05-27 18:20:26
<==      Total: 1
Closing non transactional SqlSession [org.apache.ibatis.session.defaults.DefaultSqlSession@1242c27]
Creating a new SqlSession
SqlSession [org.apache.ibatis.session.defaults.DefaultSqlSession@3231f0c3] was not registered for synchronization because synchronization is not active
JDBC Connection [HikariProxyConnection@307541942 wrapping com.mysql.cj.jdbc.ConnectionImpl@45f49252] will not be managed by Spring
==>  Preparing: SELECT id,username,password,nickname,avatar,bio,email,status,created_at,updated_at FROM t_user WHERE id=? AND status=1
==> Parameters: 2(Long)
<==    Columns: id, username, password, nickname, avatar, bio, email, status, created_at, updated_at
<==        Row: 2, player1, $2a$10$N.zmdr9k7uOCQb376NoUnuTJ8iAt6Z5EHsM8lE9lBOsl7iKTVKIUi, 玩家一号, null, 热爱游戏的普通玩家, null, 1, 2026-05-27 18:20:26, 2026-05-27 18:20:26
<==      Total: 1
Closing non transactional SqlSession [org.apache.ibatis.session.defaults.DefaultSqlSession@3231f0c3]
Creating a new SqlSession
SqlSession [org.apache.ibatis.session.defaults.DefaultSqlSession@4ca2a4da] was not registered for synchronization because synchronization is not active
JDBC Connection [HikariProxyConnection@1898504805 wrapping com.mysql.cj.jdbc.ConnectionImpl@45f49252] will not be managed by Spring
==>  Preparing: SELECT COUNT( * ) AS total FROM t_like WHERE (user_id = ? AND target_type = ? AND target_id = ?)
==> Parameters: 1(Long), 1(Integer), 1(Long)
<==    Columns: total
<==        Row: 1
<==      Total: 1
Closing non transactional SqlSession [org.apache.ibatis.session.defaults.DefaultSqlSession@4ca2a4da]
Creating a new SqlSession
SqlSession [org.apache.ibatis.session.defaults.DefaultSqlSession@67795383] was not registered for synchronization because synchronization is not active
JDBC Connection [HikariProxyConnection@954855270 wrapping com.mysql.cj.jdbc.ConnectionImpl@45f49252] will not be managed by Spring
==>  Preparing: SELECT COUNT(*) AS total FROM t_reply WHERE status = 1 AND (post_id = ? AND status = ?)
==> Parameters: 1(Long), 1(Integer)
<==    Columns: total
<==        Row: 2
<==      Total: 1
==>  Preparing: SELECT id,post_id,user_id,parent_id,reply_to_user_id,content,like_count,status,created_at,updated_at FROM t_reply WHERE status=1 AND (post_id = ? AND status = ?) ORDER BY created_at ASC LIMIT ?
==> Parameters: 1(Long), 1(Integer), 20(Long)
<==    Columns: id, post_id, user_id, parent_id, reply_to_user_id, content, like_count, status, created_at, updated_at
<==        Row: 1, 1, 3, null, null, <<BLOB>>, 12, 1, 2026-05-27 18:20:26, 2026-05-27 18:20:26
<==        Row: 2, 1, 4, null, null, <<BLOB>>, 8, 1, 2026-05-27 18:20:26, 2026-05-27 18:20:26
<==      Total: 2
Closing non transactional SqlSession [org.apache.ibatis.session.defaults.DefaultSqlSession@67795383]
Creating a new SqlSession
SqlSession [org.apache.ibatis.session.defaults.DefaultSqlSession@7c07066e] was not registered for synchronization because synchronization is not active
JDBC Connection [HikariProxyConnection@1497274210 wrapping com.mysql.cj.jdbc.ConnectionImpl@45f49252] will not be managed by Spring
==>  Preparing: SELECT id,username,password,nickname,avatar,bio,email,status,created_at,updated_at FROM t_user WHERE id=? AND status=1
==> Parameters: 3(Long)
<==    Columns: id, username, password, nickname, avatar, bio, email, status, created_at, updated_at
<==        Row: 3, gamer_pro, $2a$10$N.zmdr9k7uOCQb376NoUnuTJ8iAt6Z5EHsM8lE9lBOsl7iKTVKIUi, 高玩达人, null, 全平台制霸！, null, 1, 2026-05-27 18:20:26, 2026-05-27 18:20:26
<==      Total: 1
Closing non transactional SqlSession [org.apache.ibatis.session.defaults.DefaultSqlSession@7c07066e]
Creating a new SqlSession
SqlSession [org.apache.ibatis.session.defaults.DefaultSqlSession@5a4d7241] was not registered for synchronization because synchronization is not active
JDBC Connection [HikariProxyConnection@515717904 wrapping com.mysql.cj.jdbc.ConnectionImpl@45f49252] will not be managed by Spring
==>  Preparing: SELECT id,username,password,nickname,avatar,bio,email,status,created_at,updated_at FROM t_user WHERE id=? AND status=1
==> Parameters: 4(Long)
<==    Columns: id, username, password, nickname, avatar, bio, email, status, created_at, updated_at
<==        Row: 4, game_girl, $2a$10$N.zmdr9k7uOCQb376NoUnuTJ8iAt6Z5EHsM8lE9lBOsl7iKTVKIUi, 游戏少女, null, 只玩好游戏~, null, 1, 2026-05-27 18:20:26, 2026-05-27 18:20:26
<==      Total: 1
Closing non transactional SqlSession [org.apache.ibatis.session.defaults.DefaultSqlSession@5a4d7241]
Creating a new SqlSession
SqlSession [org.apache.ibatis.session.defaults.DefaultSqlSession@5e5676c0] was not registered for synchronization because synchronization is not active
JDBC Connection [HikariProxyConnection@1029122856 wrapping com.mysql.cj.jdbc.ConnectionImpl@73a9ea26] will not be managed by Spring
==>  Preparing: SELECT COUNT(*) AS total FROM t_post WHERE status = 1 AND (status = ?)
==> Parameters: 1(Integer)
<==    Columns: total
<==        Row: 8
<==      Total: 1
==>  Preparing: SELECT id,user_id,game_id,category_id,title,content,tags,cover_image,view_count,like_count,reply_count,share_count,heat_score,is_top,is_essence,status,created_at,updated_at FROM t_post WHERE status=1 AND (status = ?) ORDER BY created_at DESC LIMIT ?
==> Parameters: 1(Integer), 10(Long)
<==    Columns: id, user_id, game_id, category_id, title, content, tags, cover_image, view_count, like_count, reply_count, share_count, heat_score, is_top, is_essence, status, created_at, updated_at
<==        Row: 1, 2, 1, 1, 艾尔登法环 DLC 黄金树幽影 全地图攻略, <<BLOB>>, 艾尔登法环,攻略,DLC, null, 2346, 157, 43, 0, 85.6, 0, 0, 1, 2026-05-27 18:20:26, 2026-05-27 18:20:26
<==        Row: 2, 3, 4, 1, 黑神话：悟空 隐藏BOSS全部打法分享, <<BLOB>>, 黑神话,悟空,BOSS攻略, null, 1897, 203, 67, 0, 92.3, 0, 0, 1, 2026-05-27 18:20:26, 2026-05-27 18:20:26
<==        Row: 3, 4, 3, 2, 博德之门3 最强Build推荐, <<BLOB>>, 博德之门3,Build,RPG, null, 1203, 89, 32, 0, 45.2, 0, 0, 1, 2026-05-27 18:20:26, 2026-05-27 18:20:26
<==        Row: 4, 5, 2, 4, 王国之泪 200小时后的感动, <<BLOB>>, 塞尔达,王国之泪,感想, null, 890, 67, 18, 0, 28.7, 0, 0, 1, 2026-05-27 18:20:26, 2026-05-27 18:20:26
<==        Row: 5, 2, 5, 1, 星露谷物语 新手入门指南, <<BLOB>>, 星露谷,新手,指南, null, 561, 45, 12, 0, 15.3, 0, 0, 1, 2026-05-27 18:20:26, 2026-05-27 18:20:26
<==        Row: 6, 3, 4, 5, 黑神话DLC预测：下一站天庭？, <<BLOB>>, 黑神话,悟空,DLC,预测, null, 3208, 278, 99, 0, 120.5, 0, 0, 1, 2026-05-27 18:20:26, 2026-05-27 18:20:26
<==        Row: 7, 4, 1, 2, 讨论：FromSoftware下一作会是什么题材, <<BLOB>>, FromSoftware,魂系,新作, null, 670, 34, 15, 0, 18.9, 0, 0, 1, 2026-05-27 18:20:26, 2026-05-27 18:20:26
<==        Row: 8, 5, 3, 3, 求助：博德之门3 影心个人任务卡住了, <<BLOB>>, 博德之门3,求助,Bug, null, 320, 12, 8, 0, 6.5, 0, 0, 1, 2026-05-27 18:20:26, 2026-05-27 18:20:26
<==      Total: 8
Closing non transactional SqlSession [org.apache.ibatis.session.defaults.DefaultSqlSession@5e5676c0]
Creating a new SqlSession
SqlSession [org.apache.ibatis.session.defaults.DefaultSqlSession@1255c6f3] was not registered for synchronization because synchronization is not active
JDBC Connection [HikariProxyConnection@383758842 wrapping com.mysql.cj.jdbc.ConnectionImpl@73a9ea26] will not be managed by Spring
==>  Preparing: SELECT id,name,code,sort_order,status,created_at,updated_at FROM t_post_category WHERE id=? AND status=1
==> Parameters: 1(Long)
<==    Columns: id, name, code, sort_order, status, created_at, updated_at
<==        Row: 1, 攻略, guide, 1, 1, 2026-05-27 18:20:26, 2026-05-27 18:20:26
<==      Total: 1
Closing non transactional SqlSession [org.apache.ibatis.session.defaults.DefaultSqlSession@1255c6f3]
Creating a new SqlSession
SqlSession [org.apache.ibatis.session.defaults.DefaultSqlSession@3cad355d] was not registered for synchronization because synchronization is not active
JDBC Connection [HikariProxyConnection@15933029 wrapping com.mysql.cj.jdbc.ConnectionImpl@73a9ea26] will not be managed by Spring
==>  Preparing: SELECT id,username,password,nickname,avatar,bio,email,status,created_at,updated_at FROM t_user WHERE id=? AND status=1
==> Parameters: 2(Long)
<==    Columns: id, username, password, nickname, avatar, bio, email, status, created_at, updated_at
<==        Row: 2, player1, $2a$10$N.zmdr9k7uOCQb376NoUnuTJ8iAt6Z5EHsM8lE9lBOsl7iKTVKIUi, 玩家一号, null, 热爱游戏的普通玩家, null, 1, 2026-05-27 18:20:26, 2026-05-27 18:20:26
<==      Total: 1
Closing non transactional SqlSession [org.apache.ibatis.session.defaults.DefaultSqlSession@3cad355d]
Creating a new SqlSession
SqlSession [org.apache.ibatis.session.defaults.DefaultSqlSession@47ae978c] was not registered for synchronization because synchronization is not active
JDBC Connection [HikariProxyConnection@310138361 wrapping com.mysql.cj.jdbc.ConnectionImpl@73a9ea26] will not be managed by Spring
==>  Preparing: SELECT id,name,code,sort_order,status,created_at,updated_at FROM t_post_category WHERE id=? AND status=1
==> Parameters: 1(Long)
<==    Columns: id, name, code, sort_order, status, created_at, updated_at
<==        Row: 1, 攻略, guide, 1, 1, 2026-05-27 18:20:26, 2026-05-27 18:20:26
<==      Total: 1
Closing non transactional SqlSession [org.apache.ibatis.session.defaults.DefaultSqlSession@47ae978c]
Creating a new SqlSession
SqlSession [org.apache.ibatis.session.defaults.DefaultSqlSession@20f9e876] was not registered for synchronization because synchronization is not active
JDBC Connection [HikariProxyConnection@324536594 wrapping com.mysql.cj.jdbc.ConnectionImpl@73a9ea26] will not be managed by Spring
==>  Preparing: SELECT id,username,password,nickname,avatar,bio,email,status,created_at,updated_at FROM t_user WHERE id=? AND status=1
==> Parameters: 3(Long)
<==    Columns: id, username, password, nickname, avatar, bio, email, status, created_at, updated_at
<==        Row: 3, gamer_pro, $2a$10$N.zmdr9k7uOCQb376NoUnuTJ8iAt6Z5EHsM8lE9lBOsl7iKTVKIUi, 高玩达人, null, 全平台制霸！, null, 1, 2026-05-27 18:20:26, 2026-05-27 18:20:26
<==      Total: 1
Closing non transactional SqlSession [org.apache.ibatis.session.defaults.DefaultSqlSession@20f9e876]
Creating a new SqlSession
SqlSession [org.apache.ibatis.session.defaults.DefaultSqlSession@4a397bde] was not registered for synchronization because synchronization is not active
JDBC Connection [HikariProxyConnection@627871927 wrapping com.mysql.cj.jdbc.ConnectionImpl@73a9ea26] will not be managed by Spring
==>  Preparing: SELECT id,name,code,sort_order,status,created_at,updated_at FROM t_post_category WHERE id=? AND status=1
==> Parameters: 2(Long)
<==    Columns: id, name, code, sort_order, status, created_at, updated_at
<==        Row: 2, 讨论, discuss, 2, 1, 2026-05-27 18:20:26, 2026-05-27 18:20:26
<==      Total: 1
Closing non transactional SqlSession [org.apache.ibatis.session.defaults.DefaultSqlSession@4a397bde]
Creating a new SqlSession
SqlSession [org.apache.ibatis.session.defaults.DefaultSqlSession@4f457df4] was not registered for synchronization because synchronization is not active
JDBC Connection [HikariProxyConnection@1310922825 wrapping com.mysql.cj.jdbc.ConnectionImpl@73a9ea26] will not be managed by Spring
==>  Preparing: SELECT id,username,password,nickname,avatar,bio,email,status,created_at,updated_at FROM t_user WHERE id=? AND status=1
==> Parameters: 4(Long)
<==    Columns: id, username, password, nickname, avatar, bio, email, status, created_at, updated_at
<==        Row: 4, game_girl, $2a$10$N.zmdr9k7uOCQb376NoUnuTJ8iAt6Z5EHsM8lE9lBOsl7iKTVKIUi, 游戏少女, null, 只玩好游戏~, null, 1, 2026-05-27 18:20:26, 2026-05-27 18:20:26
<==      Total: 1
Closing non transactional SqlSession [org.apache.ibatis.session.defaults.DefaultSqlSession@4f457df4]
Creating a new SqlSession
SqlSession [org.apache.ibatis.session.defaults.DefaultSqlSession@1c607e7] was not registered for synchronization because synchronization is not active
JDBC Connection [HikariProxyConnection@1695047926 wrapping com.mysql.cj.jdbc.ConnectionImpl@73a9ea26] will not be managed by Spring
==>  Preparing: SELECT id,name,code,sort_order,status,created_at,updated_at FROM t_post_category WHERE id=? AND status=1
==> Parameters: 4(Long)
<==    Columns: id, name, code, sort_order, status, created_at, updated_at
<==        Row: 4, 分享, share, 4, 1, 2026-05-27 18:20:26, 2026-05-27 18:20:26
<==      Total: 1
Closing non transactional SqlSession [org.apache.ibatis.session.defaults.DefaultSqlSession@1c607e7]
Creating a new SqlSession
SqlSession [org.apache.ibatis.session.defaults.DefaultSqlSession@6265906b] was not registered for synchronization because synchronization is not active
JDBC Connection [HikariProxyConnection@1395481343 wrapping com.mysql.cj.jdbc.ConnectionImpl@73a9ea26] will not be managed by Spring
==>  Preparing: SELECT id,username,password,nickname,avatar,bio,email,status,created_at,updated_at FROM t_user WHERE id=? AND status=1
==> Parameters: 5(Long)
<==    Columns: id, username, password, nickname, avatar, bio, email, status, created_at, updated_at
<==        Row: 5, rpg_lover, $2a$10$N.zmdr9k7uOCQb376NoUnuTJ8iAt6Z5EHsM8lE9lBOsl7iKTVKIUi, RPG爱好者, null, RPG永不毕业！, null, 1, 2026-05-27 18:20:26, 2026-05-27 18:20:26
<==      Total: 1
Closing non transactional SqlSession [org.apache.ibatis.session.defaults.DefaultSqlSession@6265906b]
Creating a new SqlSession
SqlSession [org.apache.ibatis.session.defaults.DefaultSqlSession@381c79ff] was not registered for synchronization because synchronization is not active
JDBC Connection [HikariProxyConnection@1991524447 wrapping com.mysql.cj.jdbc.ConnectionImpl@73a9ea26] will not be managed by Spring
==>  Preparing: SELECT id,name,code,sort_order,status,created_at,updated_at FROM t_post_category WHERE id=? AND status=1
==> Parameters: 1(Long)
<==    Columns: id, name, code, sort_order, status, created_at, updated_at
<==        Row: 1, 攻略, guide, 1, 1, 2026-05-27 18:20:26, 2026-05-27 18:20:26
<==      Total: 1
Closing non transactional SqlSession [org.apache.ibatis.session.defaults.DefaultSqlSession@381c79ff]
Creating a new SqlSession
SqlSession [org.apache.ibatis.session.defaults.DefaultSqlSession@1edf09e9] was not registered for synchronization because synchronization is not active
JDBC Connection [HikariProxyConnection@1163352140 wrapping com.mysql.cj.jdbc.ConnectionImpl@73a9ea26] will not be managed by Spring
==>  Preparing: SELECT id,username,password,nickname,avatar,bio,email,status,created_at,updated_at FROM t_user WHERE id=? AND status=1
==> Parameters: 2(Long)
<==    Columns: id, username, password, nickname, avatar, bio, email, status, created_at, updated_at
<==        Row: 2, player1, $2a$10$N.zmdr9k7uOCQb376NoUnuTJ8iAt6Z5EHsM8lE9lBOsl7iKTVKIUi, 玩家一号, null, 热爱游戏的普通玩家, null, 1, 2026-05-27 18:20:26, 2026-05-27 18:20:26
<==      Total: 1
Closing non transactional SqlSession [org.apache.ibatis.session.defaults.DefaultSqlSession@1edf09e9]
Creating a new SqlSession
SqlSession [org.apache.ibatis.session.defaults.DefaultSqlSession@66833b45] was not registered for synchronization because synchronization is not active
JDBC Connection [HikariProxyConnection@16119357 wrapping com.mysql.cj.jdbc.ConnectionImpl@73a9ea26] will not be managed by Spring
==>  Preparing: SELECT id,name,code,sort_order,status,created_at,updated_at FROM t_post_category WHERE id=? AND status=1
==> Parameters: 5(Long)
<==    Columns: id, name, code, sort_order, status, created_at, updated_at
<==        Row: 5, 新闻, news, 5, 1, 2026-05-27 18:20:26, 2026-05-27 18:20:26
<==      Total: 1
Closing non transactional SqlSession [org.apache.ibatis.session.defaults.DefaultSqlSession@66833b45]
Creating a new SqlSession
SqlSession [org.apache.ibatis.session.defaults.DefaultSqlSession@446157f3] was not registered for synchronization because synchronization is not active
JDBC Connection [HikariProxyConnection@1002902825 wrapping com.mysql.cj.jdbc.ConnectionImpl@73a9ea26] will not be managed by Spring
==>  Preparing: SELECT id,username,password,nickname,avatar,bio,email,status,created_at,updated_at FROM t_user WHERE id=? AND status=1
==> Parameters: 3(Long)
<==    Columns: id, username, password, nickname, avatar, bio, email, status, created_at, updated_at
<==        Row: 3, gamer_pro, $2a$10$N.zmdr9k7uOCQb376NoUnuTJ8iAt6Z5EHsM8lE9lBOsl7iKTVKIUi, 高玩达人, null, 全平台制霸！, null, 1, 2026-05-27 18:20:26, 2026-05-27 18:20:26
<==      Total: 1
Closing non transactional SqlSession [org.apache.ibatis.session.defaults.DefaultSqlSession@446157f3]
Creating a new SqlSession
SqlSession [org.apache.ibatis.session.defaults.DefaultSqlSession@116cfc43] was not registered for synchronization because synchronization is not active
JDBC Connection [HikariProxyConnection@1610411858 wrapping com.mysql.cj.jdbc.ConnectionImpl@73a9ea26] will not be managed by Spring
==>  Preparing: SELECT id,name,code,sort_order,status,created_at,updated_at FROM t_post_category WHERE id=? AND status=1
==> Parameters: 2(Long)
<==    Columns: id, name, code, sort_order, status, created_at, updated_at
<==        Row: 2, 讨论, discuss, 2, 1, 2026-05-27 18:20:26, 2026-05-27 18:20:26
<==      Total: 1
Closing non transactional SqlSession [org.apache.ibatis.session.defaults.DefaultSqlSession@116cfc43]
Creating a new SqlSession
SqlSession [org.apache.ibatis.session.defaults.DefaultSqlSession@2a88ebe1] was not registered for synchronization because synchronization is not active
JDBC Connection [HikariProxyConnection@1550881815 wrapping com.mysql.cj.jdbc.ConnectionImpl@73a9ea26] will not be managed by Spring
==>  Preparing: SELECT id,username,password,nickname,avatar,bio,email,status,created_at,updated_at FROM t_user WHERE id=? AND status=1
==> Parameters: 4(Long)
<==    Columns: id, username, password, nickname, avatar, bio, email, status, created_at, updated_at
<==        Row: 4, game_girl, $2a$10$N.zmdr9k7uOCQb376NoUnuTJ8iAt6Z5EHsM8lE9lBOsl7iKTVKIUi, 游戏少女, null, 只玩好游戏~, null, 1, 2026-05-27 18:20:26, 2026-05-27 18:20:26
<==      Total: 1
Closing non transactional SqlSession [org.apache.ibatis.session.defaults.DefaultSqlSession@2a88ebe1]
Creating a new SqlSession
SqlSession [org.apache.ibatis.session.defaults.DefaultSqlSession@36b3cafb] was not registered for synchronization because synchronization is not active
JDBC Connection [HikariProxyConnection@1535768623 wrapping com.mysql.cj.jdbc.ConnectionImpl@73a9ea26] will not be managed by Spring
==>  Preparing: SELECT id,name,code,sort_order,status,created_at,updated_at FROM t_post_category WHERE id=? AND status=1
==> Parameters: 3(Long)
<==    Columns: id, name, code, sort_order, status, created_at, updated_at
<==        Row: 3, 求助, help, 3, 1, 2026-05-27 18:20:26, 2026-05-27 18:20:26
<==      Total: 1
Closing non transactional SqlSession [org.apache.ibatis.session.defaults.DefaultSqlSession@36b3cafb]
Creating a new SqlSession
SqlSession [org.apache.ibatis.session.defaults.DefaultSqlSession@14ed2267] was not registered for synchronization because synchronization is not active
JDBC Connection [HikariProxyConnection@1017234963 wrapping com.mysql.cj.jdbc.ConnectionImpl@73a9ea26] will not be managed by Spring
==>  Preparing: SELECT id,username,password,nickname,avatar,bio,email,status,created_at,updated_at FROM t_user WHERE id=? AND status=1
==> Parameters: 5(Long)
<==    Columns: id, username, password, nickname, avatar, bio, email, status, created_at, updated_at
<==        Row: 5, rpg_lover, $2a$10$N.zmdr9k7uOCQb376NoUnuTJ8iAt6Z5EHsM8lE9lBOsl7iKTVKIUi, RPG爱好者, null, RPG永不毕业！, null, 1, 2026-05-27 18:20:26, 2026-05-27 18:20:26
<==      Total: 1
Closing non transactional SqlSession [org.apache.ibatis.session.defaults.DefaultSqlSession@14ed2267]
Creating a new SqlSession
SqlSession [org.apache.ibatis.session.defaults.DefaultSqlSession@15e49ab1] was not registered for synchronization because synchronization is not active
JDBC Connection [HikariProxyConnection@892483783 wrapping com.mysql.cj.jdbc.ConnectionImpl@73a9ea26] will not be managed by Spring
==>  Preparing: SELECT id,user_id,game_id,category_id,title,content,tags,cover_image,view_count,like_count,reply_count,share_count,heat_score,is_top,is_essence,status,created_at,updated_at FROM t_post WHERE id=? AND status=1
==> Parameters: 1(Long)
<==    Columns: id, user_id, game_id, category_id, title, content, tags, cover_image, view_count, like_count, reply_count, share_count, heat_score, is_top, is_essence, status, created_at, updated_at
<==        Row: 1, 2, 1, 1, 艾尔登法环 DLC 黄金树幽影 全地图攻略, <<BLOB>>, 艾尔登法环,攻略,DLC, null, 2346, 157, 43, 0, 85.6, 0, 0, 1, 2026-05-27 18:20:26, 2026-05-27 18:20:26
<==      Total: 1
Closing non transactional SqlSession [org.apache.ibatis.session.defaults.DefaultSqlSession@15e49ab1]
Creating a new SqlSession
SqlSession [org.apache.ibatis.session.defaults.DefaultSqlSession@1b9175d6] was not registered for synchronization because synchronization is not active
JDBC Connection [HikariProxyConnection@705778951 wrapping com.mysql.cj.jdbc.ConnectionImpl@73a9ea26] will not be managed by Spring
==>  Preparing: UPDATE t_post SET user_id=?, game_id=?, category_id=?, title=?, content=?, tags=?, view_count=?, like_count=?, reply_count=?, share_count=?, heat_score=?, is_top=?, is_essence=?, created_at=?, updated_at=? WHERE id=? AND status=1
==> Parameters: 2(Long), 1(Long), 1(Long), 艾尔登法环 DLC 黄金树幽影 全地图攻略(String), 经过100小时的探索，终于整理了这份完整攻略...(String), 艾尔登法环,攻略,DLC(String), 2347(Integer), 157(Integer), 43(Integer), 0(Integer), 85.6(Double), 0(Integer), 0(Integer), 2026-05-27T18:20:26(LocalDateTime), 2026-05-27T18:20:26(LocalDateTime), 1(Long)
<==    Updates: 1
Closing non transactional SqlSession [org.apache.ibatis.session.defaults.DefaultSqlSession@1b9175d6]
Creating a new SqlSession
SqlSession [org.apache.ibatis.session.defaults.DefaultSqlSession@2b8660e3] was not registered for synchronization because synchronization is not active
JDBC Connection [HikariProxyConnection@992583552 wrapping com.mysql.cj.jdbc.ConnectionImpl@73a9ea26] will not be managed by Spring
==>  Preparing: SELECT id,name,code,sort_order,status,created_at,updated_at FROM t_post_category WHERE id=? AND status=1
==> Parameters: 1(Long)
<==    Columns: id, name, code, sort_order, status, created_at, updated_at
<==        Row: 1, 攻略, guide, 1, 1, 2026-05-27 18:20:26, 2026-05-27 18:20:26
<==      Total: 1
Closing non transactional SqlSession [org.apache.ibatis.session.defaults.DefaultSqlSession@2b8660e3]
Creating a new SqlSession
SqlSession [org.apache.ibatis.session.defaults.DefaultSqlSession@18568edf] was not registered for synchronization because synchronization is not active
JDBC Connection [HikariProxyConnection@13595726 wrapping com.mysql.cj.jdbc.ConnectionImpl@73a9ea26] will not be managed by Spring
==>  Preparing: SELECT id,username,password,nickname,avatar,bio,email,status,created_at,updated_at FROM t_user WHERE id=? AND status=1
==> Parameters: 2(Long)
<==    Columns: id, username, password, nickname, avatar, bio, email, status, created_at, updated_at
<==        Row: 2, player1, $2a$10$N.zmdr9k7uOCQb376NoUnuTJ8iAt6Z5EHsM8lE9lBOsl7iKTVKIUi, 玩家一号, null, 热爱游戏的普通玩家, null, 1, 2026-05-27 18:20:26, 2026-05-27 18:20:26
<==      Total: 1
Closing non transactional SqlSession [org.apache.ibatis.session.defaults.DefaultSqlSession@18568edf]
Creating a new SqlSession
SqlSession [org.apache.ibatis.session.defaults.DefaultSqlSession@6ea0501e] was not registered for synchronization because synchronization is not active
JDBC Connection [HikariProxyConnection@1110186851 wrapping com.mysql.cj.jdbc.ConnectionImpl@73a9ea26] will not be managed by Spring
==>  Preparing: SELECT COUNT( * ) AS total FROM t_like WHERE (user_id = ? AND target_type = ? AND target_id = ?)
==> Parameters: 1(Long), 1(Integer), 1(Long)
<==    Columns: total
<==        Row: 1
<==      Total: 1
Closing non transactional SqlSession [org.apache.ibatis.session.defaults.DefaultSqlSession@6ea0501e]
Creating a new SqlSession
SqlSession [org.apache.ibatis.session.defaults.DefaultSqlSession@2c74de0a] was not registered for synchronization because synchronization is not active
JDBC Connection [HikariProxyConnection@1936396071 wrapping com.mysql.cj.jdbc.ConnectionImpl@45f49252] will not be managed by Spring
==>  Preparing: SELECT COUNT(*) AS total FROM t_reply WHERE status = 1 AND (post_id = ? AND status = ?)
==> Parameters: 1(Long), 1(Integer)
<==    Columns: total
<==        Row: 2
<==      Total: 1
==>  Preparing: SELECT id,post_id,user_id,parent_id,reply_to_user_id,content,like_count,status,created_at,updated_at FROM t_reply WHERE status=1 AND (post_id = ? AND status = ?) ORDER BY created_at ASC LIMIT ?
==> Parameters: 1(Long), 1(Integer), 20(Long)
<==    Columns: id, post_id, user_id, parent_id, reply_to_user_id, content, like_count, status, created_at, updated_at
<==        Row: 1, 1, 3, null, null, <<BLOB>>, 12, 1, 2026-05-27 18:20:26, 2026-05-27 18:20:26
<==        Row: 2, 1, 4, null, null, <<BLOB>>, 8, 1, 2026-05-27 18:20:26, 2026-05-27 18:20:26
<==      Total: 2
Closing non transactional SqlSession [org.apache.ibatis.session.defaults.DefaultSqlSession@2c74de0a]
Creating a new SqlSession
SqlSession [org.apache.ibatis.session.defaults.DefaultSqlSession@1bcb52a0] was not registered for synchronization because synchronization is not active
JDBC Connection [HikariProxyConnection@821195977 wrapping com.mysql.cj.jdbc.ConnectionImpl@45f49252] will not be managed by Spring
==>  Preparing: SELECT id,username,password,nickname,avatar,bio,email,status,created_at,updated_at FROM t_user WHERE id=? AND status=1
==> Parameters: 3(Long)
<==    Columns: id, username, password, nickname, avatar, bio, email, status, created_at, updated_at
<==        Row: 3, gamer_pro, $2a$10$N.zmdr9k7uOCQb376NoUnuTJ8iAt6Z5EHsM8lE9lBOsl7iKTVKIUi, 高玩达人, null, 全平台制霸！, null, 1, 2026-05-27 18:20:26, 2026-05-27 18:20:26
<==      Total: 1
Closing non transactional SqlSession [org.apache.ibatis.session.defaults.DefaultSqlSession@1bcb52a0]
Creating a new SqlSession
SqlSession [org.apache.ibatis.session.defaults.DefaultSqlSession@103dc7ba] was not registered for synchronization because synchronization is not active
JDBC Connection [HikariProxyConnection@1361238351 wrapping com.mysql.cj.jdbc.ConnectionImpl@45f49252] will not be managed by Spring
==>  Preparing: SELECT id,username,password,nickname,avatar,bio,email,status,created_at,updated_at FROM t_user WHERE id=? AND status=1
==> Parameters: 4(Long)
<==    Columns: id, username, password, nickname, avatar, bio, email, status, created_at, updated_at
<==        Row: 4, game_girl, $2a$10$N.zmdr9k7uOCQb376NoUnuTJ8iAt6Z5EHsM8lE9lBOsl7iKTVKIUi, 游戏少女, null, 只玩好游戏~, null, 1, 2026-05-27 18:20:26, 2026-05-27 18:20:26
<==      Total: 1
Closing non transactional SqlSession [org.apache.ibatis.session.defaults.DefaultSqlSession@103dc7ba]
Creating a new SqlSession
Registering transaction synchronization for SqlSession [org.apache.ibatis.session.defaults.DefaultSqlSession@ffdcc0d]
JDBC Connection [HikariProxyConnection@235449096 wrapping com.mysql.cj.jdbc.ConnectionImpl@73a9ea26] will be managed by Spring
==>  Preparing: DELETE FROM t_like WHERE (user_id = ? AND target_type = ? AND target_id = ?)
==> Parameters: 1(Long), 1(Integer), 1(Long)
<==    Updates: 1
Releasing transactional SqlSession [org.apache.ibatis.session.defaults.DefaultSqlSession@ffdcc0d]
Fetched SqlSession [org.apache.ibatis.session.defaults.DefaultSqlSession@ffdcc0d] from current transaction
==>  Preparing: SELECT id,user_id,game_id,category_id,title,content,tags,cover_image,view_count,like_count,reply_count,share_count,heat_score,is_top,is_essence,status,created_at,updated_at FROM t_post WHERE id=? AND status=1
==> Parameters: 1(Long)
<==    Columns: id, user_id, game_id, category_id, title, content, tags, cover_image, view_count, like_count, reply_count, share_count, heat_score, is_top, is_essence, status, created_at, updated_at
<==        Row: 1, 2, 1, 1, 艾尔登法环 DLC 黄金树幽影 全地图攻略, <<BLOB>>, 艾尔登法环,攻略,DLC, null, 2347, 157, 43, 0, 85.6, 0, 0, 1, 2026-05-27 18:20:26, 2026-05-27 18:20:26
<==      Total: 1
Releasing transactional SqlSession [org.apache.ibatis.session.defaults.DefaultSqlSession@ffdcc0d]
Fetched SqlSession [org.apache.ibatis.session.defaults.DefaultSqlSession@ffdcc0d] from current transaction
==>  Preparing: UPDATE t_post SET user_id=?, game_id=?, category_id=?, title=?, content=?, tags=?, view_count=?, like_count=?, reply_count=?, share_count=?, heat_score=?, is_top=?, is_essence=?, created_at=?, updated_at=? WHERE id=? AND status=1
==> Parameters: 2(Long), 1(Long), 1(Long), 艾尔登法环 DLC 黄金树幽影 全地图攻略(String), 经过100小时的探索，终于整理了这份完整攻略...(String), 艾尔登法环,攻略,DLC(String), 2347(Integer), 156(Integer), 43(Integer), 0(Integer), 85.6(Double), 0(Integer), 0(Integer), 2026-05-27T18:20:26(LocalDateTime), 2026-05-27T18:20:26(LocalDateTime), 1(Long)
<==    Updates: 1
Releasing transactional SqlSession [org.apache.ibatis.session.defaults.DefaultSqlSession@ffdcc0d]
Transaction synchronization committing SqlSession [org.apache.ibatis.session.defaults.DefaultSqlSession@ffdcc0d]
Transaction synchronization deregistering SqlSession [org.apache.ibatis.session.defaults.DefaultSqlSession@ffdcc0d]
Transaction synchronization closing SqlSession [org.apache.ibatis.session.defaults.DefaultSqlSession@ffdcc0d]
Creating a new SqlSession
Registering transaction synchronization for SqlSession [org.apache.ibatis.session.defaults.DefaultSqlSession@4536bbce]
JDBC Connection [HikariProxyConnection@2039078773 wrapping com.mysql.cj.jdbc.ConnectionImpl@45f49252] will be managed by Spring
==>  Preparing: SELECT id,user_id,target_type,target_id,created_at,updated_at FROM t_like WHERE (user_id = ? AND target_type = ? AND target_id = ?)
==> Parameters: 1(Long), 1(Integer), 1(Long)
<==      Total: 0
Releasing transactional SqlSession [org.apache.ibatis.session.defaults.DefaultSqlSession@4536bbce]
Fetched SqlSession [org.apache.ibatis.session.defaults.DefaultSqlSession@4536bbce] from current transaction
==>  Preparing: INSERT INTO t_like ( user_id, target_type, target_id ) VALUES ( ?, ?, ? )
==> Parameters: 1(Long), 1(Integer), 1(Long)
<==    Updates: 1
Releasing transactional SqlSession [org.apache.ibatis.session.defaults.DefaultSqlSession@4536bbce]
Fetched SqlSession [org.apache.ibatis.session.defaults.DefaultSqlSession@4536bbce] from current transaction
==>  Preparing: SELECT id,user_id,game_id,category_id,title,content,tags,cover_image,view_count,like_count,reply_count,share_count,heat_score,is_top,is_essence,status,created_at,updated_at FROM t_post WHERE id=? AND status=1
==> Parameters: 1(Long)
<==    Columns: id, user_id, game_id, category_id, title, content, tags, cover_image, view_count, like_count, reply_count, share_count, heat_score, is_top, is_essence, status, created_at, updated_at
<==        Row: 1, 2, 1, 1, 艾尔登法环 DLC 黄金树幽影 全地图攻略, <<BLOB>>, 艾尔登法环,攻略,DLC, null, 2347, 156, 43, 0, 85.6, 0, 0, 1, 2026-05-27 18:20:26, 2026-05-27 18:20:26
<==      Total: 1
Releasing transactional SqlSession [org.apache.ibatis.session.defaults.DefaultSqlSession@4536bbce]
Fetched SqlSession [org.apache.ibatis.session.defaults.DefaultSqlSession@4536bbce] from current transaction
==>  Preparing: UPDATE t_post SET user_id=?, game_id=?, category_id=?, title=?, content=?, tags=?, view_count=?, like_count=?, reply_count=?, share_count=?, heat_score=?, is_top=?, is_essence=?, created_at=?, updated_at=? WHERE id=? AND status=1
==> Parameters: 2(Long), 1(Long), 1(Long), 艾尔登法环 DLC 黄金树幽影 全地图攻略(String), 经过100小时的探索，终于整理了这份完整攻略...(String), 艾尔登法环,攻略,DLC(String), 2347(Integer), 157(Integer), 43(Integer), 0(Integer), 85.6(Double), 0(Integer), 0(Integer), 2026-05-27T18:20:26(LocalDateTime), 2026-05-27T18:20:26(LocalDateTime), 1(Long)
<==    Updates: 1
Releasing transactional SqlSession [org.apache.ibatis.session.defaults.DefaultSqlSession@4536bbce]
Fetched SqlSession [org.apache.ibatis.session.defaults.DefaultSqlSession@4536bbce] from current transaction
==>  Preparing: SELECT id,username,password,nickname,avatar,bio,email,status,created_at,updated_at FROM t_user WHERE id=? AND status=1
==> Parameters: 1(Long)
<==    Columns: id, username, password, nickname, avatar, bio, email, status, created_at, updated_at
<==        Row: 1, admin, $2a$10$N.zmdr9k7uOCQb376NoUnuTJ8iAt6Z5EHsM8lE9lBOsl7iKTVKIUi, 管理员, null, GameBox 官方管理员, null, 1, 2026-05-27 18:20:26, 2026-05-27 18:20:26
<==      Total: 1
Releasing transactional SqlSession [org.apache.ibatis.session.defaults.DefaultSqlSession@4536bbce]
Fetched SqlSession [org.apache.ibatis.session.defaults.DefaultSqlSession@4536bbce] from current transaction
==>  Preparing: INSERT INTO t_notification ( user_id, sender_id, type, content, target_type, target_id, is_read ) VALUES ( ?, ?, ?, ?, ?, ?, ? )
==> Parameters: 2(Long), 1(Long), 1(Integer), 管理员 赞了你的帖子(String), 1(Integer), 1(Long), 0(Integer)
<==    Updates: 1
Releasing transactional SqlSession [org.apache.ibatis.session.defaults.DefaultSqlSession@4536bbce]
Transaction synchronization committing SqlSession [org.apache.ibatis.session.defaults.DefaultSqlSession@4536bbce]
Transaction synchronization deregistering SqlSession [org.apache.ibatis.session.defaults.DefaultSqlSession@4536bbce]
Transaction synchronization closing SqlSession [org.apache.ibatis.session.defaults.DefaultSqlSession@4536bbce]
Creating a new SqlSession
SqlSession [org.apache.ibatis.session.defaults.DefaultSqlSession@a421bd] was not registered for synchronization because synchronization is not active
JDBC Connection [HikariProxyConnection@1341539928 wrapping com.mysql.cj.jdbc.ConnectionImpl@73a9ea26] will not be managed by Spring
==>  Preparing: SELECT id,username,password,nickname,avatar,bio,email,status,created_at,updated_at FROM t_user WHERE id=? AND status=1
==> Parameters: 1(Long)
<==    Columns: id, username, password, nickname, avatar, bio, email, status, created_at, updated_at
<==        Row: 1, admin, $2a$10$N.zmdr9k7uOCQb376NoUnuTJ8iAt6Z5EHsM8lE9lBOsl7iKTVKIUi, 管理员, null, GameBox 官方管理员, null, 1, 2026-05-27 18:20:26, 2026-05-27 18:20:26
<==      Total: 1
Closing non transactional SqlSession [org.apache.ibatis.session.defaults.DefaultSqlSession@a421bd]
Creating a new SqlSession
SqlSession [org.apache.ibatis.session.defaults.DefaultSqlSession@3d71ee13] was not registered for synchronization because synchronization is not active
JDBC Connection [HikariProxyConnection@477727177 wrapping com.mysql.cj.jdbc.ConnectionImpl@73a9ea26] will not be managed by Spring
==>  Preparing: SELECT COUNT( * ) AS total FROM t_post WHERE status=1 AND (user_id = ? AND status = ?)
==> Parameters: 1(Long), 1(Integer)
<==    Columns: total
<==        Row: 0
<==      Total: 1
Closing non transactional SqlSession [org.apache.ibatis.session.defaults.DefaultSqlSession@3d71ee13]
Creating a new SqlSession
SqlSession [org.apache.ibatis.session.defaults.DefaultSqlSession@5f0560b6] was not registered for synchronization because synchronization is not active
JDBC Connection [HikariProxyConnection@1840651315 wrapping com.mysql.cj.jdbc.ConnectionImpl@73a9ea26] will not be managed by Spring
==>  Preparing: SELECT COUNT( * ) AS total FROM t_follow WHERE (follower_id = ?)
==> Parameters: 1(Long)
<==    Columns: total
<==        Row: 0
<==      Total: 1
Closing non transactional SqlSession [org.apache.ibatis.session.defaults.DefaultSqlSession@5f0560b6]
Creating a new SqlSession
SqlSession [org.apache.ibatis.session.defaults.DefaultSqlSession@5a32fcb7] was not registered for synchronization because synchronization is not active
JDBC Connection [HikariProxyConnection@776349591 wrapping com.mysql.cj.jdbc.ConnectionImpl@73a9ea26] will not be managed by Spring
==>  Preparing: SELECT COUNT( * ) AS total FROM t_follow WHERE (followee_id = ?)
==> Parameters: 1(Long)
<==    Columns: total
<==        Row: 0
<==      Total: 1
Closing non transactional SqlSession [org.apache.ibatis.session.defaults.DefaultSqlSession@5a32fcb7]
Creating a new SqlSession
SqlSession [org.apache.ibatis.session.defaults.DefaultSqlSession@41130d93] was not registered for synchronization because synchronization is not active
JDBC Connection [HikariProxyConnection@201954882 wrapping com.mysql.cj.jdbc.ConnectionImpl@73a9ea26] will not be managed by Spring
==>  Preparing: SELECT id,user_id,game_id,category_id,title,content,tags,cover_image,view_count,like_count,reply_count,share_count,heat_score,is_top,is_essence,status,created_at,updated_at FROM t_post WHERE status=1 AND (user_id = ? AND status = ?)
==> Parameters: 1(Long), 1(Integer)
<==      Total: 0
Closing non transactional SqlSession [org.apache.ibatis.session.defaults.DefaultSqlSession@41130d93]
Creating a new SqlSession
SqlSession [org.apache.ibatis.session.defaults.DefaultSqlSession@7bb02ff] was not registered for synchronization because synchronization is not active
JDBC Connection [HikariProxyConnection@1579022350 wrapping com.mysql.cj.jdbc.ConnectionImpl@73a9ea26] will not be managed by Spring
==>  Preparing: SELECT COUNT( * ) AS total FROM t_follow WHERE (follower_id = ? AND followee_id = ?)
==> Parameters: 1(Long), 1(Long)
<==    Columns: total
<==        Row: 0
<==      Total: 1
Closing non transactional SqlSession [org.apache.ibatis.session.defaults.DefaultSqlSession@7bb02ff]
Creating a new SqlSession
SqlSession [org.apache.ibatis.session.defaults.DefaultSqlSession@140a293e] was not registered for synchronization because synchronization is not active
JDBC Connection [HikariProxyConnection@88948926 wrapping com.mysql.cj.jdbc.ConnectionImpl@45f49252] will not be managed by Spring
==>  Preparing: SELECT COUNT(*) AS total FROM t_favorite WHERE (user_id = ?)
==> Parameters: 1(Long)
<==    Columns: total
<==        Row: 0
<==      Total: 1
Closing non transactional SqlSession [org.apache.ibatis.session.defaults.DefaultSqlSession@140a293e]
Creating a new SqlSession
SqlSession [org.apache.ibatis.session.defaults.DefaultSqlSession@31b4bcf] was not registered for synchronization because synchronization is not active
JDBC Connection [HikariProxyConnection@1160726086 wrapping com.mysql.cj.jdbc.ConnectionImpl@45f49252] will not be managed by Spring
==>  Preparing: SELECT COUNT(*) AS total FROM t_post WHERE status = 1 AND (user_id = ? AND status = ?)
==> Parameters: 1(Long), 1(Integer)
<==    Columns: total
<==        Row: 0
<==      Total: 1
Closing non transactional SqlSession [org.apache.ibatis.session.defaults.DefaultSqlSession@31b4bcf]
Creating a new SqlSession
SqlSession [org.apache.ibatis.session.defaults.DefaultSqlSession@230cd175] was not registered for synchronization because synchronization is not active
JDBC Connection [HikariProxyConnection@1578053993 wrapping com.mysql.cj.jdbc.ConnectionImpl@73a9ea26] will not be managed by Spring
==>  Preparing: SELECT COUNT(*) AS total FROM t_follow WHERE (follower_id = ?)
==> Parameters: 1(Long)
<==    Columns: total
<==        Row: 0
<==      Total: 1
Closing non transactional SqlSession [org.apache.ibatis.session.defaults.DefaultSqlSession@230cd175]
Creating a new SqlSession
SqlSession [org.apache.ibatis.session.defaults.DefaultSqlSession@27bb1c7d] was not registered for synchronization because synchronization is not active
JDBC Connection [HikariProxyConnection@1266124852 wrapping com.mysql.cj.jdbc.ConnectionImpl@73a9ea26] will not be managed by Spring
==>  Preparing: SELECT COUNT( * ) AS total FROM t_notification WHERE (user_id = ? AND is_read = ?)
==> Parameters: 1(Long), 0(Integer)
<==    Columns: total
<==        Row: 0
<==      Total: 1
Closing non transactional SqlSession [org.apache.ibatis.session.defaults.DefaultSqlSession@27bb1c7d]
Creating a new SqlSession
SqlSession [org.apache.ibatis.session.defaults.DefaultSqlSession@6e500c01] was not registered for synchronization because synchronization is not active
JDBC Connection [HikariProxyConnection@1443336923 wrapping com.mysql.cj.jdbc.ConnectionImpl@73a9ea26] will not be managed by Spring
==>  Preparing: SELECT COUNT(*) AS total FROM t_follow WHERE (followee_id = ?)
==> Parameters: 1(Long)
<==    Columns: total
<==        Row: 0
<==      Total: 1
Closing non transactional SqlSession [org.apache.ibatis.session.defaults.DefaultSqlSession@6e500c01]
Creating a new SqlSession
SqlSession [org.apache.ibatis.session.defaults.DefaultSqlSession@2bd1dd4f] was not registered for synchronization because synchronization is not active
JDBC Connection [HikariProxyConnection@1308297943 wrapping com.mysql.cj.jdbc.ConnectionImpl@45f49252] will not be managed by Spring
==>  Preparing: SELECT COUNT(*) AS total FROM t_favorite WHERE (user_id = ?)
==> Parameters: 1(Long)
<==    Columns: total
<==        Row: 0
<==      Total: 1
Closing non transactional SqlSession [org.apache.ibatis.session.defaults.DefaultSqlSession@2bd1dd4f]
Creating a new SqlSession
SqlSession [org.apache.ibatis.session.defaults.DefaultSqlSession@6eec9d34] was not registered for synchronization because synchronization is not active
JDBC Connection [HikariProxyConnection@824166124 wrapping com.mysql.cj.jdbc.ConnectionImpl@73a9ea26] will not be managed by Spring
==>  Preparing: SELECT COUNT(*) AS total FROM t_post WHERE status = 1 AND (user_id = ? AND status = ?)
==> Parameters: 1(Long), 1(Integer)
<==    Columns: total
<==        Row: 0
<==      Total: 1
Closing non transactional SqlSession [org.apache.ibatis.session.defaults.DefaultSqlSession@6eec9d34]
Creating a new SqlSession
SqlSession [org.apache.ibatis.session.defaults.DefaultSqlSession@1436dd5e] was not registered for synchronization because synchronization is not active
JDBC Connection [HikariProxyConnection@1370506559 wrapping com.mysql.cj.jdbc.ConnectionImpl@45f49252] will not be managed by Spring
==>  Preparing: SELECT COUNT(*) AS total FROM t_follow WHERE (followee_id = ?)
==> Parameters: 1(Long)
<==    Columns: total
<==        Row: 0
<==      Total: 1
Closing non transactional SqlSession [org.apache.ibatis.session.defaults.DefaultSqlSession@1436dd5e]
Creating a new SqlSession
SqlSession [org.apache.ibatis.session.defaults.DefaultSqlSession@4f6189e5] was not registered for synchronization because synchronization is not active
JDBC Connection [HikariProxyConnection@373055655 wrapping com.mysql.cj.jdbc.ConnectionImpl@45f49252] will not be managed by Spring
==>  Preparing: SELECT COUNT(*) AS total FROM t_follow WHERE (followee_id = ?)
==> Parameters: 1(Long)
<==    Columns: total
<==        Row: 0
<==      Total: 1
Closing non transactional SqlSession [org.apache.ibatis.session.defaults.DefaultSqlSession@4f6189e5]
Creating a new SqlSession
SqlSession [org.apache.ibatis.session.defaults.DefaultSqlSession@6fede611] was not registered for synchronization because synchronization is not active
JDBC Connection [HikariProxyConnection@921804048 wrapping com.mysql.cj.jdbc.ConnectionImpl@45f49252] will not be managed by Spring
==>  Preparing: SELECT COUNT(*) AS total FROM t_follow WHERE (followee_id = ?)
==> Parameters: 1(Long)
<==    Columns: total
<==        Row: 0
<==      Total: 1
Closing non transactional SqlSession [org.apache.ibatis.session.defaults.DefaultSqlSession@6fede611]
Creating a new SqlSession
SqlSession [org.apache.ibatis.session.defaults.DefaultSqlSession@641b9030] was not registered for synchronization because synchronization is not active
JDBC Connection [HikariProxyConnection@1293582727 wrapping com.mysql.cj.jdbc.ConnectionImpl@73a9ea26] will not be managed by Spring
==>  Preparing: SELECT COUNT(*) AS total FROM t_follow WHERE (followee_id = ?)
==> Parameters: 1(Long)
<==    Columns: total
<==        Row: 0
<==      Total: 1
Closing non transactional SqlSession [org.apache.ibatis.session.defaults.DefaultSqlSession@641b9030]
Creating a new SqlSession
SqlSession [org.apache.ibatis.session.defaults.DefaultSqlSession@2cd88511] was not registered for synchronization because synchronization is not active
JDBC Connection [HikariProxyConnection@1763339910 wrapping com.mysql.cj.jdbc.ConnectionImpl@73a9ea26] will not be managed by Spring
==>  Preparing: SELECT COUNT(*) AS total FROM t_follow WHERE (followee_id = ?)
==> Parameters: 1(Long)
<==    Columns: total
<==        Row: 0
<==      Total: 1
Closing non transactional SqlSession [org.apache.ibatis.session.defaults.DefaultSqlSession@2cd88511]
Creating a new SqlSession
SqlSession [org.apache.ibatis.session.defaults.DefaultSqlSession@3a18b78] was not registered for synchronization because synchronization is not active
JDBC Connection [HikariProxyConnection@2089170821 wrapping com.mysql.cj.jdbc.ConnectionImpl@73a9ea26] will not be managed by Spring
==>  Preparing: SELECT COUNT(*) AS total FROM t_follow WHERE (followee_id = ?)
==> Parameters: 1(Long)
<==    Columns: total
<==        Row: 0
<==      Total: 1
Closing non transactional SqlSession [org.apache.ibatis.session.defaults.DefaultSqlSession@3a18b78]
Creating a new SqlSession
SqlSession [org.apache.ibatis.session.defaults.DefaultSqlSession@429954b7] was not registered for synchronization because synchronization is not active
JDBC Connection [HikariProxyConnection@1021791049 wrapping com.mysql.cj.jdbc.ConnectionImpl@45f49252] will not be managed by Spring
==>  Preparing: SELECT COUNT(*) AS total FROM t_follow WHERE (followee_id = ?)
==> Parameters: 1(Long)
<==    Columns: total
<==        Row: 0
<==      Total: 1
Closing non transactional SqlSession [org.apache.ibatis.session.defaults.DefaultSqlSession@429954b7]
Creating a new SqlSession
SqlSession [org.apache.ibatis.session.defaults.DefaultSqlSession@3ac78908] was not registered for synchronization because synchronization is not active
JDBC Connection [HikariProxyConnection@1419360853 wrapping com.mysql.cj.jdbc.ConnectionImpl@73a9ea26] will not be managed by Spring
==>  Preparing: SELECT COUNT(*) AS total FROM t_notification WHERE (user_id = ?)
==> Parameters: 1(Long)
<==    Columns: total
<==        Row: 0
<==      Total: 1
Closing non transactional SqlSession [org.apache.ibatis.session.defaults.DefaultSqlSession@3ac78908]
Creating a new SqlSession
SqlSession [org.apache.ibatis.session.defaults.DefaultSqlSession@4282d89f] was not registered for synchronization because synchronization is not active
JDBC Connection [HikariProxyConnection@1738300965 wrapping com.mysql.cj.jdbc.ConnectionImpl@45f49252] will not be managed by Spring
==>  Preparing: SELECT id,username,password,nickname,avatar,bio,email,status,created_at,updated_at FROM t_user WHERE id=? AND status=1
==> Parameters: 1(Long)
<==    Columns: id, username, password, nickname, avatar, bio, email, status, created_at, updated_at
<==        Row: 1, admin, $2a$10$N.zmdr9k7uOCQb376NoUnuTJ8iAt6Z5EHsM8lE9lBOsl7iKTVKIUi, 管理员, null, GameBox 官方管理员, null, 1, 2026-05-27 18:20:26, 2026-05-27 18:20:26
<==      Total: 1
Closing non transactional SqlSession [org.apache.ibatis.session.defaults.DefaultSqlSession@4282d89f]
Creating a new SqlSession
SqlSession [org.apache.ibatis.session.defaults.DefaultSqlSession@216caa47] was not registered for synchronization because synchronization is not active
JDBC Connection [HikariProxyConnection@1979635925 wrapping com.mysql.cj.jdbc.ConnectionImpl@45f49252] will not be managed by Spring
==>  Preparing: SELECT COUNT( * ) AS total FROM t_post WHERE status=1 AND (user_id = ? AND status = ?)
==> Parameters: 1(Long), 1(Integer)
<==    Columns: total
<==        Row: 0
<==      Total: 1
Closing non transactional SqlSession [org.apache.ibatis.session.defaults.DefaultSqlSession@216caa47]
Creating a new SqlSession
SqlSession [org.apache.ibatis.session.defaults.DefaultSqlSession@208f4f5d] was not registered for synchronization because synchronization is not active
JDBC Connection [HikariProxyConnection@1685448601 wrapping com.mysql.cj.jdbc.ConnectionImpl@45f49252] will not be managed by Spring
==>  Preparing: SELECT COUNT( * ) AS total FROM t_follow WHERE (follower_id = ?)
==> Parameters: 1(Long)
<==    Columns: total
<==        Row: 0
<==      Total: 1
Closing non transactional SqlSession [org.apache.ibatis.session.defaults.DefaultSqlSession@208f4f5d]
Creating a new SqlSession
SqlSession [org.apache.ibatis.session.defaults.DefaultSqlSession@21f74577] was not registered for synchronization because synchronization is not active
JDBC Connection [HikariProxyConnection@2069365683 wrapping com.mysql.cj.jdbc.ConnectionImpl@45f49252] will not be managed by Spring
==>  Preparing: SELECT COUNT( * ) AS total FROM t_follow WHERE (followee_id = ?)
==> Parameters: 1(Long)
<==    Columns: total
<==        Row: 0
<==      Total: 1
Closing non transactional SqlSession [org.apache.ibatis.session.defaults.DefaultSqlSession@21f74577]
Creating a new SqlSession
SqlSession [org.apache.ibatis.session.defaults.DefaultSqlSession@221b1cf4] was not registered for synchronization because synchronization is not active
JDBC Connection [HikariProxyConnection@970729789 wrapping com.mysql.cj.jdbc.ConnectionImpl@45f49252] will not be managed by Spring
==>  Preparing: SELECT id,user_id,game_id,category_id,title,content,tags,cover_image,view_count,like_count,reply_count,share_count,heat_score,is_top,is_essence,status,created_at,updated_at FROM t_post WHERE status=1 AND (user_id = ? AND status = ?)
==> Parameters: 1(Long), 1(Integer)
<==      Total: 0
Closing non transactional SqlSession [org.apache.ibatis.session.defaults.DefaultSqlSession@221b1cf4]
Creating a new SqlSession
SqlSession [org.apache.ibatis.session.defaults.DefaultSqlSession@6148731e] was not registered for synchronization because synchronization is not active
JDBC Connection [HikariProxyConnection@466497407 wrapping com.mysql.cj.jdbc.ConnectionImpl@45f49252] will not be managed by Spring
==>  Preparing: SELECT COUNT( * ) AS total FROM t_follow WHERE (follower_id = ? AND followee_id = ?)
==> Parameters: 1(Long), 1(Long)
<==    Columns: total
<==        Row: 0
<==      Total: 1
Closing non transactional SqlSession [org.apache.ibatis.session.defaults.DefaultSqlSession@6148731e]
Creating a new SqlSession
SqlSession [org.apache.ibatis.session.defaults.DefaultSqlSession@28cd15c8] was not registered for synchronization because synchronization is not active
JDBC Connection [HikariProxyConnection@583149784 wrapping com.mysql.cj.jdbc.ConnectionImpl@73a9ea26] will not be managed by Spring
==>  Preparing: SELECT COUNT(*) AS total FROM t_post WHERE status = 1 AND (user_id = ? AND status = ?)
==> Parameters: 1(Long), 1(Integer)
<==    Columns: total
<==        Row: 0
<==      Total: 1
Closing non transactional SqlSession [org.apache.ibatis.session.defaults.DefaultSqlSession@28cd15c8]
Creating a new SqlSession
SqlSession [org.apache.ibatis.session.defaults.DefaultSqlSession@251480b2] was not registered for synchronization because synchronization is not active
JDBC Connection [HikariProxyConnection@124413283 wrapping com.mysql.cj.jdbc.ConnectionImpl@45f49252] will not be managed by Spring
==>  Preparing: SELECT COUNT(*) AS total FROM t_post WHERE status = 1 AND (status = ?)
==> Parameters: 1(Integer)
<==    Columns: total
<==        Row: 8
<==      Total: 1
==>  Preparing: SELECT id,user_id,game_id,category_id,title,content,tags,cover_image,view_count,like_count,reply_count,share_count,heat_score,is_top,is_essence,status,created_at,updated_at FROM t_post WHERE status=1 AND (status = ?) ORDER BY created_at DESC LIMIT ?
==> Parameters: 1(Integer), 10(Long)
<==    Columns: id, user_id, game_id, category_id, title, content, tags, cover_image, view_count, like_count, reply_count, share_count, heat_score, is_top, is_essence, status, created_at, updated_at
<==        Row: 1, 2, 1, 1, 艾尔登法环 DLC 黄金树幽影 全地图攻略, <<BLOB>>, 艾尔登法环,攻略,DLC, null, 2347, 157, 43, 0, 85.6, 0, 0, 1, 2026-05-27 18:20:26, 2026-05-27 18:20:26
<==        Row: 2, 3, 4, 1, 黑神话：悟空 隐藏BOSS全部打法分享, <<BLOB>>, 黑神话,悟空,BOSS攻略, null, 1897, 203, 67, 0, 92.3, 0, 0, 1, 2026-05-27 18:20:26, 2026-05-27 18:20:26
<==        Row: 3, 4, 3, 2, 博德之门3 最强Build推荐, <<BLOB>>, 博德之门3,Build,RPG, null, 1203, 89, 32, 0, 45.2, 0, 0, 1, 2026-05-27 18:20:26, 2026-05-27 18:20:26
<==        Row: 4, 5, 2, 4, 王国之泪 200小时后的感动, <<BLOB>>, 塞尔达,王国之泪,感想, null, 890, 67, 18, 0, 28.7, 0, 0, 1, 2026-05-27 18:20:26, 2026-05-27 18:20:26
<==        Row: 5, 2, 5, 1, 星露谷物语 新手入门指南, <<BLOB>>, 星露谷,新手,指南, null, 561, 45, 12, 0, 15.3, 0, 0, 1, 2026-05-27 18:20:26, 2026-05-27 18:20:26
<==        Row: 6, 3, 4, 5, 黑神话DLC预测：下一站天庭？, <<BLOB>>, 黑神话,悟空,DLC,预测, null, 3208, 278, 99, 0, 120.5, 0, 0, 1, 2026-05-27 18:20:26, 2026-05-27 18:20:26
<==        Row: 7, 4, 1, 2, 讨论：FromSoftware下一作会是什么题材, <<BLOB>>, FromSoftware,魂系,新作, null, 670, 34, 15, 0, 18.9, 0, 0, 1, 2026-05-27 18:20:26, 2026-05-27 18:20:26
<==        Row: 8, 5, 3, 3, 求助：博德之门3 影心个人任务卡住了, <<BLOB>>, 博德之门3,求助,Bug, null, 320, 12, 8, 0, 6.5, 0, 0, 1, 2026-05-27 18:20:26, 2026-05-27 18:20:26
<==      Total: 8
Closing non transactional SqlSession [org.apache.ibatis.session.defaults.DefaultSqlSession@251480b2]
Creating a new SqlSession
SqlSession [org.apache.ibatis.session.defaults.DefaultSqlSession@561ce043] was not registered for synchronization because synchronization is not active
JDBC Connection [HikariProxyConnection@34195102 wrapping com.mysql.cj.jdbc.ConnectionImpl@45f49252] will not be managed by Spring
==>  Preparing: SELECT id,name,code,sort_order,status,created_at,updated_at FROM t_post_category WHERE id=? AND status=1
==> Parameters: 1(Long)
<==    Columns: id, name, code, sort_order, status, created_at, updated_at
<==        Row: 1, 攻略, guide, 1, 1, 2026-05-27 18:20:26, 2026-05-27 18:20:26
<==      Total: 1
Closing non transactional SqlSession [org.apache.ibatis.session.defaults.DefaultSqlSession@561ce043]
Creating a new SqlSession
SqlSession [org.apache.ibatis.session.defaults.DefaultSqlSession@64936a97] was not registered for synchronization because synchronization is not active
JDBC Connection [HikariProxyConnection@1438417086 wrapping com.mysql.cj.jdbc.ConnectionImpl@45f49252] will not be managed by Spring
==>  Preparing: SELECT id,username,password,nickname,avatar,bio,email,status,created_at,updated_at FROM t_user WHERE id=? AND status=1
==> Parameters: 2(Long)
<==    Columns: id, username, password, nickname, avatar, bio, email, status, created_at, updated_at
<==        Row: 2, player1, $2a$10$N.zmdr9k7uOCQb376NoUnuTJ8iAt6Z5EHsM8lE9lBOsl7iKTVKIUi, 玩家一号, null, 热爱游戏的普通玩家, null, 1, 2026-05-27 18:20:26, 2026-05-27 18:20:26
<==      Total: 1
Closing non transactional SqlSession [org.apache.ibatis.session.defaults.DefaultSqlSession@64936a97]
Creating a new SqlSession
SqlSession [org.apache.ibatis.session.defaults.DefaultSqlSession@772b55b5] was not registered for synchronization because synchronization is not active
JDBC Connection [HikariProxyConnection@135486997 wrapping com.mysql.cj.jdbc.ConnectionImpl@45f49252] will not be managed by Spring
==>  Preparing: SELECT id,name,code,sort_order,status,created_at,updated_at FROM t_post_category WHERE id=? AND status=1
==> Parameters: 1(Long)
<==    Columns: id, name, code, sort_order, status, created_at, updated_at
<==        Row: 1, 攻略, guide, 1, 1, 2026-05-27 18:20:26, 2026-05-27 18:20:26
<==      Total: 1
Closing non transactional SqlSession [org.apache.ibatis.session.defaults.DefaultSqlSession@772b55b5]
Creating a new SqlSession
SqlSession [org.apache.ibatis.session.defaults.DefaultSqlSession@4cae48d2] was not registered for synchronization because synchronization is not active
JDBC Connection [HikariProxyConnection@1636121103 wrapping com.mysql.cj.jdbc.ConnectionImpl@45f49252] will not be managed by Spring
==>  Preparing: SELECT id,username,password,nickname,avatar,bio,email,status,created_at,updated_at FROM t_user WHERE id=? AND status=1
==> Parameters: 3(Long)
<==    Columns: id, username, password, nickname, avatar, bio, email, status, created_at, updated_at
<==        Row: 3, gamer_pro, $2a$10$N.zmdr9k7uOCQb376NoUnuTJ8iAt6Z5EHsM8lE9lBOsl7iKTVKIUi, 高玩达人, null, 全平台制霸！, null, 1, 2026-05-27 18:20:26, 2026-05-27 18:20:26
<==      Total: 1
Closing non transactional SqlSession [org.apache.ibatis.session.defaults.DefaultSqlSession@4cae48d2]
Creating a new SqlSession
SqlSession [org.apache.ibatis.session.defaults.DefaultSqlSession@163cce25] was not registered for synchronization because synchronization is not active
JDBC Connection [HikariProxyConnection@686488808 wrapping com.mysql.cj.jdbc.ConnectionImpl@45f49252] will not be managed by Spring
==>  Preparing: SELECT id,name,code,sort_order,status,created_at,updated_at FROM t_post_category WHERE id=? AND status=1
==> Parameters: 2(Long)
<==    Columns: id, name, code, sort_order, status, created_at, updated_at
<==        Row: 2, 讨论, discuss, 2, 1, 2026-05-27 18:20:26, 2026-05-27 18:20:26
<==      Total: 1
Closing non transactional SqlSession [org.apache.ibatis.session.defaults.DefaultSqlSession@163cce25]
Creating a new SqlSession
SqlSession [org.apache.ibatis.session.defaults.DefaultSqlSession@32cf4bb9] was not registered for synchronization because synchronization is not active
JDBC Connection [HikariProxyConnection@1114826275 wrapping com.mysql.cj.jdbc.ConnectionImpl@45f49252] will not be managed by Spring
==>  Preparing: SELECT id,username,password,nickname,avatar,bio,email,status,created_at,updated_at FROM t_user WHERE id=? AND status=1
==> Parameters: 4(Long)
<==    Columns: id, username, password, nickname, avatar, bio, email, status, created_at, updated_at
<==        Row: 4, game_girl, $2a$10$N.zmdr9k7uOCQb376NoUnuTJ8iAt6Z5EHsM8lE9lBOsl7iKTVKIUi, 游戏少女, null, 只玩好游戏~, null, 1, 2026-05-27 18:20:26, 2026-05-27 18:20:26
<==      Total: 1
Closing non transactional SqlSession [org.apache.ibatis.session.defaults.DefaultSqlSession@32cf4bb9]
Creating a new SqlSession
SqlSession [org.apache.ibatis.session.defaults.DefaultSqlSession@625d740f] was not registered for synchronization because synchronization is not active
JDBC Connection [HikariProxyConnection@713521534 wrapping com.mysql.cj.jdbc.ConnectionImpl@45f49252] will not be managed by Spring
==>  Preparing: SELECT id,name,code,sort_order,status,created_at,updated_at FROM t_post_category WHERE id=? AND status=1
==> Parameters: 4(Long)
<==    Columns: id, name, code, sort_order, status, created_at, updated_at
<==        Row: 4, 分享, share, 4, 1, 2026-05-27 18:20:26, 2026-05-27 18:20:26
<==      Total: 1
Closing non transactional SqlSession [org.apache.ibatis.session.defaults.DefaultSqlSession@625d740f]
Creating a new SqlSession
SqlSession [org.apache.ibatis.session.defaults.DefaultSqlSession@405730bf] was not registered for synchronization because synchronization is not active
JDBC Connection [HikariProxyConnection@1235470774 wrapping com.mysql.cj.jdbc.ConnectionImpl@45f49252] will not be managed by Spring
==>  Preparing: SELECT id,username,password,nickname,avatar,bio,email,status,created_at,updated_at FROM t_user WHERE id=? AND status=1
==> Parameters: 5(Long)
<==    Columns: id, username, password, nickname, avatar, bio, email, status, created_at, updated_at
<==        Row: 5, rpg_lover, $2a$10$N.zmdr9k7uOCQb376NoUnuTJ8iAt6Z5EHsM8lE9lBOsl7iKTVKIUi, RPG爱好者, null, RPG永不毕业！, null, 1, 2026-05-27 18:20:26, 2026-05-27 18:20:26
<==      Total: 1
Closing non transactional SqlSession [org.apache.ibatis.session.defaults.DefaultSqlSession@405730bf]
Creating a new SqlSession
SqlSession [org.apache.ibatis.session.defaults.DefaultSqlSession@291149c0] was not registered for synchronization because synchronization is not active
JDBC Connection [HikariProxyConnection@1345996437 wrapping com.mysql.cj.jdbc.ConnectionImpl@45f49252] will not be managed by Spring
==>  Preparing: SELECT id,name,code,sort_order,status,created_at,updated_at FROM t_post_category WHERE id=? AND status=1
==> Parameters: 1(Long)
<==    Columns: id, name, code, sort_order, status, created_at, updated_at
<==        Row: 1, 攻略, guide, 1, 1, 2026-05-27 18:20:26, 2026-05-27 18:20:26
<==      Total: 1
Closing non transactional SqlSession [org.apache.ibatis.session.defaults.DefaultSqlSession@291149c0]
Creating a new SqlSession
SqlSession [org.apache.ibatis.session.defaults.DefaultSqlSession@2ffe2375] was not registered for synchronization because synchronization is not active
JDBC Connection [HikariProxyConnection@209858563 wrapping com.mysql.cj.jdbc.ConnectionImpl@45f49252] will not be managed by Spring
==>  Preparing: SELECT id,username,password,nickname,avatar,bio,email,status,created_at,updated_at FROM t_user WHERE id=? AND status=1
==> Parameters: 2(Long)
<==    Columns: id, username, password, nickname, avatar, bio, email, status, created_at, updated_at
<==        Row: 2, player1, $2a$10$N.zmdr9k7uOCQb376NoUnuTJ8iAt6Z5EHsM8lE9lBOsl7iKTVKIUi, 玩家一号, null, 热爱游戏的普通玩家, null, 1, 2026-05-27 18:20:26, 2026-05-27 18:20:26
<==      Total: 1
Closing non transactional SqlSession [org.apache.ibatis.session.defaults.DefaultSqlSession@2ffe2375]
Creating a new SqlSession
SqlSession [org.apache.ibatis.session.defaults.DefaultSqlSession@174eaa47] was not registered for synchronization because synchronization is not active
JDBC Connection [HikariProxyConnection@1232459344 wrapping com.mysql.cj.jdbc.ConnectionImpl@45f49252] will not be managed by Spring
==>  Preparing: SELECT id,name,code,sort_order,status,created_at,updated_at FROM t_post_category WHERE id=? AND status=1
==> Parameters: 5(Long)
<==    Columns: id, name, code, sort_order, status, created_at, updated_at
<==        Row: 5, 新闻, news, 5, 1, 2026-05-27 18:20:26, 2026-05-27 18:20:26
<==      Total: 1
Closing non transactional SqlSession [org.apache.ibatis.session.defaults.DefaultSqlSession@174eaa47]
Creating a new SqlSession
SqlSession [org.apache.ibatis.session.defaults.DefaultSqlSession@2c13efa1] was not registered for synchronization because synchronization is not active
JDBC Connection [HikariProxyConnection@1324184822 wrapping com.mysql.cj.jdbc.ConnectionImpl@45f49252] will not be managed by Spring
==>  Preparing: SELECT id,username,password,nickname,avatar,bio,email,status,created_at,updated_at FROM t_user WHERE id=? AND status=1
==> Parameters: 3(Long)
<==    Columns: id, username, password, nickname, avatar, bio, email, status, created_at, updated_at
<==        Row: 3, gamer_pro, $2a$10$N.zmdr9k7uOCQb376NoUnuTJ8iAt6Z5EHsM8lE9lBOsl7iKTVKIUi, 高玩达人, null, 全平台制霸！, null, 1, 2026-05-27 18:20:26, 2026-05-27 18:20:26
<==      Total: 1
Closing non transactional SqlSession [org.apache.ibatis.session.defaults.DefaultSqlSession@2c13efa1]
Creating a new SqlSession
SqlSession [org.apache.ibatis.session.defaults.DefaultSqlSession@2a0e641c] was not registered for synchronization because synchronization is not active
JDBC Connection [HikariProxyConnection@424933403 wrapping com.mysql.cj.jdbc.ConnectionImpl@45f49252] will not be managed by Spring
==>  Preparing: SELECT id,name,code,sort_order,status,created_at,updated_at FROM t_post_category WHERE id=? AND status=1
==> Parameters: 2(Long)
<==    Columns: id, name, code, sort_order, status, created_at, updated_at
<==        Row: 2, 讨论, discuss, 2, 1, 2026-05-27 18:20:26, 2026-05-27 18:20:26
<==      Total: 1
Closing non transactional SqlSession [org.apache.ibatis.session.defaults.DefaultSqlSession@2a0e641c]
Creating a new SqlSession
SqlSession [org.apache.ibatis.session.defaults.DefaultSqlSession@7a565a2d] was not registered for synchronization because synchronization is not active
JDBC Connection [HikariProxyConnection@597819391 wrapping com.mysql.cj.jdbc.ConnectionImpl@45f49252] will not be managed by Spring
==>  Preparing: SELECT id,username,password,nickname,avatar,bio,email,status,created_at,updated_at FROM t_user WHERE id=? AND status=1
==> Parameters: 4(Long)
<==    Columns: id, username, password, nickname, avatar, bio, email, status, created_at, updated_at
<==        Row: 4, game_girl, $2a$10$N.zmdr9k7uOCQb376NoUnuTJ8iAt6Z5EHsM8lE9lBOsl7iKTVKIUi, 游戏少女, null, 只玩好游戏~, null, 1, 2026-05-27 18:20:26, 2026-05-27 18:20:26
<==      Total: 1
Closing non transactional SqlSession [org.apache.ibatis.session.defaults.DefaultSqlSession@7a565a2d]
Creating a new SqlSession
SqlSession [org.apache.ibatis.session.defaults.DefaultSqlSession@7a7f2568] was not registered for synchronization because synchronization is not active
JDBC Connection [HikariProxyConnection@842043192 wrapping com.mysql.cj.jdbc.ConnectionImpl@45f49252] will not be managed by Spring
==>  Preparing: SELECT id,name,code,sort_order,status,created_at,updated_at FROM t_post_category WHERE id=? AND status=1
==> Parameters: 3(Long)
<==    Columns: id, name, code, sort_order, status, created_at, updated_at
<==        Row: 3, 求助, help, 3, 1, 2026-05-27 18:20:26, 2026-05-27 18:20:26
<==      Total: 1
Closing non transactional SqlSession [org.apache.ibatis.session.defaults.DefaultSqlSession@7a7f2568]
Creating a new SqlSession
SqlSession [org.apache.ibatis.session.defaults.DefaultSqlSession@1934ea36] was not registered for synchronization because synchronization is not active
JDBC Connection [HikariProxyConnection@442746909 wrapping com.mysql.cj.jdbc.ConnectionImpl@45f49252] will not be managed by Spring
==>  Preparing: SELECT id,username,password,nickname,avatar,bio,email,status,created_at,updated_at FROM t_user WHERE id=? AND status=1
==> Parameters: 5(Long)
<==    Columns: id, username, password, nickname, avatar, bio, email, status, created_at, updated_at
<==        Row: 5, rpg_lover, $2a$10$N.zmdr9k7uOCQb376NoUnuTJ8iAt6Z5EHsM8lE9lBOsl7iKTVKIUi, RPG爱好者, null, RPG永不毕业！, null, 1, 2026-05-27 18:20:26, 2026-05-27 18:20:26
<==      Total: 1
Closing non transactional SqlSession [org.apache.ibatis.session.defaults.DefaultSqlSession@1934ea36]
Creating a new SqlSession
SqlSession [org.apache.ibatis.session.defaults.DefaultSqlSession@533d0d37] was not registered for synchronization because synchronization is not active
JDBC Connection [HikariProxyConnection@1407231023 wrapping com.mysql.cj.jdbc.ConnectionImpl@45f49252] will not be managed by Spring
==>  Preparing: SELECT COUNT( * ) AS total FROM t_notification WHERE (user_id = ? AND is_read = ?)
==> Parameters: 1(Long), 0(Integer)
<==    Columns: total
<==        Row: 0
<==      Total: 1
Closing non transactional SqlSession [org.apache.ibatis.session.defaults.DefaultSqlSession@533d0d37]
Creating a new SqlSession
SqlSession [org.apache.ibatis.session.defaults.DefaultSqlSession@97ef3ad] was not registered for synchronization because synchronization is not active
JDBC Connection [HikariProxyConnection@836528290 wrapping com.mysql.cj.jdbc.ConnectionImpl@73a9ea26] will not be managed by Spring
==>  Preparing: SELECT id,username,password,nickname,avatar,bio,email,status,created_at,updated_at FROM t_user WHERE id=? AND status=1
==> Parameters: 1(Long)
<==    Columns: id, username, password, nickname, avatar, bio, email, status, created_at, updated_at
<==        Row: 1, admin, $2a$10$N.zmdr9k7uOCQb376NoUnuTJ8iAt6Z5EHsM8lE9lBOsl7iKTVKIUi, 管理员, null, GameBox 官方管理员, null, 1, 2026-05-27 18:20:26, 2026-05-27 18:20:26
<==      Total: 1
Closing non transactional SqlSession [org.apache.ibatis.session.defaults.DefaultSqlSession@97ef3ad]
Creating a new SqlSession
SqlSession [org.apache.ibatis.session.defaults.DefaultSqlSession@7c864dbd] was not registered for synchronization because synchronization is not active
JDBC Connection [HikariProxyConnection@35334683 wrapping com.mysql.cj.jdbc.ConnectionImpl@73a9ea26] will not be managed by Spring
==>  Preparing: SELECT COUNT( * ) AS total FROM t_post WHERE status=1 AND (user_id = ? AND status = ?)
==> Parameters: 1(Long), 1(Integer)
<==    Columns: total
<==        Row: 0
<==      Total: 1
Closing non transactional SqlSession [org.apache.ibatis.session.defaults.DefaultSqlSession@7c864dbd]
Creating a new SqlSession
SqlSession [org.apache.ibatis.session.defaults.DefaultSqlSession@66b876d6] was not registered for synchronization because synchronization is not active
JDBC Connection [HikariProxyConnection@681387033 wrapping com.mysql.cj.jdbc.ConnectionImpl@73a9ea26] will not be managed by Spring
==>  Preparing: SELECT COUNT( * ) AS total FROM t_follow WHERE (follower_id = ?)
==> Parameters: 1(Long)
<==    Columns: total
<==        Row: 0
<==      Total: 1
Closing non transactional SqlSession [org.apache.ibatis.session.defaults.DefaultSqlSession@66b876d6]
Creating a new SqlSession
SqlSession [org.apache.ibatis.session.defaults.DefaultSqlSession@25d751db] was not registered for synchronization because synchronization is not active
JDBC Connection [HikariProxyConnection@16555377 wrapping com.mysql.cj.jdbc.ConnectionImpl@73a9ea26] will not be managed by Spring
==>  Preparing: SELECT COUNT( * ) AS total FROM t_follow WHERE (followee_id = ?)
==> Parameters: 1(Long)
<==    Columns: total
<==        Row: 0
<==      Total: 1
Closing non transactional SqlSession [org.apache.ibatis.session.defaults.DefaultSqlSession@25d751db]
Creating a new SqlSession
SqlSession [org.apache.ibatis.session.defaults.DefaultSqlSession@5ed51ec8] was not registered for synchronization because synchronization is not active
JDBC Connection [HikariProxyConnection@1091818816 wrapping com.mysql.cj.jdbc.ConnectionImpl@73a9ea26] will not be managed by Spring
==>  Preparing: SELECT id,user_id,game_id,category_id,title,content,tags,cover_image,view_count,like_count,reply_count,share_count,heat_score,is_top,is_essence,status,created_at,updated_at FROM t_post WHERE status=1 AND (user_id = ? AND status = ?)
==> Parameters: 1(Long), 1(Integer)
<==      Total: 0
Closing non transactional SqlSession [org.apache.ibatis.session.defaults.DefaultSqlSession@5ed51ec8]
Creating a new SqlSession
SqlSession [org.apache.ibatis.session.defaults.DefaultSqlSession@62c33b35] was not registered for synchronization because synchronization is not active
JDBC Connection [HikariProxyConnection@345393915 wrapping com.mysql.cj.jdbc.ConnectionImpl@73a9ea26] will not be managed by Spring
==>  Preparing: SELECT COUNT( * ) AS total FROM t_follow WHERE (follower_id = ? AND followee_id = ?)
==> Parameters: 1(Long), 1(Long)
<==    Columns: total
<==        Row: 0
<==      Total: 1
Closing non transactional SqlSession [org.apache.ibatis.session.defaults.DefaultSqlSession@62c33b35]
Creating a new SqlSession
SqlSession [org.apache.ibatis.session.defaults.DefaultSqlSession@4531c95a] was not registered for synchronization because synchronization is not active
JDBC Connection [HikariProxyConnection@766061792 wrapping com.mysql.cj.jdbc.ConnectionImpl@73a9ea26] will not be managed by Spring
==>  Preparing: SELECT COUNT(*) AS total FROM t_post WHERE status = 1 AND (user_id = ? AND status = ?)
==> Parameters: 1(Long), 1(Integer)
<==    Columns: total
<==        Row: 0
<==      Total: 1
Closing non transactional SqlSession [org.apache.ibatis.session.defaults.DefaultSqlSession@4531c95a]
Creating a new SqlSession
SqlSession [org.apache.ibatis.session.defaults.DefaultSqlSession@713699fe] was not registered for synchronization because synchronization is not active
JDBC Connection [HikariProxyConnection@2118330091 wrapping com.mysql.cj.jdbc.ConnectionImpl@73a9ea26] will not be managed by Spring
==>  Preparing: SELECT COUNT( * ) AS total FROM t_notification WHERE (user_id = ? AND is_read = ?)
==> Parameters: 1(Long), 0(Integer)
<==    Columns: total
<==        Row: 0
<==      Total: 1
Closing non transactional SqlSession [org.apache.ibatis.session.defaults.DefaultSqlSession@713699fe]
Creating a new SqlSession
SqlSession [org.apache.ibatis.session.defaults.DefaultSqlSession@7b519bab] was not registered for synchronization because synchronization is not active
JDBC Connection [HikariProxyConnection@2111361536 wrapping com.mysql.cj.jdbc.ConnectionImpl@73a9ea26] will not be managed by Spring
==>  Preparing: SELECT COUNT(*) AS total FROM t_post WHERE status = 1 AND (status = ?)
==> Parameters: 1(Integer)
<==    Columns: total
<==        Row: 8
<==      Total: 1
==>  Preparing: SELECT id,user_id,game_id,category_id,title,content,tags,cover_image,view_count,like_count,reply_count,share_count,heat_score,is_top,is_essence,status,created_at,updated_at FROM t_post WHERE status=1 AND (status = ?) ORDER BY heat_score DESC,created_at DESC LIMIT ?
==> Parameters: 1(Integer), 10(Long)
<==    Columns: id, user_id, game_id, category_id, title, content, tags, cover_image, view_count, like_count, reply_count, share_count, heat_score, is_top, is_essence, status, created_at, updated_at
<==        Row: 6, 3, 4, 5, 黑神话DLC预测：下一站天庭？, <<BLOB>>, 黑神话,悟空,DLC,预测, null, 3208, 278, 99, 0, 120.5, 0, 0, 1, 2026-05-27 18:20:26, 2026-05-27 18:20:26
<==        Row: 2, 3, 4, 1, 黑神话：悟空 隐藏BOSS全部打法分享, <<BLOB>>, 黑神话,悟空,BOSS攻略, null, 1897, 203, 67, 0, 92.3, 0, 0, 1, 2026-05-27 18:20:26, 2026-05-27 18:20:26
<==        Row: 1, 2, 1, 1, 艾尔登法环 DLC 黄金树幽影 全地图攻略, <<BLOB>>, 艾尔登法环,攻略,DLC, null, 2347, 157, 43, 0, 85.6, 0, 0, 1, 2026-05-27 18:20:26, 2026-05-27 18:20:26
<==        Row: 3, 4, 3, 2, 博德之门3 最强Build推荐, <<BLOB>>, 博德之门3,Build,RPG, null, 1203, 89, 32, 0, 45.2, 0, 0, 1, 2026-05-27 18:20:26, 2026-05-27 18:20:26
<==        Row: 4, 5, 2, 4, 王国之泪 200小时后的感动, <<BLOB>>, 塞尔达,王国之泪,感想, null, 890, 67, 18, 0, 28.7, 0, 0, 1, 2026-05-27 18:20:26, 2026-05-27 18:20:26
<==        Row: 7, 4, 1, 2, 讨论：FromSoftware下一作会是什么题材, <<BLOB>>, FromSoftware,魂系,新作, null, 670, 34, 15, 0, 18.9, 0, 0, 1, 2026-05-27 18:20:26, 2026-05-27 18:20:26
<==        Row: 5, 2, 5, 1, 星露谷物语 新手入门指南, <<BLOB>>, 星露谷,新手,指南, null, 561, 45, 12, 0, 15.3, 0, 0, 1, 2026-05-27 18:20:26, 2026-05-27 18:20:26
<==        Row: 8, 5, 3, 3, 求助：博德之门3 影心个人任务卡住了, <<BLOB>>, 博德之门3,求助,Bug, null, 320, 12, 8, 0, 6.5, 0, 0, 1, 2026-05-27 18:20:26, 2026-05-27 18:20:26
<==      Total: 8
Closing non transactional SqlSession [org.apache.ibatis.session.defaults.DefaultSqlSession@7b519bab]
Creating a new SqlSession
SqlSession [org.apache.ibatis.session.defaults.DefaultSqlSession@3e64b5b2] was not registered for synchronization because synchronization is not active
JDBC Connection [HikariProxyConnection@93796524 wrapping com.mysql.cj.jdbc.ConnectionImpl@73a9ea26] will not be managed by Spring
==>  Preparing: SELECT id,name,code,sort_order,status,created_at,updated_at FROM t_post_category WHERE id=? AND status=1
==> Parameters: 5(Long)
<==    Columns: id, name, code, sort_order, status, created_at, updated_at
<==        Row: 5, 新闻, news, 5, 1, 2026-05-27 18:20:26, 2026-05-27 18:20:26
<==      Total: 1
Closing non transactional SqlSession [org.apache.ibatis.session.defaults.DefaultSqlSession@3e64b5b2]
Creating a new SqlSession
SqlSession [org.apache.ibatis.session.defaults.DefaultSqlSession@33cdce5] was not registered for synchronization because synchronization is not active
JDBC Connection [HikariProxyConnection@409874453 wrapping com.mysql.cj.jdbc.ConnectionImpl@73a9ea26] will not be managed by Spring
==>  Preparing: SELECT id,username,password,nickname,avatar,bio,email,status,created_at,updated_at FROM t_user WHERE id=? AND status=1
==> Parameters: 3(Long)
<==    Columns: id, username, password, nickname, avatar, bio, email, status, created_at, updated_at
<==        Row: 3, gamer_pro, $2a$10$N.zmdr9k7uOCQb376NoUnuTJ8iAt6Z5EHsM8lE9lBOsl7iKTVKIUi, 高玩达人, null, 全平台制霸！, null, 1, 2026-05-27 18:20:26, 2026-05-27 18:20:26
<==      Total: 1
Closing non transactional SqlSession [org.apache.ibatis.session.defaults.DefaultSqlSession@33cdce5]
Creating a new SqlSession
SqlSession [org.apache.ibatis.session.defaults.DefaultSqlSession@42e0eabb] was not registered for synchronization because synchronization is not active
JDBC Connection [HikariProxyConnection@668917238 wrapping com.mysql.cj.jdbc.ConnectionImpl@73a9ea26] will not be managed by Spring
==>  Preparing: SELECT id,name,code,sort_order,status,created_at,updated_at FROM t_post_category WHERE id=? AND status=1
==> Parameters: 1(Long)
<==    Columns: id, name, code, sort_order, status, created_at, updated_at
<==        Row: 1, 攻略, guide, 1, 1, 2026-05-27 18:20:26, 2026-05-27 18:20:26
<==      Total: 1
Closing non transactional SqlSession [org.apache.ibatis.session.defaults.DefaultSqlSession@42e0eabb]
Creating a new SqlSession
SqlSession [org.apache.ibatis.session.defaults.DefaultSqlSession@6b3330fe] was not registered for synchronization because synchronization is not active
JDBC Connection [HikariProxyConnection@776186385 wrapping com.mysql.cj.jdbc.ConnectionImpl@73a9ea26] will not be managed by Spring
==>  Preparing: SELECT id,username,password,nickname,avatar,bio,email,status,created_at,updated_at FROM t_user WHERE id=? AND status=1
==> Parameters: 3(Long)
<==    Columns: id, username, password, nickname, avatar, bio, email, status, created_at, updated_at
<==        Row: 3, gamer_pro, $2a$10$N.zmdr9k7uOCQb376NoUnuTJ8iAt6Z5EHsM8lE9lBOsl7iKTVKIUi, 高玩达人, null, 全平台制霸！, null, 1, 2026-05-27 18:20:26, 2026-05-27 18:20:26
<==      Total: 1
Closing non transactional SqlSession [org.apache.ibatis.session.defaults.DefaultSqlSession@6b3330fe]
Creating a new SqlSession
SqlSession [org.apache.ibatis.session.defaults.DefaultSqlSession@7c05e699] was not registered for synchronization because synchronization is not active
JDBC Connection [HikariProxyConnection@247696679 wrapping com.mysql.cj.jdbc.ConnectionImpl@73a9ea26] will not be managed by Spring
==>  Preparing: SELECT id,name,code,sort_order,status,created_at,updated_at FROM t_post_category WHERE id=? AND status=1
==> Parameters: 1(Long)
<==    Columns: id, name, code, sort_order, status, created_at, updated_at
<==        Row: 1, 攻略, guide, 1, 1, 2026-05-27 18:20:26, 2026-05-27 18:20:26
<==      Total: 1
Closing non transactional SqlSession [org.apache.ibatis.session.defaults.DefaultSqlSession@7c05e699]
Creating a new SqlSession
SqlSession [org.apache.ibatis.session.defaults.DefaultSqlSession@5d3a60d1] was not registered for synchronization because synchronization is not active
JDBC Connection [HikariProxyConnection@249066689 wrapping com.mysql.cj.jdbc.ConnectionImpl@73a9ea26] will not be managed by Spring
==>  Preparing: SELECT id,username,password,nickname,avatar,bio,email,status,created_at,updated_at FROM t_user WHERE id=? AND status=1
==> Parameters: 2(Long)
<==    Columns: id, username, password, nickname, avatar, bio, email, status, created_at, updated_at
<==        Row: 2, player1, $2a$10$N.zmdr9k7uOCQb376NoUnuTJ8iAt6Z5EHsM8lE9lBOsl7iKTVKIUi, 玩家一号, null, 热爱游戏的普通玩家, null, 1, 2026-05-27 18:20:26, 2026-05-27 18:20:26
<==      Total: 1
Closing non transactional SqlSession [org.apache.ibatis.session.defaults.DefaultSqlSession@5d3a60d1]
Creating a new SqlSession
SqlSession [org.apache.ibatis.session.defaults.DefaultSqlSession@3ccd3915] was not registered for synchronization because synchronization is not active
JDBC Connection [HikariProxyConnection@847248053 wrapping com.mysql.cj.jdbc.ConnectionImpl@73a9ea26] will not be managed by Spring
==>  Preparing: SELECT id,name,code,sort_order,status,created_at,updated_at FROM t_post_category WHERE id=? AND status=1
==> Parameters: 2(Long)
<==    Columns: id, name, code, sort_order, status, created_at, updated_at
<==        Row: 2, 讨论, discuss, 2, 1, 2026-05-27 18:20:26, 2026-05-27 18:20:26
<==      Total: 1
Closing non transactional SqlSession [org.apache.ibatis.session.defaults.DefaultSqlSession@3ccd3915]
Creating a new SqlSession
SqlSession [org.apache.ibatis.session.defaults.DefaultSqlSession@6067ff1c] was not registered for synchronization because synchronization is not active
JDBC Connection [HikariProxyConnection@901212052 wrapping com.mysql.cj.jdbc.ConnectionImpl@73a9ea26] will not be managed by Spring
==>  Preparing: SELECT id,username,password,nickname,avatar,bio,email,status,created_at,updated_at FROM t_user WHERE id=? AND status=1
==> Parameters: 4(Long)
<==    Columns: id, username, password, nickname, avatar, bio, email, status, created_at, updated_at
<==        Row: 4, game_girl, $2a$10$N.zmdr9k7uOCQb376NoUnuTJ8iAt6Z5EHsM8lE9lBOsl7iKTVKIUi, 游戏少女, null, 只玩好游戏~, null, 1, 2026-05-27 18:20:26, 2026-05-27 18:20:26
<==      Total: 1
Closing non transactional SqlSession [org.apache.ibatis.session.defaults.DefaultSqlSession@6067ff1c]
Creating a new SqlSession
SqlSession [org.apache.ibatis.session.defaults.DefaultSqlSession@6076fe5e] was not registered for synchronization because synchronization is not active
JDBC Connection [HikariProxyConnection@1068921427 wrapping com.mysql.cj.jdbc.ConnectionImpl@73a9ea26] will not be managed by Spring
==>  Preparing: SELECT id,name,code,sort_order,status,created_at,updated_at FROM t_post_category WHERE id=? AND status=1
==> Parameters: 4(Long)
<==    Columns: id, name, code, sort_order, status, created_at, updated_at
<==        Row: 4, 分享, share, 4, 1, 2026-05-27 18:20:26, 2026-05-27 18:20:26
<==      Total: 1
Closing non transactional SqlSession [org.apache.ibatis.session.defaults.DefaultSqlSession@6076fe5e]
Creating a new SqlSession
SqlSession [org.apache.ibatis.session.defaults.DefaultSqlSession@4d5100b4] was not registered for synchronization because synchronization is not active
JDBC Connection [HikariProxyConnection@436376398 wrapping com.mysql.cj.jdbc.ConnectionImpl@73a9ea26] will not be managed by Spring
==>  Preparing: SELECT id,username,password,nickname,avatar,bio,email,status,created_at,updated_at FROM t_user WHERE id=? AND status=1
==> Parameters: 5(Long)
<==    Columns: id, username, password, nickname, avatar, bio, email, status, created_at, updated_at
<==        Row: 5, rpg_lover, $2a$10$N.zmdr9k7uOCQb376NoUnuTJ8iAt6Z5EHsM8lE9lBOsl7iKTVKIUi, RPG爱好者, null, RPG永不毕业！, null, 1, 2026-05-27 18:20:26, 2026-05-27 18:20:26
<==      Total: 1
Closing non transactional SqlSession [org.apache.ibatis.session.defaults.DefaultSqlSession@4d5100b4]
Creating a new SqlSession
SqlSession [org.apache.ibatis.session.defaults.DefaultSqlSession@3efe391d] was not registered for synchronization because synchronization is not active
JDBC Connection [HikariProxyConnection@2079312598 wrapping com.mysql.cj.jdbc.ConnectionImpl@73a9ea26] will not be managed by Spring
==>  Preparing: SELECT id,name,code,sort_order,status,created_at,updated_at FROM t_post_category WHERE id=? AND status=1
==> Parameters: 2(Long)
<==    Columns: id, name, code, sort_order, status, created_at, updated_at
<==        Row: 2, 讨论, discuss, 2, 1, 2026-05-27 18:20:26, 2026-05-27 18:20:26
<==      Total: 1
Closing non transactional SqlSession [org.apache.ibatis.session.defaults.DefaultSqlSession@3efe391d]
Creating a new SqlSession
SqlSession [org.apache.ibatis.session.defaults.DefaultSqlSession@31e209f8] was not registered for synchronization because synchronization is not active
JDBC Connection [HikariProxyConnection@2115762184 wrapping com.mysql.cj.jdbc.ConnectionImpl@73a9ea26] will not be managed by Spring
==>  Preparing: SELECT id,username,password,nickname,avatar,bio,email,status,created_at,updated_at FROM t_user WHERE id=? AND status=1
==> Parameters: 4(Long)
<==    Columns: id, username, password, nickname, avatar, bio, email, status, created_at, updated_at
<==        Row: 4, game_girl, $2a$10$N.zmdr9k7uOCQb376NoUnuTJ8iAt6Z5EHsM8lE9lBOsl7iKTVKIUi, 游戏少女, null, 只玩好游戏~, null, 1, 2026-05-27 18:20:26, 2026-05-27 18:20:26
<==      Total: 1
Closing non transactional SqlSession [org.apache.ibatis.session.defaults.DefaultSqlSession@31e209f8]
Creating a new SqlSession
SqlSession [org.apache.ibatis.session.defaults.DefaultSqlSession@43963c9b] was not registered for synchronization because synchronization is not active
JDBC Connection [HikariProxyConnection@1654276312 wrapping com.mysql.cj.jdbc.ConnectionImpl@73a9ea26] will not be managed by Spring
==>  Preparing: SELECT id,name,code,sort_order,status,created_at,updated_at FROM t_post_category WHERE id=? AND status=1
==> Parameters: 1(Long)
<==    Columns: id, name, code, sort_order, status, created_at, updated_at
<==        Row: 1, 攻略, guide, 1, 1, 2026-05-27 18:20:26, 2026-05-27 18:20:26
<==      Total: 1
Closing non transactional SqlSession [org.apache.ibatis.session.defaults.DefaultSqlSession@43963c9b]
Creating a new SqlSession
SqlSession [org.apache.ibatis.session.defaults.DefaultSqlSession@1a63f2c] was not registered for synchronization because synchronization is not active
JDBC Connection [HikariProxyConnection@1940306279 wrapping com.mysql.cj.jdbc.ConnectionImpl@73a9ea26] will not be managed by Spring
==>  Preparing: SELECT id,username,password,nickname,avatar,bio,email,status,created_at,updated_at FROM t_user WHERE id=? AND status=1
==> Parameters: 2(Long)
<==    Columns: id, username, password, nickname, avatar, bio, email, status, created_at, updated_at
<==        Row: 2, player1, $2a$10$N.zmdr9k7uOCQb376NoUnuTJ8iAt6Z5EHsM8lE9lBOsl7iKTVKIUi, 玩家一号, null, 热爱游戏的普通玩家, null, 1, 2026-05-27 18:20:26, 2026-05-27 18:20:26
<==      Total: 1
Closing non transactional SqlSession [org.apache.ibatis.session.defaults.DefaultSqlSession@1a63f2c]
Creating a new SqlSession
SqlSession [org.apache.ibatis.session.defaults.DefaultSqlSession@1d1ddf6] was not registered for synchronization because synchronization is not active
JDBC Connection [HikariProxyConnection@826199487 wrapping com.mysql.cj.jdbc.ConnectionImpl@73a9ea26] will not be managed by Spring
==>  Preparing: SELECT id,name,code,sort_order,status,created_at,updated_at FROM t_post_category WHERE id=? AND status=1
==> Parameters: 3(Long)
<==    Columns: id, name, code, sort_order, status, created_at, updated_at
<==        Row: 3, 求助, help, 3, 1, 2026-05-27 18:20:26, 2026-05-27 18:20:26
<==      Total: 1
Closing non transactional SqlSession [org.apache.ibatis.session.defaults.DefaultSqlSession@1d1ddf6]
Creating a new SqlSession
SqlSession [org.apache.ibatis.session.defaults.DefaultSqlSession@61d38a24] was not registered for synchronization because synchronization is not active
JDBC Connection [HikariProxyConnection@1860355461 wrapping com.mysql.cj.jdbc.ConnectionImpl@73a9ea26] will not be managed by Spring
==>  Preparing: SELECT id,username,password,nickname,avatar,bio,email,status,created_at,updated_at FROM t_user WHERE id=? AND status=1
==> Parameters: 5(Long)
<==    Columns: id, username, password, nickname, avatar, bio, email, status, created_at, updated_at
<==        Row: 5, rpg_lover, $2a$10$N.zmdr9k7uOCQb376NoUnuTJ8iAt6Z5EHsM8lE9lBOsl7iKTVKIUi, RPG爱好者, null, RPG永不毕业！, null, 1, 2026-05-27 18:20:26, 2026-05-27 18:20:26
<==      Total: 1
Closing non transactional SqlSession [org.apache.ibatis.session.defaults.DefaultSqlSession@61d38a24]
Creating a new SqlSession
SqlSession [org.apache.ibatis.session.defaults.DefaultSqlSession@56354324] was not registered for synchronization because synchronization is not active
JDBC Connection [HikariProxyConnection@1950816895 wrapping com.mysql.cj.jdbc.ConnectionImpl@45f49252] will not be managed by Spring
==>  Preparing: SELECT COUNT( * ) AS total FROM t_notification WHERE (user_id = ? AND is_read = ?)
==> Parameters: 1(Long), 0(Integer)
<==    Columns: total
<==        Row: 0
<==      Total: 1
Closing non transactional SqlSession [org.apache.ibatis.session.defaults.DefaultSqlSession@56354324]
Creating a new SqlSession
SqlSession [org.apache.ibatis.session.defaults.DefaultSqlSession@71e0bbfa] was not registered for synchronization because synchronization is not active
JDBC Connection [HikariProxyConnection@834900827 wrapping com.mysql.cj.jdbc.ConnectionImpl@73a9ea26] will not be managed by Spring
==>  Preparing: SELECT COUNT( * ) AS total FROM t_notification WHERE (user_id = ? AND is_read = ?)
==> Parameters: 1(Long), 0(Integer)
<==    Columns: total
<==        Row: 0
<==      Total: 1
Closing non transactional SqlSession [org.apache.ibatis.session.defaults.DefaultSqlSession@71e0bbfa]
Creating a new SqlSession
SqlSession [org.apache.ibatis.session.defaults.DefaultSqlSession@24527ed3] was not registered for synchronization because synchronization is not active
JDBC Connection [HikariProxyConnection@436819253 wrapping com.mysql.cj.jdbc.ConnectionImpl@45f49252] will not be managed by Spring
==>  Preparing: SELECT COUNT( * ) AS total FROM t_notification WHERE (user_id = ? AND is_read = ?)
==> Parameters: 1(Long), 0(Integer)
<==    Columns: total
<==        Row: 0
<==      Total: 1
Closing non transactional SqlSession [org.apache.ibatis.session.defaults.DefaultSqlSession@24527ed3]
Creating a new SqlSession
SqlSession [org.apache.ibatis.session.defaults.DefaultSqlSession@56a67cb2] was not registered for synchronization because synchronization is not active
JDBC Connection [HikariProxyConnection@357296418 wrapping com.mysql.cj.jdbc.ConnectionImpl@45f49252] will not be managed by Spring
==>  Preparing: SELECT COUNT( * ) AS total FROM t_notification WHERE (user_id = ? AND is_read = ?)
==> Parameters: 1(Long), 0(Integer)
<==    Columns: total
<==        Row: 0
<==      Total: 1
Closing non transactional SqlSession [org.apache.ibatis.session.defaults.DefaultSqlSession@56a67cb2]
Creating a new SqlSession
SqlSession [org.apache.ibatis.session.defaults.DefaultSqlSession@7f816388] was not registered for synchronization because synchronization is not active
JDBC Connection [HikariProxyConnection@1156484602 wrapping com.mysql.cj.jdbc.ConnectionImpl@45f49252] will not be managed by Spring
==>  Preparing: SELECT COUNT( * ) AS total FROM t_notification WHERE (user_id = ? AND is_read = ?)
==> Parameters: 1(Long), 0(Integer)
<==    Columns: total
<==        Row: 0
<==      Total: 1
Closing non transactional SqlSession [org.apache.ibatis.session.defaults.DefaultSqlSession@7f816388]
Creating a new SqlSession
SqlSession [org.apache.ibatis.session.defaults.DefaultSqlSession@684bca6b] was not registered for synchronization because synchronization is not active
JDBC Connection [HikariProxyConnection@321539780 wrapping com.mysql.cj.jdbc.ConnectionImpl@73a9ea26] will not be managed by Spring
==>  Preparing: SELECT COUNT( * ) AS total FROM t_notification WHERE (user_id = ? AND is_read = ?)
==> Parameters: 1(Long), 0(Integer)
<==    Columns: total
<==        Row: 0
<==      Total: 1
Closing non transactional SqlSession [org.apache.ibatis.session.defaults.DefaultSqlSession@684bca6b]
Creating a new SqlSession
SqlSession [org.apache.ibatis.session.defaults.DefaultSqlSession@153371e1] was not registered for synchronization because synchronization is not active
JDBC Connection [HikariProxyConnection@1577259268 wrapping com.mysql.cj.jdbc.ConnectionImpl@45f49252] will not be managed by Spring
==>  Preparing: SELECT COUNT( * ) AS total FROM t_notification WHERE (user_id = ? AND is_read = ?)
==> Parameters: 1(Long), 0(Integer)
<==    Columns: total
<==        Row: 0
<==      Total: 1
Closing non transactional SqlSession [org.apache.ibatis.session.defaults.DefaultSqlSession@153371e1]
Creating a new SqlSession
SqlSession [org.apache.ibatis.session.defaults.DefaultSqlSession@17193b8] was not registered for synchronization because synchronization is not active
JDBC Connection [HikariProxyConnection@1145897729 wrapping com.mysql.cj.jdbc.ConnectionImpl@45f49252] will not be managed by Spring
==>  Preparing: SELECT COUNT( * ) AS total FROM t_notification WHERE (user_id = ? AND is_read = ?)
==> Parameters: 1(Long), 0(Integer)
<==    Columns: total
<==        Row: 0
<==      Total: 1
Closing non transactional SqlSession [org.apache.ibatis.session.defaults.DefaultSqlSession@17193b8]
Creating a new SqlSession
SqlSession [org.apache.ibatis.session.defaults.DefaultSqlSession@249ec887] was not registered for synchronization because synchronization is not active
JDBC Connection [HikariProxyConnection@740957263 wrapping com.mysql.cj.jdbc.ConnectionImpl@2a91b780] will not be managed by Spring
==>  Preparing: SELECT COUNT( * ) AS total FROM t_notification WHERE (user_id = ? AND is_read = ?)
==> Parameters: 1(Long), 0(Integer)
<==    Columns: total
<==        Row: 0
<==      Total: 1
Closing non transactional SqlSession [org.apache.ibatis.session.defaults.DefaultSqlSession@249ec887]
Creating a new SqlSession
SqlSession [org.apache.ibatis.session.defaults.DefaultSqlSession@7786c254] was not registered for synchronization because synchronization is not active
JDBC Connection [HikariProxyConnection@175760426 wrapping com.mysql.cj.jdbc.ConnectionImpl@2a91b780] will not be managed by Spring
==>  Preparing: SELECT COUNT( * ) AS total FROM t_notification WHERE (user_id = ? AND is_read = ?)
==> Parameters: 1(Long), 0(Integer)
<==    Columns: total
<==        Row: 0
<==      Total: 1
Closing non transactional SqlSession [org.apache.ibatis.session.defaults.DefaultSqlSession@7786c254]
Creating a new SqlSession
SqlSession [org.apache.ibatis.session.defaults.DefaultSqlSession@468499de] was not registered for synchronization because synchronization is not active
JDBC Connection [HikariProxyConnection@978636361 wrapping com.mysql.cj.jdbc.ConnectionImpl@2a91b780] will not be managed by Spring
==>  Preparing: SELECT COUNT( * ) AS total FROM t_notification WHERE (user_id = ? AND is_read = ?)
==> Parameters: 1(Long), 0(Integer)
<==    Columns: total
<==        Row: 0
<==      Total: 1
Closing non transactional SqlSession [org.apache.ibatis.session.defaults.DefaultSqlSession@468499de]
Creating a new SqlSession
SqlSession [org.apache.ibatis.session.defaults.DefaultSqlSession@42873825] was not registered for synchronization because synchronization is not active
JDBC Connection [HikariProxyConnection@910976228 wrapping com.mysql.cj.jdbc.ConnectionImpl@2a91b780] will not be managed by Spring
==>  Preparing: SELECT COUNT( * ) AS total FROM t_notification WHERE (user_id = ? AND is_read = ?)
==> Parameters: 1(Long), 0(Integer)
<==    Columns: total
<==        Row: 0
<==      Total: 1
Closing non transactional SqlSession [org.apache.ibatis.session.defaults.DefaultSqlSession@42873825]
Creating a new SqlSession
SqlSession [org.apache.ibatis.session.defaults.DefaultSqlSession@3ea32c68] was not registered for synchronization because synchronization is not active
JDBC Connection [HikariProxyConnection@1168014729 wrapping com.mysql.cj.jdbc.ConnectionImpl@2a91b780] will not be managed by Spring
==>  Preparing: SELECT COUNT( * ) AS total FROM t_notification WHERE (user_id = ? AND is_read = ?)
==> Parameters: 1(Long), 0(Integer)
<==    Columns: total
<==        Row: 0
<==      Total: 1
Closing non transactional SqlSession [org.apache.ibatis.session.defaults.DefaultSqlSession@3ea32c68]
Creating a new SqlSession
SqlSession [org.apache.ibatis.session.defaults.DefaultSqlSession@5411de57] was not registered for synchronization because synchronization is not active
JDBC Connection [HikariProxyConnection@1669498592 wrapping com.mysql.cj.jdbc.ConnectionImpl@2a91b780] will not be managed by Spring
==>  Preparing: SELECT COUNT(*) AS total FROM t_post WHERE status = 1 AND (status = ?)
==> Parameters: 1(Integer)
<==    Columns: total
<==        Row: 8
<==      Total: 1
==>  Preparing: SELECT id,user_id,game_id,category_id,title,content,tags,cover_image,view_count,like_count,reply_count,share_count,heat_score,is_top,is_essence,status,created_at,updated_at FROM t_post WHERE status=1 AND (status = ?) ORDER BY created_at DESC LIMIT ?
==> Parameters: 1(Integer), 10(Long)
<==    Columns: id, user_id, game_id, category_id, title, content, tags, cover_image, view_count, like_count, reply_count, share_count, heat_score, is_top, is_essence, status, created_at, updated_at
<==        Row: 1, 2, 1, 1, 艾尔登法环 DLC 黄金树幽影 全地图攻略, <<BLOB>>, 艾尔登法环,攻略,DLC, null, 2347, 157, 43, 0, 85.6, 0, 0, 1, 2026-05-27 18:20:26, 2026-05-27 18:20:26
<==        Row: 2, 3, 4, 1, 黑神话：悟空 隐藏BOSS全部打法分享, <<BLOB>>, 黑神话,悟空,BOSS攻略, null, 1897, 203, 67, 0, 92.3, 0, 0, 1, 2026-05-27 18:20:26, 2026-05-27 18:20:26
<==        Row: 3, 4, 3, 2, 博德之门3 最强Build推荐, <<BLOB>>, 博德之门3,Build,RPG, null, 1203, 89, 32, 0, 45.2, 0, 0, 1, 2026-05-27 18:20:26, 2026-05-27 18:20:26
<==        Row: 4, 5, 2, 4, 王国之泪 200小时后的感动, <<BLOB>>, 塞尔达,王国之泪,感想, null, 890, 67, 18, 0, 28.7, 0, 0, 1, 2026-05-27 18:20:26, 2026-05-27 18:20:26
<==        Row: 5, 2, 5, 1, 星露谷物语 新手入门指南, <<BLOB>>, 星露谷,新手,指南, null, 561, 45, 12, 0, 15.3, 0, 0, 1, 2026-05-27 18:20:26, 2026-05-27 18:20:26
<==        Row: 6, 3, 4, 5, 黑神话DLC预测：下一站天庭？, <<BLOB>>, 黑神话,悟空,DLC,预测, null, 3208, 278, 99, 0, 120.5, 0, 0, 1, 2026-05-27 18:20:26, 2026-05-27 18:20:26
<==        Row: 7, 4, 1, 2, 讨论：FromSoftware下一作会是什么题材, <<BLOB>>, FromSoftware,魂系,新作, null, 670, 34, 15, 0, 18.9, 0, 0, 1, 2026-05-27 18:20:26, 2026-05-27 18:20:26
<==        Row: 8, 5, 3, 3, 求助：博德之门3 影心个人任务卡住了, <<BLOB>>, 博德之门3,求助,Bug, null, 320, 12, 8, 0, 6.5, 0, 0, 1, 2026-05-27 18:20:26, 2026-05-27 18:20:26
<==      Total: 8
Closing non transactional SqlSession [org.apache.ibatis.session.defaults.DefaultSqlSession@5411de57]
Creating a new SqlSession
SqlSession [org.apache.ibatis.session.defaults.DefaultSqlSession@5a3c6b0] was not registered for synchronization because synchronization is not active
JDBC Connection [HikariProxyConnection@1927411042 wrapping com.mysql.cj.jdbc.ConnectionImpl@2a91b780] will not be managed by Spring
==>  Preparing: SELECT id,name,code,sort_order,status,created_at,updated_at FROM t_post_category WHERE id=? AND status=1
==> Parameters: 1(Long)
<==    Columns: id, name, code, sort_order, status, created_at, updated_at
<==        Row: 1, 攻略, guide, 1, 1, 2026-05-27 18:20:26, 2026-05-27 18:20:26
<==      Total: 1
Closing non transactional SqlSession [org.apache.ibatis.session.defaults.DefaultSqlSession@5a3c6b0]
Creating a new SqlSession
SqlSession [org.apache.ibatis.session.defaults.DefaultSqlSession@5a582faa] was not registered for synchronization because synchronization is not active
JDBC Connection [HikariProxyConnection@1104536599 wrapping com.mysql.cj.jdbc.ConnectionImpl@2a91b780] will not be managed by Spring
==>  Preparing: SELECT id,username,password,nickname,avatar,bio,email,status,created_at,updated_at FROM t_user WHERE id=? AND status=1
==> Parameters: 2(Long)
<==    Columns: id, username, password, nickname, avatar, bio, email, status, created_at, updated_at
<==        Row: 2, player1, $2a$10$N.zmdr9k7uOCQb376NoUnuTJ8iAt6Z5EHsM8lE9lBOsl7iKTVKIUi, 玩家一号, null, 热爱游戏的普通玩家, null, 1, 2026-05-27 18:20:26, 2026-05-27 18:20:26
<==      Total: 1
Closing non transactional SqlSession [org.apache.ibatis.session.defaults.DefaultSqlSession@5a582faa]
Creating a new SqlSession
SqlSession [org.apache.ibatis.session.defaults.DefaultSqlSession@afbd76b] was not registered for synchronization because synchronization is not active
JDBC Connection [HikariProxyConnection@298159329 wrapping com.mysql.cj.jdbc.ConnectionImpl@2a91b780] will not be managed by Spring
==>  Preparing: SELECT id,name,code,sort_order,status,created_at,updated_at FROM t_post_category WHERE id=? AND status=1
==> Parameters: 1(Long)
<==    Columns: id, name, code, sort_order, status, created_at, updated_at
<==        Row: 1, 攻略, guide, 1, 1, 2026-05-27 18:20:26, 2026-05-27 18:20:26
<==      Total: 1
Closing non transactional SqlSession [org.apache.ibatis.session.defaults.DefaultSqlSession@afbd76b]
Creating a new SqlSession
SqlSession [org.apache.ibatis.session.defaults.DefaultSqlSession@518fd4d0] was not registered for synchronization because synchronization is not active
JDBC Connection [HikariProxyConnection@85659909 wrapping com.mysql.cj.jdbc.ConnectionImpl@2a91b780] will not be managed by Spring
==>  Preparing: SELECT id,username,password,nickname,avatar,bio,email,status,created_at,updated_at FROM t_user WHERE id=? AND status=1
==> Parameters: 3(Long)
<==    Columns: id, username, password, nickname, avatar, bio, email, status, created_at, updated_at
<==        Row: 3, gamer_pro, $2a$10$N.zmdr9k7uOCQb376NoUnuTJ8iAt6Z5EHsM8lE9lBOsl7iKTVKIUi, 高玩达人, null, 全平台制霸！, null, 1, 2026-05-27 18:20:26, 2026-05-27 18:20:26
<==      Total: 1
Closing non transactional SqlSession [org.apache.ibatis.session.defaults.DefaultSqlSession@518fd4d0]
Creating a new SqlSession
SqlSession [org.apache.ibatis.session.defaults.DefaultSqlSession@3668e5f6] was not registered for synchronization because synchronization is not active
JDBC Connection [HikariProxyConnection@426679999 wrapping com.mysql.cj.jdbc.ConnectionImpl@2a91b780] will not be managed by Spring
==>  Preparing: SELECT id,name,code,sort_order,status,created_at,updated_at FROM t_post_category WHERE id=? AND status=1
==> Parameters: 2(Long)
<==    Columns: id, name, code, sort_order, status, created_at, updated_at
<==        Row: 2, 讨论, discuss, 2, 1, 2026-05-27 18:20:26, 2026-05-27 18:20:26
<==      Total: 1
Closing non transactional SqlSession [org.apache.ibatis.session.defaults.DefaultSqlSession@3668e5f6]
Creating a new SqlSession
SqlSession [org.apache.ibatis.session.defaults.DefaultSqlSession@5d83bac6] was not registered for synchronization because synchronization is not active
JDBC Connection [HikariProxyConnection@750105557 wrapping com.mysql.cj.jdbc.ConnectionImpl@2a91b780] will not be managed by Spring
==>  Preparing: SELECT id,username,password,nickname,avatar,bio,email,status,created_at,updated_at FROM t_user WHERE id=? AND status=1
==> Parameters: 4(Long)
<==    Columns: id, username, password, nickname, avatar, bio, email, status, created_at, updated_at
<==        Row: 4, game_girl, $2a$10$N.zmdr9k7uOCQb376NoUnuTJ8iAt6Z5EHsM8lE9lBOsl7iKTVKIUi, 游戏少女, null, 只玩好游戏~, null, 1, 2026-05-27 18:20:26, 2026-05-27 18:20:26
<==      Total: 1
Closing non transactional SqlSession [org.apache.ibatis.session.defaults.DefaultSqlSession@5d83bac6]
Creating a new SqlSession
SqlSession [org.apache.ibatis.session.defaults.DefaultSqlSession@41b195b] was not registered for synchronization because synchronization is not active
JDBC Connection [HikariProxyConnection@1150211732 wrapping com.mysql.cj.jdbc.ConnectionImpl@2a91b780] will not be managed by Spring
==>  Preparing: SELECT id,name,code,sort_order,status,created_at,updated_at FROM t_post_category WHERE id=? AND status=1
==> Parameters: 4(Long)
<==    Columns: id, name, code, sort_order, status, created_at, updated_at
<==        Row: 4, 分享, share, 4, 1, 2026-05-27 18:20:26, 2026-05-27 18:20:26
<==      Total: 1
Closing non transactional SqlSession [org.apache.ibatis.session.defaults.DefaultSqlSession@41b195b]
Creating a new SqlSession
SqlSession [org.apache.ibatis.session.defaults.DefaultSqlSession@1ee0f26e] was not registered for synchronization because synchronization is not active
JDBC Connection [HikariProxyConnection@1114501416 wrapping com.mysql.cj.jdbc.ConnectionImpl@2a91b780] will not be managed by Spring
==>  Preparing: SELECT id,username,password,nickname,avatar,bio,email,status,created_at,updated_at FROM t_user WHERE id=? AND status=1
==> Parameters: 5(Long)
<==    Columns: id, username, password, nickname, avatar, bio, email, status, created_at, updated_at
<==        Row: 5, rpg_lover, $2a$10$N.zmdr9k7uOCQb376NoUnuTJ8iAt6Z5EHsM8lE9lBOsl7iKTVKIUi, RPG爱好者, null, RPG永不毕业！, null, 1, 2026-05-27 18:20:26, 2026-05-27 18:20:26
<==      Total: 1
Closing non transactional SqlSession [org.apache.ibatis.session.defaults.DefaultSqlSession@1ee0f26e]
Creating a new SqlSession
SqlSession [org.apache.ibatis.session.defaults.DefaultSqlSession@12d5dff6] was not registered for synchronization because synchronization is not active
JDBC Connection [HikariProxyConnection@188693568 wrapping com.mysql.cj.jdbc.ConnectionImpl@2a91b780] will not be managed by Spring
==>  Preparing: SELECT id,name,code,sort_order,status,created_at,updated_at FROM t_post_category WHERE id=? AND status=1
==> Parameters: 1(Long)
<==    Columns: id, name, code, sort_order, status, created_at, updated_at
<==        Row: 1, 攻略, guide, 1, 1, 2026-05-27 18:20:26, 2026-05-27 18:20:26
<==      Total: 1
Closing non transactional SqlSession [org.apache.ibatis.session.defaults.DefaultSqlSession@12d5dff6]
Creating a new SqlSession
SqlSession [org.apache.ibatis.session.defaults.DefaultSqlSession@7be2a86a] was not registered for synchronization because synchronization is not active
JDBC Connection [HikariProxyConnection@1207231119 wrapping com.mysql.cj.jdbc.ConnectionImpl@2a91b780] will not be managed by Spring
==>  Preparing: SELECT id,username,password,nickname,avatar,bio,email,status,created_at,updated_at FROM t_user WHERE id=? AND status=1
==> Parameters: 2(Long)
<==    Columns: id, username, password, nickname, avatar, bio, email, status, created_at, updated_at
<==        Row: 2, player1, $2a$10$N.zmdr9k7uOCQb376NoUnuTJ8iAt6Z5EHsM8lE9lBOsl7iKTVKIUi, 玩家一号, null, 热爱游戏的普通玩家, null, 1, 2026-05-27 18:20:26, 2026-05-27 18:20:26
<==      Total: 1
Closing non transactional SqlSession [org.apache.ibatis.session.defaults.DefaultSqlSession@7be2a86a]
Creating a new SqlSession
SqlSession [org.apache.ibatis.session.defaults.DefaultSqlSession@20fdb690] was not registered for synchronization because synchronization is not active
JDBC Connection [HikariProxyConnection@1311963933 wrapping com.mysql.cj.jdbc.ConnectionImpl@2a91b780] will not be managed by Spring
==>  Preparing: SELECT id,name,code,sort_order,status,created_at,updated_at FROM t_post_category WHERE id=? AND status=1
==> Parameters: 5(Long)
<==    Columns: id, name, code, sort_order, status, created_at, updated_at
<==        Row: 5, 新闻, news, 5, 1, 2026-05-27 18:20:26, 2026-05-27 18:20:26
<==      Total: 1
Closing non transactional SqlSession [org.apache.ibatis.session.defaults.DefaultSqlSession@20fdb690]
Creating a new SqlSession
SqlSession [org.apache.ibatis.session.defaults.DefaultSqlSession@43dc7d66] was not registered for synchronization because synchronization is not active
JDBC Connection [HikariProxyConnection@249039547 wrapping com.mysql.cj.jdbc.ConnectionImpl@2a91b780] will not be managed by Spring
==>  Preparing: SELECT id,username,password,nickname,avatar,bio,email,status,created_at,updated_at FROM t_user WHERE id=? AND status=1
==> Parameters: 3(Long)
<==    Columns: id, username, password, nickname, avatar, bio, email, status, created_at, updated_at
<==        Row: 3, gamer_pro, $2a$10$N.zmdr9k7uOCQb376NoUnuTJ8iAt6Z5EHsM8lE9lBOsl7iKTVKIUi, 高玩达人, null, 全平台制霸！, null, 1, 2026-05-27 18:20:26, 2026-05-27 18:20:26
<==      Total: 1
Closing non transactional SqlSession [org.apache.ibatis.session.defaults.DefaultSqlSession@43dc7d66]
Creating a new SqlSession
SqlSession [org.apache.ibatis.session.defaults.DefaultSqlSession@6d25e4a5] was not registered for synchronization because synchronization is not active
JDBC Connection [HikariProxyConnection@1303544618 wrapping com.mysql.cj.jdbc.ConnectionImpl@2a91b780] will not be managed by Spring
==>  Preparing: SELECT id,name,code,sort_order,status,created_at,updated_at FROM t_post_category WHERE id=? AND status=1
==> Parameters: 2(Long)
<==    Columns: id, name, code, sort_order, status, created_at, updated_at
<==        Row: 2, 讨论, discuss, 2, 1, 2026-05-27 18:20:26, 2026-05-27 18:20:26
<==      Total: 1
Closing non transactional SqlSession [org.apache.ibatis.session.defaults.DefaultSqlSession@6d25e4a5]
Creating a new SqlSession
SqlSession [org.apache.ibatis.session.defaults.DefaultSqlSession@b01bf67] was not registered for synchronization because synchronization is not active
JDBC Connection [HikariProxyConnection@1237541486 wrapping com.mysql.cj.jdbc.ConnectionImpl@2a91b780] will not be managed by Spring
==>  Preparing: SELECT id,username,password,nickname,avatar,bio,email,status,created_at,updated_at FROM t_user WHERE id=? AND status=1
==> Parameters: 4(Long)
<==    Columns: id, username, password, nickname, avatar, bio, email, status, created_at, updated_at
<==        Row: 4, game_girl, $2a$10$N.zmdr9k7uOCQb376NoUnuTJ8iAt6Z5EHsM8lE9lBOsl7iKTVKIUi, 游戏少女, null, 只玩好游戏~, null, 1, 2026-05-27 18:20:26, 2026-05-27 18:20:26
<==      Total: 1
Closing non transactional SqlSession [org.apache.ibatis.session.defaults.DefaultSqlSession@b01bf67]
Creating a new SqlSession
SqlSession [org.apache.ibatis.session.defaults.DefaultSqlSession@1de22231] was not registered for synchronization because synchronization is not active
JDBC Connection [HikariProxyConnection@463359085 wrapping com.mysql.cj.jdbc.ConnectionImpl@2a91b780] will not be managed by Spring
==>  Preparing: SELECT id,name,code,sort_order,status,created_at,updated_at FROM t_post_category WHERE id=? AND status=1
==> Parameters: 3(Long)
<==    Columns: id, name, code, sort_order, status, created_at, updated_at
<==        Row: 3, 求助, help, 3, 1, 2026-05-27 18:20:26, 2026-05-27 18:20:26
<==      Total: 1
Closing non transactional SqlSession [org.apache.ibatis.session.defaults.DefaultSqlSession@1de22231]
Creating a new SqlSession
SqlSession [org.apache.ibatis.session.defaults.DefaultSqlSession@5128c385] was not registered for synchronization because synchronization is not active
JDBC Connection [HikariProxyConnection@1566019643 wrapping com.mysql.cj.jdbc.ConnectionImpl@2a91b780] will not be managed by Spring
==>  Preparing: SELECT id,username,password,nickname,avatar,bio,email,status,created_at,updated_at FROM t_user WHERE id=? AND status=1
==> Parameters: 5(Long)
<==    Columns: id, username, password, nickname, avatar, bio, email, status, created_at, updated_at
<==        Row: 5, rpg_lover, $2a$10$N.zmdr9k7uOCQb376NoUnuTJ8iAt6Z5EHsM8lE9lBOsl7iKTVKIUi, RPG爱好者, null, RPG永不毕业！, null, 1, 2026-05-27 18:20:26, 2026-05-27 18:20:26
<==      Total: 1
Closing non transactional SqlSession [org.apache.ibatis.session.defaults.DefaultSqlSession@5128c385]
Creating a new SqlSession
SqlSession [org.apache.ibatis.session.defaults.DefaultSqlSession@636a1a71] was not registered for synchronization because synchronization is not active
JDBC Connection [HikariProxyConnection@1063446594 wrapping com.mysql.cj.jdbc.ConnectionImpl@2a91b780] will not be managed by Spring
==>  Preparing: SELECT COUNT( * ) AS total FROM t_notification WHERE (user_id = ? AND is_read = ?)
==> Parameters: 1(Long), 0(Integer)
<==    Columns: total
<==        Row: 0
<==      Total: 1
Closing non transactional SqlSession [org.apache.ibatis.session.defaults.DefaultSqlSession@636a1a71]
Creating a new SqlSession
SqlSession [org.apache.ibatis.session.defaults.DefaultSqlSession@3c3a7085] was not registered for synchronization because synchronization is not active
JDBC Connection [HikariProxyConnection@1743008703 wrapping com.mysql.cj.jdbc.ConnectionImpl@2a91b780] will not be managed by Spring
==>  Preparing: SELECT COUNT(*) AS total FROM t_game WHERE status = 1 AND (name LIKE ? AND status = ?)
==> Parameters: %x%(String), 1(Integer)
<==    Columns: total
<==        Row: 0
<==      Total: 1
Closing non transactional SqlSession [org.apache.ibatis.session.defaults.DefaultSqlSession@3c3a7085]
Creating a new SqlSession
SqlSession [org.apache.ibatis.session.defaults.DefaultSqlSession@22443d4e] was not registered for synchronization because synchronization is not active
JDBC Connection [HikariProxyConnection@2082942122 wrapping com.mysql.cj.jdbc.ConnectionImpl@2a91b780] will not be managed by Spring
==>  Preparing: SELECT COUNT(*) AS total FROM t_game WHERE status = 1 AND (name LIKE ? AND status = ?)
==> Parameters: %x'l'g%(String), 1(Integer)
<==    Columns: total
<==        Row: 0
<==      Total: 1
Closing non transactional SqlSession [org.apache.ibatis.session.defaults.DefaultSqlSession@22443d4e]
Creating a new SqlSession
SqlSession [org.apache.ibatis.session.defaults.DefaultSqlSession@6a1b6c23] was not registered for synchronization because synchronization is not active
JDBC Connection [HikariProxyConnection@1726521539 wrapping com.mysql.cj.jdbc.ConnectionImpl@2a91b780] will not be managed by Spring
==>  Preparing: SELECT COUNT(*) AS total FROM t_game WHERE status = 1 AND (name LIKE ? AND status = ?)
==> Parameters: %效率高%(String), 1(Integer)
<==    Columns: total
<==        Row: 0
<==      Total: 1
Closing non transactional SqlSession [org.apache.ibatis.session.defaults.DefaultSqlSession@6a1b6c23]
Creating a new SqlSession
SqlSession [org.apache.ibatis.session.defaults.DefaultSqlSession@1eb4d6c7] was not registered for synchronization because synchronization is not active
JDBC Connection [HikariProxyConnection@2065469214 wrapping com.mysql.cj.jdbc.ConnectionImpl@2a91b780] will not be managed by Spring
==>  Preparing: SELECT COUNT(*) AS total FROM t_game WHERE status = 1 AND (name LIKE ? AND status = ?)
==> Parameters: %x'l'g%(String), 1(Integer)
<==    Columns: total
<==        Row: 0
<==      Total: 1
Closing non transactional SqlSession [org.apache.ibatis.session.defaults.DefaultSqlSession@1eb4d6c7]
Creating a new SqlSession
SqlSession [org.apache.ibatis.session.defaults.DefaultSqlSession@1999beaf] was not registered for synchronization because synchronization is not active
JDBC Connection [HikariProxyConnection@247100146 wrapping com.mysql.cj.jdbc.ConnectionImpl@2a91b780] will not be managed by Spring
==>  Preparing: SELECT COUNT(*) AS total FROM t_game WHERE status = 1 AND (name LIKE ? AND status = ?)
==> Parameters: %星露谷%(String), 1(Integer)
<==    Columns: total
<==        Row: 1
<==      Total: 1
==>  Preparing: SELECT id,name,cover,description,developer,publisher,release_date,platform,tags,rating,rating_count,is_recommend,status,created_at,updated_at FROM t_game WHERE status=1 AND (name LIKE ? AND status = ?) ORDER BY rating DESC LIMIT ?
==> Parameters: %星露谷%(String), 1(Integer), 5(Long)
<==    Columns: id, name, cover, description, developer, publisher, release_date, platform, tags, rating, rating_count, is_recommend, status, created_at, updated_at
<==        Row: 5, 星露谷物语, https://cdn.cloudflare.steamstatic.com/steam/apps/413150/library_600x900.jpg, <<BLOB>>, ConcernedApe, ConcernedApe, 2016-02-27, PC,Switch,PS5,Xbox, 模拟经营,像素,休闲, 9.30, 760, 1, 1, 2026-05-27 18:20:26, 2026-05-27 18:20:26
<==      Total: 1
Closing non transactional SqlSession [org.apache.ibatis.session.defaults.DefaultSqlSession@1999beaf]
Creating a new SqlSession
SqlSession [org.apache.ibatis.session.defaults.DefaultSqlSession@8e3a4cf] was not registered for synchronization because synchronization is not active
JDBC Connection [HikariProxyConnection@1435326788 wrapping com.mysql.cj.jdbc.ConnectionImpl@2a91b780] will not be managed by Spring
==>  Preparing: SELECT COUNT(*) AS total FROM t_game WHERE status = 1 AND (name LIKE ? AND status = ?)
==> Parameters: %星露谷wu'y%(String), 1(Integer)
<==    Columns: total
<==        Row: 0
<==      Total: 1
Closing non transactional SqlSession [org.apache.ibatis.session.defaults.DefaultSqlSession@8e3a4cf]
Creating a new SqlSession
SqlSession [org.apache.ibatis.session.defaults.DefaultSqlSession@475b6cdc] was not registered for synchronization because synchronization is not active
JDBC Connection [HikariProxyConnection@23381571 wrapping com.mysql.cj.jdbc.ConnectionImpl@2a91b780] will not be managed by Spring
==>  Preparing: SELECT COUNT(*) AS total FROM t_game WHERE status = 1 AND (name LIKE ? AND status = ?)
==> Parameters: %星露谷%(String), 1(Integer)
<==    Columns: total
<==        Row: 1
<==      Total: 1
==>  Preparing: SELECT id,name,cover,description,developer,publisher,release_date,platform,tags,rating,rating_count,is_recommend,status,created_at,updated_at FROM t_game WHERE status=1 AND (name LIKE ? AND status = ?) ORDER BY rating DESC LIMIT ?
==> Parameters: %星露谷%(String), 1(Integer), 5(Long)
<==    Columns: id, name, cover, description, developer, publisher, release_date, platform, tags, rating, rating_count, is_recommend, status, created_at, updated_at
<==        Row: 5, 星露谷物语, https://cdn.cloudflare.steamstatic.com/steam/apps/413150/library_600x900.jpg, <<BLOB>>, ConcernedApe, ConcernedApe, 2016-02-27, PC,Switch,PS5,Xbox, 模拟经营,像素,休闲, 9.30, 760, 1, 1, 2026-05-27 18:20:26, 2026-05-27 18:20:26
<==      Total: 1
Closing non transactional SqlSession [org.apache.ibatis.session.defaults.DefaultSqlSession@475b6cdc]
Creating a new SqlSession
SqlSession [org.apache.ibatis.session.defaults.DefaultSqlSession@d1851ca] was not registered for synchronization because synchronization is not active
JDBC Connection [HikariProxyConnection@2013528537 wrapping com.mysql.cj.jdbc.ConnectionImpl@2a91b780] will not be managed by Spring
==>  Preparing: SELECT COUNT( * ) AS total FROM t_notification WHERE (user_id = ? AND is_read = ?)
==> Parameters: 1(Long), 0(Integer)
<==    Columns: total
<==        Row: 0
<==      Total: 1
Closing non transactional SqlSession [org.apache.ibatis.session.defaults.DefaultSqlSession@d1851ca]
Creating a new SqlSession
Registering transaction synchronization for SqlSession [org.apache.ibatis.session.defaults.DefaultSqlSession@b248458]
JDBC Connection [HikariProxyConnection@2025039272 wrapping com.mysql.cj.jdbc.ConnectionImpl@2a91b780] will be managed by Spring
==>  Preparing: SELECT id,name,code,sort_order,status,created_at,updated_at FROM t_post_category WHERE status=1 AND (code = ?)
==> Parameters: 分享(String)
<==      Total: 0
Releasing transactional SqlSession [org.apache.ibatis.session.defaults.DefaultSqlSession@b248458]
Fetched SqlSession [org.apache.ibatis.session.defaults.DefaultSqlSession@b248458] from current transaction
==>  Preparing: INSERT INTO t_post ( user_id, title, content, tags, view_count, like_count, reply_count, share_count, heat_score, status ) VALUES ( ?, ?, ?, ?, ?, ?, ?, ?, ?, ? )
==> Parameters: 1(Long), 测试(String), 测试发帖(String), 星露谷物语(String), 0(Integer), 0(Integer), 0(Integer), 0(Integer), 0.0(Double), 1(Integer)
<==    Updates: 1
Releasing transactional SqlSession [org.apache.ibatis.session.defaults.DefaultSqlSession@b248458]
Transaction synchronization committing SqlSession [org.apache.ibatis.session.defaults.DefaultSqlSession@b248458]
Transaction synchronization deregistering SqlSession [org.apache.ibatis.session.defaults.DefaultSqlSession@b248458]
Transaction synchronization closing SqlSession [org.apache.ibatis.session.defaults.DefaultSqlSession@b248458]
Creating a new SqlSession
SqlSession [org.apache.ibatis.session.defaults.DefaultSqlSession@49afd83] was not registered for synchronization because synchronization is not active
JDBC Connection [HikariProxyConnection@1017123129 wrapping com.mysql.cj.jdbc.ConnectionImpl@2a91b780] will not be managed by Spring
==>  Preparing: SELECT id,user_id,game_id,category_id,title,content,tags,cover_image,view_count,like_count,reply_count,share_count,heat_score,is_top,is_essence,status,created_at,updated_at FROM t_post WHERE id=? AND status=1
==> Parameters: 9(Long)
<==    Columns: id, user_id, game_id, category_id, title, content, tags, cover_image, view_count, like_count, reply_count, share_count, heat_score, is_top, is_essence, status, created_at, updated_at
<==        Row: 9, 1, null, null, 测试, <<BLOB>>, 星露谷物语, null, 0, 0, 0, 0, 0.0, 0, 0, 1, 2026-05-27 21:47:18, 2026-05-27 21:47:18
<==      Total: 1
Closing non transactional SqlSession [org.apache.ibatis.session.defaults.DefaultSqlSession@49afd83]
Creating a new SqlSession
SqlSession [org.apache.ibatis.session.defaults.DefaultSqlSession@30e78c4c] was not registered for synchronization because synchronization is not active
JDBC Connection [HikariProxyConnection@605632245 wrapping com.mysql.cj.jdbc.ConnectionImpl@2a91b780] will not be managed by Spring
==>  Preparing: UPDATE t_post SET user_id=?, title=?, content=?, tags=?, view_count=?, like_count=?, reply_count=?, share_count=?, heat_score=?, is_top=?, is_essence=?, created_at=?, updated_at=? WHERE id=? AND status=1
==> Parameters: 1(Long), 测试(String), 测试发帖(String), 星露谷物语(String), 1(Integer), 0(Integer), 0(Integer), 0(Integer), 0.0(Double), 0(Integer), 0(Integer), 2026-05-27T21:47:18(LocalDateTime), 2026-05-27T21:47:18(LocalDateTime), 9(Long)
<==    Updates: 1
Closing non transactional SqlSession [org.apache.ibatis.session.defaults.DefaultSqlSession@30e78c4c]
Creating a new SqlSession
SqlSession [org.apache.ibatis.session.defaults.DefaultSqlSession@5631bf98] was not registered for synchronization because synchronization is not active
JDBC Connection [HikariProxyConnection@2094338147 wrapping com.mysql.cj.jdbc.ConnectionImpl@2a91b780] will not be managed by Spring
==>  Preparing: SELECT id,username,password,nickname,avatar,bio,email,status,created_at,updated_at FROM t_user WHERE id=? AND status=1
==> Parameters: 1(Long)
<==    Columns: id, username, password, nickname, avatar, bio, email, status, created_at, updated_at
<==        Row: 1, admin, $2a$10$N.zmdr9k7uOCQb376NoUnuTJ8iAt6Z5EHsM8lE9lBOsl7iKTVKIUi, 管理员, null, GameBox 官方管理员, null, 1, 2026-05-27 18:20:26, 2026-05-27 18:20:26
<==      Total: 1
Closing non transactional SqlSession [org.apache.ibatis.session.defaults.DefaultSqlSession@5631bf98]
Creating a new SqlSession
SqlSession [org.apache.ibatis.session.defaults.DefaultSqlSession@4bde6b63] was not registered for synchronization because synchronization is not active
JDBC Connection [HikariProxyConnection@281596159 wrapping com.mysql.cj.jdbc.ConnectionImpl@2a91b780] will not be managed by Spring
==>  Preparing: SELECT COUNT( * ) AS total FROM t_like WHERE (user_id = ? AND target_type = ? AND target_id = ?)
==> Parameters: 1(Long), 1(Integer), 9(Long)
<==    Columns: total
<==        Row: 0
<==      Total: 1
Closing non transactional SqlSession [org.apache.ibatis.session.defaults.DefaultSqlSession@4bde6b63]
Creating a new SqlSession
SqlSession [org.apache.ibatis.session.defaults.DefaultSqlSession@15ce15aa] was not registered for synchronization because synchronization is not active
JDBC Connection [HikariProxyConnection@1220462595 wrapping com.mysql.cj.jdbc.ConnectionImpl@2a91b780] will not be managed by Spring
==>  Preparing: SELECT COUNT(*) AS total FROM t_reply WHERE status = 1 AND (post_id = ? AND status = ?)
==> Parameters: 9(Long), 1(Integer)
<==    Columns: total
<==        Row: 0
<==      Total: 1
Closing non transactional SqlSession [org.apache.ibatis.session.defaults.DefaultSqlSession@15ce15aa]
Creating a new SqlSession
SqlSession [org.apache.ibatis.session.defaults.DefaultSqlSession@6fa22395] was not registered for synchronization because synchronization is not active
JDBC Connection [HikariProxyConnection@1546126722 wrapping com.mysql.cj.jdbc.ConnectionImpl@2a91b780] will not be managed by Spring
==>  Preparing: SELECT COUNT( * ) AS total FROM t_notification WHERE (user_id = ? AND is_read = ?)
==> Parameters: 1(Long), 0(Integer)
<==    Columns: total
<==        Row: 0
<==      Total: 1
Closing non transactional SqlSession [org.apache.ibatis.session.defaults.DefaultSqlSession@6fa22395]
Creating a new SqlSession
SqlSession [org.apache.ibatis.session.defaults.DefaultSqlSession@17495d25] was not registered for synchronization because synchronization is not active
JDBC Connection [HikariProxyConnection@35210975 wrapping com.mysql.cj.jdbc.ConnectionImpl@2a91b780] will not be managed by Spring
==>  Preparing: SELECT id,username,password,nickname,avatar,bio,email,status,created_at,updated_at FROM t_user WHERE id=? AND status=1
==> Parameters: 1(Long)
<==    Columns: id, username, password, nickname, avatar, bio, email, status, created_at, updated_at
<==        Row: 1, admin, $2a$10$N.zmdr9k7uOCQb376NoUnuTJ8iAt6Z5EHsM8lE9lBOsl7iKTVKIUi, 管理员, null, GameBox 官方管理员, null, 1, 2026-05-27 18:20:26, 2026-05-27 18:20:26
<==      Total: 1
Closing non transactional SqlSession [org.apache.ibatis.session.defaults.DefaultSqlSession@17495d25]
Creating a new SqlSession
SqlSession [org.apache.ibatis.session.defaults.DefaultSqlSession@1324e700] was not registered for synchronization because synchronization is not active
JDBC Connection [HikariProxyConnection@1322856500 wrapping com.mysql.cj.jdbc.ConnectionImpl@2a91b780] will not be managed by Spring
==>  Preparing: SELECT COUNT( * ) AS total FROM t_post WHERE status=1 AND (user_id = ? AND status = ?)
==> Parameters: 1(Long), 1(Integer)
<==    Columns: total
<==        Row: 1
<==      Total: 1
Closing non transactional SqlSession [org.apache.ibatis.session.defaults.DefaultSqlSession@1324e700]
Creating a new SqlSession
SqlSession [org.apache.ibatis.session.defaults.DefaultSqlSession@302cec98] was not registered for synchronization because synchronization is not active
JDBC Connection [HikariProxyConnection@67371386 wrapping com.mysql.cj.jdbc.ConnectionImpl@2a91b780] will not be managed by Spring
==>  Preparing: SELECT COUNT( * ) AS total FROM t_follow WHERE (follower_id = ?)
==> Parameters: 1(Long)
<==    Columns: total
<==        Row: 0
<==      Total: 1
Closing non transactional SqlSession [org.apache.ibatis.session.defaults.DefaultSqlSession@302cec98]
Creating a new SqlSession
SqlSession [org.apache.ibatis.session.defaults.DefaultSqlSession@70d2fb73] was not registered for synchronization because synchronization is not active
JDBC Connection [HikariProxyConnection@659390941 wrapping com.mysql.cj.jdbc.ConnectionImpl@2a91b780] will not be managed by Spring
==>  Preparing: SELECT COUNT( * ) AS total FROM t_follow WHERE (followee_id = ?)
==> Parameters: 1(Long)
<==    Columns: total
<==        Row: 0
<==      Total: 1
Closing non transactional SqlSession [org.apache.ibatis.session.defaults.DefaultSqlSession@70d2fb73]
Creating a new SqlSession
SqlSession [org.apache.ibatis.session.defaults.DefaultSqlSession@5e2a7394] was not registered for synchronization because synchronization is not active
JDBC Connection [HikariProxyConnection@960762433 wrapping com.mysql.cj.jdbc.ConnectionImpl@2a91b780] will not be managed by Spring
==>  Preparing: SELECT id,user_id,game_id,category_id,title,content,tags,cover_image,view_count,like_count,reply_count,share_count,heat_score,is_top,is_essence,status,created_at,updated_at FROM t_post WHERE status=1 AND (user_id = ? AND status = ?)
==> Parameters: 1(Long), 1(Integer)
<==    Columns: id, user_id, game_id, category_id, title, content, tags, cover_image, view_count, like_count, reply_count, share_count, heat_score, is_top, is_essence, status, created_at, updated_at
<==        Row: 9, 1, null, null, 测试, <<BLOB>>, 星露谷物语, null, 1, 0, 0, 0, 0.0, 0, 0, 1, 2026-05-27 21:47:18, 2026-05-27 21:47:18
<==      Total: 1
Closing non transactional SqlSession [org.apache.ibatis.session.defaults.DefaultSqlSession@5e2a7394]
Creating a new SqlSession
SqlSession [org.apache.ibatis.session.defaults.DefaultSqlSession@43c7a8a8] was not registered for synchronization because synchronization is not active
JDBC Connection [HikariProxyConnection@1316803991 wrapping com.mysql.cj.jdbc.ConnectionImpl@2a91b780] will not be managed by Spring
==>  Preparing: SELECT COUNT( * ) AS total FROM t_follow WHERE (follower_id = ? AND followee_id = ?)
==> Parameters: 1(Long), 1(Long)
<==    Columns: total
<==        Row: 0
<==      Total: 1
Closing non transactional SqlSession [org.apache.ibatis.session.defaults.DefaultSqlSession@43c7a8a8]
Creating a new SqlSession
SqlSession [org.apache.ibatis.session.defaults.DefaultSqlSession@570af72] was not registered for synchronization because synchronization is not active
JDBC Connection [HikariProxyConnection@578893633 wrapping com.mysql.cj.jdbc.ConnectionImpl@2a91b780] will not be managed by Spring
==>  Preparing: SELECT COUNT(*) AS total FROM t_post WHERE status = 1 AND (user_id = ? AND status = ?)
==> Parameters: 1(Long), 1(Integer)
<==    Columns: total
<==        Row: 1
<==      Total: 1
==>  Preparing: SELECT id,user_id,game_id,category_id,title,content,tags,cover_image,view_count,like_count,reply_count,share_count,heat_score,is_top,is_essence,status,created_at,updated_at FROM t_post WHERE status=1 AND (user_id = ? AND status = ?) ORDER BY created_at DESC LIMIT ?
==> Parameters: 1(Long), 1(Integer), 10(Long)
<==    Columns: id, user_id, game_id, category_id, title, content, tags, cover_image, view_count, like_count, reply_count, share_count, heat_score, is_top, is_essence, status, created_at, updated_at
<==        Row: 9, 1, null, null, 测试, <<BLOB>>, 星露谷物语, null, 1, 0, 0, 0, 0.0, 0, 0, 1, 2026-05-27 21:47:18, 2026-05-27 21:47:18
<==      Total: 1
Closing non transactional SqlSession [org.apache.ibatis.session.defaults.DefaultSqlSession@570af72]
Creating a new SqlSession
SqlSession [org.apache.ibatis.session.defaults.DefaultSqlSession@1a701526] was not registered for synchronization because synchronization is not active
JDBC Connection [HikariProxyConnection@828379670 wrapping com.mysql.cj.jdbc.ConnectionImpl@2a91b780] will not be managed by Spring
==>  Preparing: SELECT id,username,password,nickname,avatar,bio,email,status,created_at,updated_at FROM t_user WHERE id=? AND status=1
==> Parameters: 1(Long)
<==    Columns: id, username, password, nickname, avatar, bio, email, status, created_at, updated_at
<==        Row: 1, admin, $2a$10$N.zmdr9k7uOCQb376NoUnuTJ8iAt6Z5EHsM8lE9lBOsl7iKTVKIUi, 管理员, null, GameBox 官方管理员, null, 1, 2026-05-27 18:20:26, 2026-05-27 18:20:26
<==      Total: 1
Closing non transactional SqlSession [org.apache.ibatis.session.defaults.DefaultSqlSession@1a701526]
Creating a new SqlSession
SqlSession [org.apache.ibatis.session.defaults.DefaultSqlSession@4841792b] was not registered for synchronization because synchronization is not active
JDBC Connection [HikariProxyConnection@1873206311 wrapping com.mysql.cj.jdbc.ConnectionImpl@2a91b780] will not be managed by Spring
==>  Preparing: SELECT COUNT( * ) AS total FROM t_notification WHERE (user_id = ? AND is_read = ?)
==> Parameters: 1(Long), 0(Integer)
<==    Columns: total
<==        Row: 0
<==      Total: 1
Closing non transactional SqlSession [org.apache.ibatis.session.defaults.DefaultSqlSession@4841792b]
Creating a new SqlSession
SqlSession [org.apache.ibatis.session.defaults.DefaultSqlSession@7063d4ce] was not registered for synchronization because synchronization is not active
JDBC Connection [HikariProxyConnection@245624796 wrapping com.mysql.cj.jdbc.ConnectionImpl@2a91b780] will not be managed by Spring
==>  Preparing: SELECT COUNT( * ) AS total FROM t_notification WHERE (user_id = ? AND is_read = ?)
==> Parameters: 1(Long), 0(Integer)
<==    Columns: total
<==        Row: 0
<==      Total: 1
Closing non transactional SqlSession [org.apache.ibatis.session.defaults.DefaultSqlSession@7063d4ce]
Creating a new SqlSession
SqlSession [org.apache.ibatis.session.defaults.DefaultSqlSession@44127fff] was not registered for synchronization because synchronization is not active
JDBC Connection [HikariProxyConnection@980290877 wrapping com.mysql.cj.jdbc.ConnectionImpl@2a91b780] will not be managed by Spring
==>  Preparing: SELECT COUNT( * ) AS total FROM t_notification WHERE (user_id = ? AND is_read = ?)
==> Parameters: 1(Long), 0(Integer)
<==    Columns: total
<==        Row: 0
<==      Total: 1
Closing non transactional SqlSession [org.apache.ibatis.session.defaults.DefaultSqlSession@44127fff]
Creating a new SqlSession
SqlSession [org.apache.ibatis.session.defaults.DefaultSqlSession@63b38c1b] was not registered for synchronization because synchronization is not active
JDBC Connection [HikariProxyConnection@2045803630 wrapping com.mysql.cj.jdbc.ConnectionImpl@2a91b780] will not be managed by Spring
==>  Preparing: SELECT COUNT( * ) AS total FROM t_notification WHERE (user_id = ? AND is_read = ?)
==> Parameters: 1(Long), 0(Integer)
<==    Columns: total
<==        Row: 0
<==      Total: 1
Closing non transactional SqlSession [org.apache.ibatis.session.defaults.DefaultSqlSession@63b38c1b]
Creating a new SqlSession
SqlSession [org.apache.ibatis.session.defaults.DefaultSqlSession@73a2aea0] was not registered for synchronization because synchronization is not active
JDBC Connection [HikariProxyConnection@1715143270 wrapping com.mysql.cj.jdbc.ConnectionImpl@2a91b780] will not be managed by Spring
==>  Preparing: SELECT COUNT( * ) AS total FROM t_notification WHERE (user_id = ? AND is_read = ?)
==> Parameters: 1(Long), 0(Integer)
<==    Columns: total
<==        Row: 0
<==      Total: 1
Closing non transactional SqlSession [org.apache.ibatis.session.defaults.DefaultSqlSession@73a2aea0]
Creating a new SqlSession
SqlSession [org.apache.ibatis.session.defaults.DefaultSqlSession@45e434b2] was not registered for synchronization because synchronization is not active
JDBC Connection [HikariProxyConnection@1187630861 wrapping com.mysql.cj.jdbc.ConnectionImpl@2a91b780] will not be managed by Spring
==>  Preparing: SELECT COUNT( * ) AS total FROM t_notification WHERE (user_id = ? AND is_read = ?)
==> Parameters: 1(Long), 0(Integer)
<==    Columns: total
<==        Row: 0
<==      Total: 1
Closing non transactional SqlSession [org.apache.ibatis.session.defaults.DefaultSqlSession@45e434b2]
Creating a new SqlSession
SqlSession [org.apache.ibatis.session.defaults.DefaultSqlSession@80caf8e] was not registered for synchronization because synchronization is not active
JDBC Connection [HikariProxyConnection@960999640 wrapping com.mysql.cj.jdbc.ConnectionImpl@2a91b780] will not be managed by Spring
==>  Preparing: SELECT COUNT( * ) AS total FROM t_notification WHERE (user_id = ? AND is_read = ?)
==> Parameters: 1(Long), 0(Integer)
<==    Columns: total
<==        Row: 0
<==      Total: 1
Closing non transactional SqlSession [org.apache.ibatis.session.defaults.DefaultSqlSession@80caf8e]
Creating a new SqlSession
SqlSession [org.apache.ibatis.session.defaults.DefaultSqlSession@1ddc5a83] was not registered for synchronization because synchronization is not active
JDBC Connection [HikariProxyConnection@635551528 wrapping com.mysql.cj.jdbc.ConnectionImpl@2a91b780] will not be managed by Spring
==>  Preparing: SELECT COUNT( * ) AS total FROM t_notification WHERE (user_id = ? AND is_read = ?)
==> Parameters: 1(Long), 0(Integer)
<==    Columns: total
<==        Row: 0
<==      Total: 1
Closing non transactional SqlSession [org.apache.ibatis.session.defaults.DefaultSqlSession@1ddc5a83]
Creating a new SqlSession
SqlSession [org.apache.ibatis.session.defaults.DefaultSqlSession@4b04f353] was not registered for synchronization because synchronization is not active
JDBC Connection [HikariProxyConnection@147804985 wrapping com.mysql.cj.jdbc.ConnectionImpl@2a91b780] will not be managed by Spring
==>  Preparing: SELECT COUNT( * ) AS total FROM t_notification WHERE (user_id = ? AND is_read = ?)
==> Parameters: 1(Long), 0(Integer)
<==    Columns: total
<==        Row: 0
<==      Total: 1
Closing non transactional SqlSession [org.apache.ibatis.session.defaults.DefaultSqlSession@4b04f353]
Creating a new SqlSession
SqlSession [org.apache.ibatis.session.defaults.DefaultSqlSession@3c64f4a6] was not registered for synchronization because synchronization is not active
JDBC Connection [HikariProxyConnection@1508038085 wrapping com.mysql.cj.jdbc.ConnectionImpl@2a91b780] will not be managed by Spring
==>  Preparing: SELECT COUNT( * ) AS total FROM t_notification WHERE (user_id = ? AND is_read = ?)
==> Parameters: 1(Long), 0(Integer)
<==    Columns: total
<==        Row: 0
<==      Total: 1
Closing non transactional SqlSession [org.apache.ibatis.session.defaults.DefaultSqlSession@3c64f4a6]
Creating a new SqlSession
SqlSession [org.apache.ibatis.session.defaults.DefaultSqlSession@605cd64b] was not registered for synchronization because synchronization is not active
JDBC Connection [HikariProxyConnection@251112234 wrapping com.mysql.cj.jdbc.ConnectionImpl@2a91b780] will not be managed by Spring
==>  Preparing: SELECT COUNT( * ) AS total FROM t_notification WHERE (user_id = ? AND is_read = ?)
==> Parameters: 1(Long), 0(Integer)
<==    Columns: total
<==        Row: 0
<==      Total: 1
Closing non transactional SqlSession [org.apache.ibatis.session.defaults.DefaultSqlSession@605cd64b]
Creating a new SqlSession
SqlSession [org.apache.ibatis.session.defaults.DefaultSqlSession@5d6a1ec3] was not registered for synchronization because synchronization is not active
JDBC Connection [HikariProxyConnection@181436182 wrapping com.mysql.cj.jdbc.ConnectionImpl@2a91b780] will not be managed by Spring
==>  Preparing: SELECT COUNT( * ) AS total FROM t_notification WHERE (user_id = ? AND is_read = ?)
==> Parameters: 1(Long), 0(Integer)
<==    Columns: total
<==        Row: 0
<==      Total: 1
Closing non transactional SqlSession [org.apache.ibatis.session.defaults.DefaultSqlSession@5d6a1ec3]
Creating a new SqlSession
SqlSession [org.apache.ibatis.session.defaults.DefaultSqlSession@3fddb3dc] was not registered for synchronization because synchronization is not active
JDBC Connection [HikariProxyConnection@1089545064 wrapping com.mysql.cj.jdbc.ConnectionImpl@2a91b780] will not be managed by Spring
==>  Preparing: SELECT COUNT( * ) AS total FROM t_notification WHERE (user_id = ? AND is_read = ?)
==> Parameters: 1(Long), 0(Integer)
<==    Columns: total
<==        Row: 0
<==      Total: 1
Closing non transactional SqlSession [org.apache.ibatis.session.defaults.DefaultSqlSession@3fddb3dc]
Creating a new SqlSession
SqlSession [org.apache.ibatis.session.defaults.DefaultSqlSession@60c7389c] was not registered for synchronization because synchronization is not active
JDBC Connection [HikariProxyConnection@798929743 wrapping com.mysql.cj.jdbc.ConnectionImpl@2a91b780] will not be managed by Spring
==>  Preparing: SELECT COUNT( * ) AS total FROM t_notification WHERE (user_id = ? AND is_read = ?)
==> Parameters: 1(Long), 0(Integer)
<==    Columns: total
<==        Row: 0
<==      Total: 1
Closing non transactional SqlSession [org.apache.ibatis.session.defaults.DefaultSqlSession@60c7389c]
Creating a new SqlSession
SqlSession [org.apache.ibatis.session.defaults.DefaultSqlSession@73cdd2fb] was not registered for synchronization because synchronization is not active
JDBC Connection [HikariProxyConnection@392702356 wrapping com.mysql.cj.jdbc.ConnectionImpl@2a91b780] will not be managed by Spring
==>  Preparing: SELECT COUNT( * ) AS total FROM t_notification WHERE (user_id = ? AND is_read = ?)
==> Parameters: 1(Long), 0(Integer)
<==    Columns: total
<==        Row: 0
<==      Total: 1
Closing non transactional SqlSession [org.apache.ibatis.session.defaults.DefaultSqlSession@73cdd2fb]
Creating a new SqlSession
SqlSession [org.apache.ibatis.session.defaults.DefaultSqlSession@569f8fb7] was not registered for synchronization because synchronization is not active
JDBC Connection [HikariProxyConnection@990001717 wrapping com.mysql.cj.jdbc.ConnectionImpl@2a91b780] will not be managed by Spring
==>  Preparing: SELECT COUNT( * ) AS total FROM t_notification WHERE (user_id = ? AND is_read = ?)
==> Parameters: 1(Long), 0(Integer)
<==    Columns: total
<==        Row: 0
<==      Total: 1
Closing non transactional SqlSession [org.apache.ibatis.session.defaults.DefaultSqlSession@569f8fb7]
Creating a new SqlSession
SqlSession [org.apache.ibatis.session.defaults.DefaultSqlSession@63c61855] was not registered for synchronization because synchronization is not active
JDBC Connection [HikariProxyConnection@481386220 wrapping com.mysql.cj.jdbc.ConnectionImpl@2a91b780] will not be managed by Spring
==>  Preparing: SELECT COUNT( * ) AS total FROM t_notification WHERE (user_id = ? AND is_read = ?)
==> Parameters: 1(Long), 0(Integer)
<==    Columns: total
<==        Row: 0
<==      Total: 1
Closing non transactional SqlSession [org.apache.ibatis.session.defaults.DefaultSqlSession@63c61855]
Creating a new SqlSession
SqlSession [org.apache.ibatis.session.defaults.DefaultSqlSession@1ccdc458] was not registered for synchronization because synchronization is not active
JDBC Connection [HikariProxyConnection@1883185913 wrapping com.mysql.cj.jdbc.ConnectionImpl@2a91b780] will not be managed by Spring
==>  Preparing: SELECT COUNT( * ) AS total FROM t_notification WHERE (user_id = ? AND is_read = ?)
==> Parameters: 1(Long), 0(Integer)
<==    Columns: total
<==        Row: 0
<==      Total: 1
Closing non transactional SqlSession [org.apache.ibatis.session.defaults.DefaultSqlSession@1ccdc458]
Creating a new SqlSession
SqlSession [org.apache.ibatis.session.defaults.DefaultSqlSession@64a0fec2] was not registered for synchronization because synchronization is not active
JDBC Connection [HikariProxyConnection@2138765108 wrapping com.mysql.cj.jdbc.ConnectionImpl@2a91b780] will not be managed by Spring
==>  Preparing: SELECT COUNT( * ) AS total FROM t_notification WHERE (user_id = ? AND is_read = ?)
==> Parameters: 1(Long), 0(Integer)
<==    Columns: total
<==        Row: 0
<==      Total: 1
Closing non transactional SqlSession [org.apache.ibatis.session.defaults.DefaultSqlSession@64a0fec2]
Creating a new SqlSession
SqlSession [org.apache.ibatis.session.defaults.DefaultSqlSession@52b13b58] was not registered for synchronization because synchronization is not active
JDBC Connection [HikariProxyConnection@1415139787 wrapping com.mysql.cj.jdbc.ConnectionImpl@2a91b780] will not be managed by Spring
==>  Preparing: SELECT COUNT( * ) AS total FROM t_notification WHERE (user_id = ? AND is_read = ?)
==> Parameters: 1(Long), 0(Integer)
<==    Columns: total
<==        Row: 0
<==      Total: 1
Closing non transactional SqlSession [org.apache.ibatis.session.defaults.DefaultSqlSession@52b13b58]
Creating a new SqlSession
SqlSession [org.apache.ibatis.session.defaults.DefaultSqlSession@671059ea] was not registered for synchronization because synchronization is not active
JDBC Connection [HikariProxyConnection@1786896333 wrapping com.mysql.cj.jdbc.ConnectionImpl@2a91b780] will not be managed by Spring
==>  Preparing: SELECT COUNT( * ) AS total FROM t_notification WHERE (user_id = ? AND is_read = ?)
==> Parameters: 1(Long), 0(Integer)
<==    Columns: total
<==        Row: 0
<==      Total: 1
Closing non transactional SqlSession [org.apache.ibatis.session.defaults.DefaultSqlSession@671059ea]
Creating a new SqlSession
SqlSession [org.apache.ibatis.session.defaults.DefaultSqlSession@7b679cb2] was not registered for synchronization because synchronization is not active
JDBC Connection [HikariProxyConnection@695632721 wrapping com.mysql.cj.jdbc.ConnectionImpl@2a91b780] will not be managed by Spring
==>  Preparing: SELECT COUNT( * ) AS total FROM t_notification WHERE (user_id = ? AND is_read = ?)
==> Parameters: 1(Long), 0(Integer)
<==    Columns: total
<==        Row: 0
<==      Total: 1
Closing non transactional SqlSession [org.apache.ibatis.session.defaults.DefaultSqlSession@7b679cb2]
Creating a new SqlSession
SqlSession [org.apache.ibatis.session.defaults.DefaultSqlSession@62215841] was not registered for synchronization because synchronization is not active
JDBC Connection [HikariProxyConnection@1006346049 wrapping com.mysql.cj.jdbc.ConnectionImpl@2a91b780] will not be managed by Spring
==>  Preparing: SELECT COUNT( * ) AS total FROM t_notification WHERE (user_id = ? AND is_read = ?)
==> Parameters: 1(Long), 0(Integer)
<==    Columns: total
<==        Row: 0
<==      Total: 1
Closing non transactional SqlSession [org.apache.ibatis.session.defaults.DefaultSqlSession@62215841]
Creating a new SqlSession
SqlSession [org.apache.ibatis.session.defaults.DefaultSqlSession@7f2cf055] was not registered for synchronization because synchronization is not active
JDBC Connection [HikariProxyConnection@421365438 wrapping com.mysql.cj.jdbc.ConnectionImpl@2a91b780] will not be managed by Spring
==>  Preparing: SELECT COUNT( * ) AS total FROM t_notification WHERE (user_id = ? AND is_read = ?)
==> Parameters: 1(Long), 0(Integer)
<==    Columns: total
<==        Row: 0
<==      Total: 1
Closing non transactional SqlSession [org.apache.ibatis.session.defaults.DefaultSqlSession@7f2cf055]
Creating a new SqlSession
SqlSession [org.apache.ibatis.session.defaults.DefaultSqlSession@6ba351c2] was not registered for synchronization because synchronization is not active
JDBC Connection [HikariProxyConnection@1986272327 wrapping com.mysql.cj.jdbc.ConnectionImpl@2a91b780] will not be managed by Spring
==>  Preparing: SELECT COUNT( * ) AS total FROM t_notification WHERE (user_id = ? AND is_read = ?)
==> Parameters: 1(Long), 0(Integer)
<==    Columns: total
<==        Row: 0
<==      Total: 1
Closing non transactional SqlSession [org.apache.ibatis.session.defaults.DefaultSqlSession@6ba351c2]
Creating a new SqlSession
SqlSession [org.apache.ibatis.session.defaults.DefaultSqlSession@728c3437] was not registered for synchronization because synchronization is not active
JDBC Connection [HikariProxyConnection@1480912870 wrapping com.mysql.cj.jdbc.ConnectionImpl@2a91b780] will not be managed by Spring
==>  Preparing: SELECT COUNT( * ) AS total FROM t_notification WHERE (user_id = ? AND is_read = ?)
==> Parameters: 1(Long), 0(Integer)
<==    Columns: total
<==        Row: 0
<==      Total: 1
Closing non transactional SqlSession [org.apache.ibatis.session.defaults.DefaultSqlSession@728c3437]
Creating a new SqlSession
SqlSession [org.apache.ibatis.session.defaults.DefaultSqlSession@12ee2ba] was not registered for synchronization because synchronization is not active
JDBC Connection [HikariProxyConnection@1383683706 wrapping com.mysql.cj.jdbc.ConnectionImpl@2a91b780] will not be managed by Spring
==>  Preparing: SELECT COUNT( * ) AS total FROM t_notification WHERE (user_id = ? AND is_read = ?)
==> Parameters: 1(Long), 0(Integer)
<==    Columns: total
<==        Row: 0
<==      Total: 1
Closing non transactional SqlSession [org.apache.ibatis.session.defaults.DefaultSqlSession@12ee2ba]
Creating a new SqlSession
SqlSession [org.apache.ibatis.session.defaults.DefaultSqlSession@5c9b5615] was not registered for synchronization because synchronization is not active
JDBC Connection [HikariProxyConnection@780580570 wrapping com.mysql.cj.jdbc.ConnectionImpl@2a91b780] will not be managed by Spring
==>  Preparing: SELECT COUNT( * ) AS total FROM t_notification WHERE (user_id = ? AND is_read = ?)
==> Parameters: 1(Long), 0(Integer)
<==    Columns: total
<==        Row: 0
<==      Total: 1
Closing non transactional SqlSession [org.apache.ibatis.session.defaults.DefaultSqlSession@5c9b5615]
Creating a new SqlSession
SqlSession [org.apache.ibatis.session.defaults.DefaultSqlSession@402acc66] was not registered for synchronization because synchronization is not active
JDBC Connection [HikariProxyConnection@589265999 wrapping com.mysql.cj.jdbc.ConnectionImpl@2a91b780] will not be managed by Spring
==>  Preparing: SELECT COUNT( * ) AS total FROM t_notification WHERE (user_id = ? AND is_read = ?)
==> Parameters: 1(Long), 0(Integer)
<==    Columns: total
<==        Row: 0
<==      Total: 1
Closing non transactional SqlSession [org.apache.ibatis.session.defaults.DefaultSqlSession@402acc66]
Creating a new SqlSession
SqlSession [org.apache.ibatis.session.defaults.DefaultSqlSession@23fa281e] was not registered for synchronization because synchronization is not active
JDBC Connection [HikariProxyConnection@2018163906 wrapping com.mysql.cj.jdbc.ConnectionImpl@2a91b780] will not be managed by Spring
==>  Preparing: SELECT COUNT( * ) AS total FROM t_notification WHERE (user_id = ? AND is_read = ?)
==> Parameters: 1(Long), 0(Integer)
<==    Columns: total
<==        Row: 0
<==      Total: 1
Closing non transactional SqlSession [org.apache.ibatis.session.defaults.DefaultSqlSession@23fa281e]
Creating a new SqlSession
SqlSession [org.apache.ibatis.session.defaults.DefaultSqlSession@4ff56c88] was not registered for synchronization because synchronization is not active
JDBC Connection [HikariProxyConnection@709862293 wrapping com.mysql.cj.jdbc.ConnectionImpl@2a91b780] will not be managed by Spring
==>  Preparing: SELECT COUNT( * ) AS total FROM t_notification WHERE (user_id = ? AND is_read = ?)
==> Parameters: 1(Long), 0(Integer)
<==    Columns: total
<==        Row: 0
<==      Total: 1
Closing non transactional SqlSession [org.apache.ibatis.session.defaults.DefaultSqlSession@4ff56c88]
Creating a new SqlSession
SqlSession [org.apache.ibatis.session.defaults.DefaultSqlSession@1b96bffe] was not registered for synchronization because synchronization is not active
JDBC Connection [HikariProxyConnection@1548956210 wrapping com.mysql.cj.jdbc.ConnectionImpl@2a91b780] will not be managed by Spring
==>  Preparing: SELECT COUNT( * ) AS total FROM t_notification WHERE (user_id = ? AND is_read = ?)
==> Parameters: 1(Long), 0(Integer)
<==    Columns: total
<==        Row: 0
<==      Total: 1
Closing non transactional SqlSession [org.apache.ibatis.session.defaults.DefaultSqlSession@1b96bffe]
Creating a new SqlSession
SqlSession [org.apache.ibatis.session.defaults.DefaultSqlSession@7550bf27] was not registered for synchronization because synchronization is not active
JDBC Connection [HikariProxyConnection@492503708 wrapping com.mysql.cj.jdbc.ConnectionImpl@2a91b780] will not be managed by Spring
==>  Preparing: SELECT COUNT( * ) AS total FROM t_notification WHERE (user_id = ? AND is_read = ?)
==> Parameters: 1(Long), 0(Integer)
<==    Columns: total
<==        Row: 0
<==      Total: 1
Closing non transactional SqlSession [org.apache.ibatis.session.defaults.DefaultSqlSession@7550bf27]
Creating a new SqlSession
SqlSession [org.apache.ibatis.session.defaults.DefaultSqlSession@1aa6b0d7] was not registered for synchronization because synchronization is not active
JDBC Connection [HikariProxyConnection@34620814 wrapping com.mysql.cj.jdbc.ConnectionImpl@774d1b04] will not be managed by Spring
==>  Preparing: SELECT COUNT( * ) AS total FROM t_notification WHERE (user_id = ? AND is_read = ?)
==> Parameters: 1(Long), 0(Integer)
<==    Columns: total
<==        Row: 0
<==      Total: 1
Closing non transactional SqlSession [org.apache.ibatis.session.defaults.DefaultSqlSession@1aa6b0d7]
Creating a new SqlSession
SqlSession [org.apache.ibatis.session.defaults.DefaultSqlSession@36bf21e2] was not registered for synchronization because synchronization is not active
JDBC Connection [HikariProxyConnection@1197693878 wrapping com.mysql.cj.jdbc.ConnectionImpl@11b3f139] will not be managed by Spring
==>  Preparing: SELECT COUNT( * ) AS total FROM t_notification WHERE (user_id = ? AND is_read = ?)
==> Parameters: 1(Long), 0(Integer)
<==    Columns: total
<==        Row: 0
<==      Total: 1
Closing non transactional SqlSession [org.apache.ibatis.session.defaults.DefaultSqlSession@36bf21e2]
Creating a new SqlSession
SqlSession [org.apache.ibatis.session.defaults.DefaultSqlSession@711eef87] was not registered for synchronization because synchronization is not active
JDBC Connection [HikariProxyConnection@1646284831 wrapping com.mysql.cj.jdbc.ConnectionImpl@11b3f139] will not be managed by Spring
==>  Preparing: SELECT COUNT( * ) AS total FROM t_notification WHERE (user_id = ? AND is_read = ?)
==> Parameters: 1(Long), 0(Integer)
<==    Columns: total
<==        Row: 0
<==      Total: 1
Closing non transactional SqlSession [org.apache.ibatis.session.defaults.DefaultSqlSession@711eef87]
Creating a new SqlSession
SqlSession [org.apache.ibatis.session.defaults.DefaultSqlSession@7dc4ba0d] was not registered for synchronization because synchronization is not active
JDBC Connection [HikariProxyConnection@193571901 wrapping com.mysql.cj.jdbc.ConnectionImpl@11b3f139] will not be managed by Spring
==>  Preparing: SELECT COUNT( * ) AS total FROM t_notification WHERE (user_id = ? AND is_read = ?)
==> Parameters: 1(Long), 0(Integer)
<==    Columns: total
<==        Row: 0
<==      Total: 1
Closing non transactional SqlSession [org.apache.ibatis.session.defaults.DefaultSqlSession@7dc4ba0d]
Creating a new SqlSession
SqlSession [org.apache.ibatis.session.defaults.DefaultSqlSession@7a6bf5a0] was not registered for synchronization because synchronization is not active
JDBC Connection [HikariProxyConnection@2093367046 wrapping com.mysql.cj.jdbc.ConnectionImpl@11b3f139] will not be managed by Spring
==>  Preparing: SELECT COUNT( * ) AS total FROM t_notification WHERE (user_id = ? AND is_read = ?)
==> Parameters: 1(Long), 0(Integer)
<==    Columns: total
<==        Row: 0
<==      Total: 1
Closing non transactional SqlSession [org.apache.ibatis.session.defaults.DefaultSqlSession@7a6bf5a0]
Creating a new SqlSession
SqlSession [org.apache.ibatis.session.defaults.DefaultSqlSession@21f447de] was not registered for synchronization because synchronization is not active
JDBC Connection [HikariProxyConnection@1404838182 wrapping com.mysql.cj.jdbc.ConnectionImpl@11b3f139] will not be managed by Spring
==>  Preparing: SELECT COUNT( * ) AS total FROM t_notification WHERE (user_id = ? AND is_read = ?)
==> Parameters: 1(Long), 0(Integer)
<==    Columns: total
<==        Row: 0
<==      Total: 1
Closing non transactional SqlSession [org.apache.ibatis.session.defaults.DefaultSqlSession@21f447de]
Creating a new SqlSession
SqlSession [org.apache.ibatis.session.defaults.DefaultSqlSession@2cbc783d] was not registered for synchronization because synchronization is not active
JDBC Connection [HikariProxyConnection@1212792846 wrapping com.mysql.cj.jdbc.ConnectionImpl@11b3f139] will not be managed by Spring
==>  Preparing: SELECT COUNT( * ) AS total FROM t_notification WHERE (user_id = ? AND is_read = ?)
==> Parameters: 1(Long), 0(Integer)
<==    Columns: total
<==        Row: 0
<==      Total: 1
Closing non transactional SqlSession [org.apache.ibatis.session.defaults.DefaultSqlSession@2cbc783d]
Creating a new SqlSession
SqlSession [org.apache.ibatis.session.defaults.DefaultSqlSession@9c4c70d] was not registered for synchronization because synchronization is not active
JDBC Connection [HikariProxyConnection@654569604 wrapping com.mysql.cj.jdbc.ConnectionImpl@11b3f139] will not be managed by Spring
==>  Preparing: SELECT COUNT( * ) AS total FROM t_notification WHERE (user_id = ? AND is_read = ?)
==> Parameters: 1(Long), 0(Integer)
<==    Columns: total
<==        Row: 0
<==      Total: 1
Closing non transactional SqlSession [org.apache.ibatis.session.defaults.DefaultSqlSession@9c4c70d]
Creating a new SqlSession
SqlSession [org.apache.ibatis.session.defaults.DefaultSqlSession@31ee978b] was not registered for synchronization because synchronization is not active
JDBC Connection [HikariProxyConnection@1102556950 wrapping com.mysql.cj.jdbc.ConnectionImpl@11b3f139] will not be managed by Spring
==>  Preparing: SELECT COUNT( * ) AS total FROM t_notification WHERE (user_id = ? AND is_read = ?)
==> Parameters: 1(Long), 0(Integer)
<==    Columns: total
<==        Row: 0
<==      Total: 1
Closing non transactional SqlSession [org.apache.ibatis.session.defaults.DefaultSqlSession@31ee978b]
Creating a new SqlSession
SqlSession [org.apache.ibatis.session.defaults.DefaultSqlSession@23cc0ea4] was not registered for synchronization because synchronization is not active
JDBC Connection [HikariProxyConnection@594543462 wrapping com.mysql.cj.jdbc.ConnectionImpl@11b3f139] will not be managed by Spring
==>  Preparing: SELECT COUNT( * ) AS total FROM t_notification WHERE (user_id = ? AND is_read = ?)
==> Parameters: 1(Long), 0(Integer)
<==    Columns: total
<==        Row: 0
<==      Total: 1
Closing non transactional SqlSession [org.apache.ibatis.session.defaults.DefaultSqlSession@23cc0ea4]
Creating a new SqlSession
SqlSession [org.apache.ibatis.session.defaults.DefaultSqlSession@4b3387dc] was not registered for synchronization because synchronization is not active
JDBC Connection [HikariProxyConnection@382782439 wrapping com.mysql.cj.jdbc.ConnectionImpl@11b3f139] will not be managed by Spring
==>  Preparing: SELECT COUNT( * ) AS total FROM t_notification WHERE (user_id = ? AND is_read = ?)
==> Parameters: 1(Long), 0(Integer)
<==    Columns: total
<==        Row: 0
<==      Total: 1
Closing non transactional SqlSession [org.apache.ibatis.session.defaults.DefaultSqlSession@4b3387dc]
Creating a new SqlSession
SqlSession [org.apache.ibatis.session.defaults.DefaultSqlSession@26cc16a] was not registered for synchronization because synchronization is not active
JDBC Connection [HikariProxyConnection@67662967 wrapping com.mysql.cj.jdbc.ConnectionImpl@11b3f139] will not be managed by Spring
==>  Preparing: SELECT COUNT( * ) AS total FROM t_notification WHERE (user_id = ? AND is_read = ?)
==> Parameters: 1(Long), 0(Integer)
<==    Columns: total
<==        Row: 0
<==      Total: 1
Closing non transactional SqlSession [org.apache.ibatis.session.defaults.DefaultSqlSession@26cc16a]
Creating a new SqlSession
SqlSession [org.apache.ibatis.session.defaults.DefaultSqlSession@1ed86130] was not registered for synchronization because synchronization is not active
JDBC Connection [HikariProxyConnection@1175761972 wrapping com.mysql.cj.jdbc.ConnectionImpl@11b3f139] will not be managed by Spring
==>  Preparing: SELECT COUNT( * ) AS total FROM t_notification WHERE (user_id = ? AND is_read = ?)
==> Parameters: 1(Long), 0(Integer)
<==    Columns: total
<==        Row: 0
<==      Total: 1
Closing non transactional SqlSession [org.apache.ibatis.session.defaults.DefaultSqlSession@1ed86130]
Creating a new SqlSession
SqlSession [org.apache.ibatis.session.defaults.DefaultSqlSession@7b5e7c7f] was not registered for synchronization because synchronization is not active
JDBC Connection [HikariProxyConnection@1581072449 wrapping com.mysql.cj.jdbc.ConnectionImpl@11b3f139] will not be managed by Spring
==>  Preparing: SELECT COUNT( * ) AS total FROM t_notification WHERE (user_id = ? AND is_read = ?)
==> Parameters: 1(Long), 0(Integer)
<==    Columns: total
<==        Row: 0
<==      Total: 1
Closing non transactional SqlSession [org.apache.ibatis.session.defaults.DefaultSqlSession@7b5e7c7f]
Creating a new SqlSession
SqlSession [org.apache.ibatis.session.defaults.DefaultSqlSession@71b81a93] was not registered for synchronization because synchronization is not active
JDBC Connection [HikariProxyConnection@1743237438 wrapping com.mysql.cj.jdbc.ConnectionImpl@11b3f139] will not be managed by Spring
==>  Preparing: SELECT COUNT( * ) AS total FROM t_notification WHERE (user_id = ? AND is_read = ?)
==> Parameters: 1(Long), 0(Integer)
<==    Columns: total
<==        Row: 0
<==      Total: 1
Closing non transactional SqlSession [org.apache.ibatis.session.defaults.DefaultSqlSession@71b81a93]
Creating a new SqlSession
SqlSession [org.apache.ibatis.session.defaults.DefaultSqlSession@32bead4] was not registered for synchronization because synchronization is not active
JDBC Connection [HikariProxyConnection@6461400 wrapping com.mysql.cj.jdbc.ConnectionImpl@11b3f139] will not be managed by Spring
==>  Preparing: SELECT COUNT( * ) AS total FROM t_notification WHERE (user_id = ? AND is_read = ?)
==> Parameters: 1(Long), 0(Integer)
<==    Columns: total
<==        Row: 0
<==      Total: 1
Closing non transactional SqlSession [org.apache.ibatis.session.defaults.DefaultSqlSession@32bead4]
Creating a new SqlSession
SqlSession [org.apache.ibatis.session.defaults.DefaultSqlSession@7201ed88] was not registered for synchronization because synchronization is not active
JDBC Connection [HikariProxyConnection@1035144805 wrapping com.mysql.cj.jdbc.ConnectionImpl@11b3f139] will not be managed by Spring
==>  Preparing: SELECT COUNT( * ) AS total FROM t_notification WHERE (user_id = ? AND is_read = ?)
==> Parameters: 1(Long), 0(Integer)
<==    Columns: total
<==        Row: 0
<==      Total: 1
Closing non transactional SqlSession [org.apache.ibatis.session.defaults.DefaultSqlSession@7201ed88]
Creating a new SqlSession
SqlSession [org.apache.ibatis.session.defaults.DefaultSqlSession@31829318] was not registered for synchronization because synchronization is not active
JDBC Connection [HikariProxyConnection@517064330 wrapping com.mysql.cj.jdbc.ConnectionImpl@11b3f139] will not be managed by Spring
==>  Preparing: SELECT COUNT( * ) AS total FROM t_notification WHERE (user_id = ? AND is_read = ?)
==> Parameters: 1(Long), 0(Integer)
<==    Columns: total
<==        Row: 0
<==      Total: 1
Closing non transactional SqlSession [org.apache.ibatis.session.defaults.DefaultSqlSession@31829318]
Creating a new SqlSession
SqlSession [org.apache.ibatis.session.defaults.DefaultSqlSession@12a907a7] was not registered for synchronization because synchronization is not active
JDBC Connection [HikariProxyConnection@1463716022 wrapping com.mysql.cj.jdbc.ConnectionImpl@11b3f139] will not be managed by Spring
==>  Preparing: SELECT COUNT( * ) AS total FROM t_notification WHERE (user_id = ? AND is_read = ?)
==> Parameters: 1(Long), 0(Integer)
<==    Columns: total
<==        Row: 0
<==      Total: 1
Closing non transactional SqlSession [org.apache.ibatis.session.defaults.DefaultSqlSession@12a907a7]
Creating a new SqlSession
SqlSession [org.apache.ibatis.session.defaults.DefaultSqlSession@29136d74] was not registered for synchronization because synchronization is not active
JDBC Connection [HikariProxyConnection@1793716188 wrapping com.mysql.cj.jdbc.ConnectionImpl@11b3f139] will not be managed by Spring
==>  Preparing: SELECT COUNT( * ) AS total FROM t_notification WHERE (user_id = ? AND is_read = ?)
==> Parameters: 1(Long), 0(Integer)
<==    Columns: total
<==        Row: 0
<==      Total: 1
Closing non transactional SqlSession [org.apache.ibatis.session.defaults.DefaultSqlSession@29136d74]
Creating a new SqlSession
SqlSession [org.apache.ibatis.session.defaults.DefaultSqlSession@7cf80701] was not registered for synchronization because synchronization is not active
JDBC Connection [HikariProxyConnection@732066341 wrapping com.mysql.cj.jdbc.ConnectionImpl@11b3f139] will not be managed by Spring
==>  Preparing: SELECT COUNT( * ) AS total FROM t_notification WHERE (user_id = ? AND is_read = ?)
==> Parameters: 1(Long), 0(Integer)
<==    Columns: total
<==        Row: 0
<==      Total: 1
Closing non transactional SqlSession [org.apache.ibatis.session.defaults.DefaultSqlSession@7cf80701]
Creating a new SqlSession
SqlSession [org.apache.ibatis.session.defaults.DefaultSqlSession@5cd7ff12] was not registered for synchronization because synchronization is not active
JDBC Connection [HikariProxyConnection@953418355 wrapping com.mysql.cj.jdbc.ConnectionImpl@11b3f139] will not be managed by Spring
==>  Preparing: SELECT COUNT( * ) AS total FROM t_notification WHERE (user_id = ? AND is_read = ?)
==> Parameters: 1(Long), 0(Integer)
<==    Columns: total
<==        Row: 0
<==      Total: 1
Closing non transactional SqlSession [org.apache.ibatis.session.defaults.DefaultSqlSession@5cd7ff12]
Creating a new SqlSession
SqlSession [org.apache.ibatis.session.defaults.DefaultSqlSession@4ca02749] was not registered for synchronization because synchronization is not active
JDBC Connection [HikariProxyConnection@288103948 wrapping com.mysql.cj.jdbc.ConnectionImpl@11b3f139] will not be managed by Spring
==>  Preparing: SELECT COUNT( * ) AS total FROM t_notification WHERE (user_id = ? AND is_read = ?)
==> Parameters: 1(Long), 0(Integer)
<==    Columns: total
<==        Row: 0
<==      Total: 1
Closing non transactional SqlSession [org.apache.ibatis.session.defaults.DefaultSqlSession@4ca02749]
Creating a new SqlSession
SqlSession [org.apache.ibatis.session.defaults.DefaultSqlSession@1f9e52b2] was not registered for synchronization because synchronization is not active
JDBC Connection [HikariProxyConnection@397109434 wrapping com.mysql.cj.jdbc.ConnectionImpl@11b3f139] will not be managed by Spring
==>  Preparing: SELECT COUNT( * ) AS total FROM t_notification WHERE (user_id = ? AND is_read = ?)
==> Parameters: 1(Long), 0(Integer)
<==    Columns: total
<==        Row: 0
<==      Total: 1
Closing non transactional SqlSession [org.apache.ibatis.session.defaults.DefaultSqlSession@1f9e52b2]
Creating a new SqlSession
SqlSession [org.apache.ibatis.session.defaults.DefaultSqlSession@13f8d1aa] was not registered for synchronization because synchronization is not active
JDBC Connection [HikariProxyConnection@581254596 wrapping com.mysql.cj.jdbc.ConnectionImpl@11b3f139] will not be managed by Spring
==>  Preparing: SELECT COUNT( * ) AS total FROM t_notification WHERE (user_id = ? AND is_read = ?)
==> Parameters: 1(Long), 0(Integer)
<==    Columns: total
<==        Row: 0
<==      Total: 1
Closing non transactional SqlSession [org.apache.ibatis.session.defaults.DefaultSqlSession@13f8d1aa]
Creating a new SqlSession
SqlSession [org.apache.ibatis.session.defaults.DefaultSqlSession@25169243] was not registered for synchronization because synchronization is not active
JDBC Connection [HikariProxyConnection@2033688959 wrapping com.mysql.cj.jdbc.ConnectionImpl@11b3f139] will not be managed by Spring
==>  Preparing: SELECT COUNT( * ) AS total FROM t_notification WHERE (user_id = ? AND is_read = ?)
==> Parameters: 1(Long), 0(Integer)
<==    Columns: total
<==        Row: 0
<==      Total: 1
Closing non transactional SqlSession [org.apache.ibatis.session.defaults.DefaultSqlSession@25169243]
Creating a new SqlSession
SqlSession [org.apache.ibatis.session.defaults.DefaultSqlSession@484eefd2] was not registered for synchronization because synchronization is not active
JDBC Connection [HikariProxyConnection@895362814 wrapping com.mysql.cj.jdbc.ConnectionImpl@11b3f139] will not be managed by Spring
==>  Preparing: SELECT COUNT( * ) AS total FROM t_notification WHERE (user_id = ? AND is_read = ?)
==> Parameters: 1(Long), 0(Integer)
<==    Columns: total
<==        Row: 0
<==      Total: 1
Closing non transactional SqlSession [org.apache.ibatis.session.defaults.DefaultSqlSession@484eefd2]
Creating a new SqlSession
SqlSession [org.apache.ibatis.session.defaults.DefaultSqlSession@600b0109] was not registered for synchronization because synchronization is not active
JDBC Connection [HikariProxyConnection@1161053251 wrapping com.mysql.cj.jdbc.ConnectionImpl@11b3f139] will not be managed by Spring
==>  Preparing: SELECT COUNT( * ) AS total FROM t_notification WHERE (user_id = ? AND is_read = ?)
==> Parameters: 1(Long), 0(Integer)
<==    Columns: total
<==        Row: 0
<==      Total: 1
Closing non transactional SqlSession [org.apache.ibatis.session.defaults.DefaultSqlSession@600b0109]
Creating a new SqlSession
SqlSession [org.apache.ibatis.session.defaults.DefaultSqlSession@470e529d] was not registered for synchronization because synchronization is not active
JDBC Connection [HikariProxyConnection@490795492 wrapping com.mysql.cj.jdbc.ConnectionImpl@11b3f139] will not be managed by Spring
==>  Preparing: SELECT COUNT( * ) AS total FROM t_notification WHERE (user_id = ? AND is_read = ?)
==> Parameters: 1(Long), 0(Integer)
<==    Columns: total
<==        Row: 0
<==      Total: 1
Closing non transactional SqlSession [org.apache.ibatis.session.defaults.DefaultSqlSession@470e529d]
Creating a new SqlSession
SqlSession [org.apache.ibatis.session.defaults.DefaultSqlSession@20fb81d6] was not registered for synchronization because synchronization is not active
JDBC Connection [HikariProxyConnection@313598064 wrapping com.mysql.cj.jdbc.ConnectionImpl@11b3f139] will not be managed by Spring
==>  Preparing: SELECT COUNT( * ) AS total FROM t_notification WHERE (user_id = ? AND is_read = ?)
==> Parameters: 1(Long), 0(Integer)
<==    Columns: total
<==        Row: 0
<==      Total: 1
Closing non transactional SqlSession [org.apache.ibatis.session.defaults.DefaultSqlSession@20fb81d6]
Creating a new SqlSession
SqlSession [org.apache.ibatis.session.defaults.DefaultSqlSession@5835b300] was not registered for synchronization because synchronization is not active
JDBC Connection [HikariProxyConnection@1006233723 wrapping com.mysql.cj.jdbc.ConnectionImpl@11b3f139] will not be managed by Spring
==>  Preparing: SELECT COUNT(*) AS total FROM t_post WHERE status = 1 AND (user_id = ? AND status = ?)
==> Parameters: 1(Long), 1(Integer)
<==    Columns: total
<==        Row: 1
<==      Total: 1
==>  Preparing: SELECT id,user_id,game_id,category_id,title,content,tags,cover_image,view_count,like_count,reply_count,share_count,heat_score,is_top,is_essence,status,created_at,updated_at FROM t_post WHERE status=1 AND (user_id = ? AND status = ?) ORDER BY created_at DESC LIMIT ?
==> Parameters: 1(Long), 1(Integer), 10(Long)
<==    Columns: id, user_id, game_id, category_id, title, content, tags, cover_image, view_count, like_count, reply_count, share_count, heat_score, is_top, is_essence, status, created_at, updated_at
<==        Row: 9, 1, null, null, 测试, <<BLOB>>, 星露谷物语, null, 1, 0, 0, 0, 0.0, 0, 0, 1, 2026-05-27 21:47:18, 2026-05-27 21:47:18
<==      Total: 1
Closing non transactional SqlSession [org.apache.ibatis.session.defaults.DefaultSqlSession@5835b300]
Creating a new SqlSession
SqlSession [org.apache.ibatis.session.defaults.DefaultSqlSession@6aec67ec] was not registered for synchronization because synchronization is not active
JDBC Connection [HikariProxyConnection@513990906 wrapping com.mysql.cj.jdbc.ConnectionImpl@11b3f139] will not be managed by Spring
==>  Preparing: SELECT id,username,password,nickname,avatar,bio,email,status,created_at,updated_at FROM t_user WHERE id=? AND status=1
==> Parameters: 1(Long)
<==    Columns: id, username, password, nickname, avatar, bio, email, status, created_at, updated_at
<==        Row: 1, admin, $2a$10$N.zmdr9k7uOCQb376NoUnuTJ8iAt6Z5EHsM8lE9lBOsl7iKTVKIUi, 管理员, null, GameBox 官方管理员, null, 1, 2026-05-27 18:20:26, 2026-05-27 18:20:26
<==      Total: 1
Closing non transactional SqlSession [org.apache.ibatis.session.defaults.DefaultSqlSession@6aec67ec]
Creating a new SqlSession
SqlSession [org.apache.ibatis.session.defaults.DefaultSqlSession@229475a1] was not registered for synchronization because synchronization is not active
JDBC Connection [HikariProxyConnection@1866699989 wrapping com.mysql.cj.jdbc.ConnectionImpl@11b3f139] will not be managed by Spring
==>  Preparing: SELECT COUNT(*) AS total FROM t_post WHERE status = 1 AND (user_id = ? AND status = ?)
==> Parameters: 1(Long), 1(Integer)
<==    Columns: total
<==        Row: 1
<==      Total: 1
==>  Preparing: SELECT id,user_id,game_id,category_id,title,content,tags,cover_image,view_count,like_count,reply_count,share_count,heat_score,is_top,is_essence,status,created_at,updated_at FROM t_post WHERE status=1 AND (user_id = ? AND status = ?) ORDER BY created_at DESC LIMIT ?
==> Parameters: 1(Long), 1(Integer), 10(Long)
<==    Columns: id, user_id, game_id, category_id, title, content, tags, cover_image, view_count, like_count, reply_count, share_count, heat_score, is_top, is_essence, status, created_at, updated_at
<==        Row: 9, 1, null, null, 测试, <<BLOB>>, 星露谷物语, null, 1, 0, 0, 0, 0.0, 0, 0, 1, 2026-05-27 21:47:18, 2026-05-27 21:47:18
<==      Total: 1
Closing non transactional SqlSession [org.apache.ibatis.session.defaults.DefaultSqlSession@229475a1]
Creating a new SqlSession
SqlSession [org.apache.ibatis.session.defaults.DefaultSqlSession@38630c99] was not registered for synchronization because synchronization is not active
JDBC Connection [HikariProxyConnection@1266008700 wrapping com.mysql.cj.jdbc.ConnectionImpl@11b3f139] will not be managed by Spring
==>  Preparing: SELECT id,username,password,nickname,avatar,bio,email,status,created_at,updated_at FROM t_user WHERE id=? AND status=1
==> Parameters: 1(Long)
<==    Columns: id, username, password, nickname, avatar, bio, email, status, created_at, updated_at
<==        Row: 1, admin, $2a$10$N.zmdr9k7uOCQb376NoUnuTJ8iAt6Z5EHsM8lE9lBOsl7iKTVKIUi, 管理员, null, GameBox 官方管理员, null, 1, 2026-05-27 18:20:26, 2026-05-27 18:20:26
<==      Total: 1
Closing non transactional SqlSession [org.apache.ibatis.session.defaults.DefaultSqlSession@38630c99]
Creating a new SqlSession
SqlSession [org.apache.ibatis.session.defaults.DefaultSqlSession@555a7378] was not registered for synchronization because synchronization is not active
JDBC Connection [HikariProxyConnection@16424440 wrapping com.mysql.cj.jdbc.ConnectionImpl@11b3f139] will not be managed by Spring
==>  Preparing: SELECT COUNT(*) AS total FROM t_follow WHERE (follower_id = ?)
==> Parameters: 1(Long)
<==    Columns: total
<==        Row: 0
<==      Total: 1
Closing non transactional SqlSession [org.apache.ibatis.session.defaults.DefaultSqlSession@555a7378]
Creating a new SqlSession
SqlSession [org.apache.ibatis.session.defaults.DefaultSqlSession@4c18b3e4] was not registered for synchronization because synchronization is not active
JDBC Connection [HikariProxyConnection@1930950090 wrapping com.mysql.cj.jdbc.ConnectionImpl@11b3f139] will not be managed by Spring
==>  Preparing: SELECT COUNT(*) AS total FROM t_follow WHERE (followee_id = ?)
==> Parameters: 1(Long)
<==    Columns: total
<==        Row: 0
<==      Total: 1
Closing non transactional SqlSession [org.apache.ibatis.session.defaults.DefaultSqlSession@4c18b3e4]
Creating a new SqlSession
SqlSession [org.apache.ibatis.session.defaults.DefaultSqlSession@76de9e7] was not registered for synchronization because synchronization is not active
JDBC Connection [HikariProxyConnection@1062646602 wrapping com.mysql.cj.jdbc.ConnectionImpl@11b3f139] will not be managed by Spring
==>  Preparing: SELECT COUNT(*) AS total FROM t_follow WHERE (follower_id = ?)
==> Parameters: 1(Long)
<==    Columns: total
<==        Row: 0
<==      Total: 1
Closing non transactional SqlSession [org.apache.ibatis.session.defaults.DefaultSqlSession@76de9e7]
Creating a new SqlSession
SqlSession [org.apache.ibatis.session.defaults.DefaultSqlSession@73b051db] was not registered for synchronization because synchronization is not active
JDBC Connection [HikariProxyConnection@255429450 wrapping com.mysql.cj.jdbc.ConnectionImpl@11b3f139] will not be managed by Spring
==>  Preparing: SELECT COUNT( * ) AS total FROM t_notification WHERE (user_id = ? AND is_read = ?)
==> Parameters: 1(Long), 0(Integer)
<==    Columns: total
<==        Row: 0
<==      Total: 1
Closing non transactional SqlSession [org.apache.ibatis.session.defaults.DefaultSqlSession@73b051db]
Creating a new SqlSession
SqlSession [org.apache.ibatis.session.defaults.DefaultSqlSession@5b68b2d] was not registered for synchronization because synchronization is not active
JDBC Connection [HikariProxyConnection@961172629 wrapping com.mysql.cj.jdbc.ConnectionImpl@11b3f139] will not be managed by Spring
==>  Preparing: SELECT COUNT( * ) AS total FROM t_notification WHERE (user_id = ? AND is_read = ?)
==> Parameters: 1(Long), 0(Integer)
<==    Columns: total
<==        Row: 0
<==      Total: 1
Closing non transactional SqlSession [org.apache.ibatis.session.defaults.DefaultSqlSession@5b68b2d]
Creating a new SqlSession
SqlSession [org.apache.ibatis.session.defaults.DefaultSqlSession@34584a12] was not registered for synchronization because synchronization is not active
JDBC Connection [HikariProxyConnection@1031964786 wrapping com.mysql.cj.jdbc.ConnectionImpl@34ae0a08] will not be managed by Spring
==>  Preparing: SELECT COUNT( * ) AS total FROM t_notification WHERE (user_id = ? AND is_read = ?)
==> Parameters: 1(Long), 0(Integer)
<==    Columns: total
<==        Row: 0
<==      Total: 1
Closing non transactional SqlSession [org.apache.ibatis.session.defaults.DefaultSqlSession@34584a12]
Creating a new SqlSession
SqlSession [org.apache.ibatis.session.defaults.DefaultSqlSession@47edb7ca] was not registered for synchronization because synchronization is not active
JDBC Connection [HikariProxyConnection@1732930666 wrapping com.mysql.cj.jdbc.ConnectionImpl@2c924dd] will not be managed by Spring
==>  Preparing: SELECT COUNT( * ) AS total FROM t_notification WHERE (user_id = ? AND is_read = ?)
==> Parameters: 1(Long), 0(Integer)
<==    Columns: total
<==        Row: 0
<==      Total: 1
Closing non transactional SqlSession [org.apache.ibatis.session.defaults.DefaultSqlSession@47edb7ca]
Creating a new SqlSession
SqlSession [org.apache.ibatis.session.defaults.DefaultSqlSession@435a11af] was not registered for synchronization because synchronization is not active
JDBC Connection [HikariProxyConnection@784126132 wrapping com.mysql.cj.jdbc.ConnectionImpl@2c924dd] will not be managed by Spring
==>  Preparing: SELECT COUNT( * ) AS total FROM t_notification WHERE (user_id = ? AND is_read = ?)
==> Parameters: 1(Long), 0(Integer)
<==    Columns: total
<==        Row: 0
<==      Total: 1
Closing non transactional SqlSession [org.apache.ibatis.session.defaults.DefaultSqlSession@435a11af]
Creating a new SqlSession
SqlSession [org.apache.ibatis.session.defaults.DefaultSqlSession@7b6c02c8] was not registered for synchronization because synchronization is not active
JDBC Connection [HikariProxyConnection@2108391278 wrapping com.mysql.cj.jdbc.ConnectionImpl@2c924dd] will not be managed by Spring
==>  Preparing: SELECT COUNT( * ) AS total FROM t_notification WHERE (user_id = ? AND is_read = ?)
==> Parameters: 1(Long), 0(Integer)
<==    Columns: total
<==        Row: 0
<==      Total: 1
Closing non transactional SqlSession [org.apache.ibatis.session.defaults.DefaultSqlSession@7b6c02c8]
Creating a new SqlSession
SqlSession [org.apache.ibatis.session.defaults.DefaultSqlSession@761ef9a1] was not registered for synchronization because synchronization is not active
JDBC Connection [HikariProxyConnection@1728838059 wrapping com.mysql.cj.jdbc.ConnectionImpl@2c924dd] will not be managed by Spring
==>  Preparing: SELECT COUNT( * ) AS total FROM t_notification WHERE (user_id = ? AND is_read = ?)
==> Parameters: 1(Long), 0(Integer)
<==    Columns: total
<==        Row: 0
<==      Total: 1
Closing non transactional SqlSession [org.apache.ibatis.session.defaults.DefaultSqlSession@761ef9a1]
Creating a new SqlSession
SqlSession [org.apache.ibatis.session.defaults.DefaultSqlSession@79ffaf17] was not registered for synchronization because synchronization is not active
JDBC Connection [HikariProxyConnection@1894888543 wrapping com.mysql.cj.jdbc.ConnectionImpl@2c924dd] will not be managed by Spring
==>  Preparing: SELECT COUNT( * ) AS total FROM t_notification WHERE (user_id = ? AND is_read = ?)
==> Parameters: 1(Long), 0(Integer)
<==    Columns: total
<==        Row: 0
<==      Total: 1
Closing non transactional SqlSession [org.apache.ibatis.session.defaults.DefaultSqlSession@79ffaf17]
Creating a new SqlSession
SqlSession [org.apache.ibatis.session.defaults.DefaultSqlSession@4c52ca5] was not registered for synchronization because synchronization is not active
JDBC Connection [HikariProxyConnection@1812979467 wrapping com.mysql.cj.jdbc.ConnectionImpl@2c924dd] will not be managed by Spring
==>  Preparing: SELECT COUNT( * ) AS total FROM t_notification WHERE (user_id = ? AND is_read = ?)
==> Parameters: 1(Long), 0(Integer)
<==    Columns: total
<==        Row: 0
<==      Total: 1
Closing non transactional SqlSession [org.apache.ibatis.session.defaults.DefaultSqlSession@4c52ca5]
Creating a new SqlSession
SqlSession [org.apache.ibatis.session.defaults.DefaultSqlSession@3e6e4c18] was not registered for synchronization because synchronization is not active
JDBC Connection [HikariProxyConnection@1327623303 wrapping com.mysql.cj.jdbc.ConnectionImpl@2c924dd] will not be managed by Spring
==>  Preparing: SELECT COUNT( * ) AS total FROM t_notification WHERE (user_id = ? AND is_read = ?)
==> Parameters: 1(Long), 0(Integer)
<==    Columns: total
<==        Row: 0
<==      Total: 1
Closing non transactional SqlSession [org.apache.ibatis.session.defaults.DefaultSqlSession@3e6e4c18]
Creating a new SqlSession
SqlSession [org.apache.ibatis.session.defaults.DefaultSqlSession@5275fe8d] was not registered for synchronization because synchronization is not active
JDBC Connection [HikariProxyConnection@1672214541 wrapping com.mysql.cj.jdbc.ConnectionImpl@2c924dd] will not be managed by Spring
==>  Preparing: SELECT COUNT( * ) AS total FROM t_notification WHERE (user_id = ? AND is_read = ?)
==> Parameters: 1(Long), 0(Integer)
<==    Columns: total
<==        Row: 0
<==      Total: 1
Closing non transactional SqlSession [org.apache.ibatis.session.defaults.DefaultSqlSession@5275fe8d]
Creating a new SqlSession
SqlSession [org.apache.ibatis.session.defaults.DefaultSqlSession@6235c915] was not registered for synchronization because synchronization is not active
JDBC Connection [HikariProxyConnection@1264393273 wrapping com.mysql.cj.jdbc.ConnectionImpl@2c924dd] will not be managed by Spring
==>  Preparing: SELECT COUNT( * ) AS total FROM t_notification WHERE (user_id = ? AND is_read = ?)
==> Parameters: 1(Long), 0(Integer)
<==    Columns: total
<==        Row: 0
<==      Total: 1
Closing non transactional SqlSession [org.apache.ibatis.session.defaults.DefaultSqlSession@6235c915]
Creating a new SqlSession
SqlSession [org.apache.ibatis.session.defaults.DefaultSqlSession@7dab9811] was not registered for synchronization because synchronization is not active
JDBC Connection [HikariProxyConnection@1236701938 wrapping com.mysql.cj.jdbc.ConnectionImpl@2c924dd] will not be managed by Spring
==>  Preparing: SELECT COUNT( * ) AS total FROM t_notification WHERE (user_id = ? AND is_read = ?)
==> Parameters: 1(Long), 0(Integer)
<==    Columns: total
<==        Row: 0
<==      Total: 1
Closing non transactional SqlSession [org.apache.ibatis.session.defaults.DefaultSqlSession@7dab9811]
Creating a new SqlSession
SqlSession [org.apache.ibatis.session.defaults.DefaultSqlSession@41f76849] was not registered for synchronization because synchronization is not active
JDBC Connection [HikariProxyConnection@1387515569 wrapping com.mysql.cj.jdbc.ConnectionImpl@2c924dd] will not be managed by Spring
==>  Preparing: SELECT COUNT( * ) AS total FROM t_notification WHERE (user_id = ? AND is_read = ?)
==> Parameters: 1(Long), 0(Integer)
<==    Columns: total
<==        Row: 0
<==      Total: 1
Closing non transactional SqlSession [org.apache.ibatis.session.defaults.DefaultSqlSession@41f76849]
Creating a new SqlSession
SqlSession [org.apache.ibatis.session.defaults.DefaultSqlSession@7454f556] was not registered for synchronization because synchronization is not active
JDBC Connection [HikariProxyConnection@1865794390 wrapping com.mysql.cj.jdbc.ConnectionImpl@2c924dd] will not be managed by Spring
==>  Preparing: SELECT COUNT( * ) AS total FROM t_notification WHERE (user_id = ? AND is_read = ?)
==> Parameters: 1(Long), 0(Integer)
<==    Columns: total
<==        Row: 0
<==      Total: 1
Closing non transactional SqlSession [org.apache.ibatis.session.defaults.DefaultSqlSession@7454f556]
Creating a new SqlSession
SqlSession [org.apache.ibatis.session.defaults.DefaultSqlSession@37b64051] was not registered for synchronization because synchronization is not active
JDBC Connection [HikariProxyConnection@920937719 wrapping com.mysql.cj.jdbc.ConnectionImpl@2c924dd] will not be managed by Spring
==>  Preparing: SELECT COUNT( * ) AS total FROM t_notification WHERE (user_id = ? AND is_read = ?)
==> Parameters: 1(Long), 0(Integer)
<==    Columns: total
<==        Row: 0
<==      Total: 1
Closing non transactional SqlSession [org.apache.ibatis.session.defaults.DefaultSqlSession@37b64051]
Creating a new SqlSession
SqlSession [org.apache.ibatis.session.defaults.DefaultSqlSession@597f6b7a] was not registered for synchronization because synchronization is not active
JDBC Connection [HikariProxyConnection@1568469077 wrapping com.mysql.cj.jdbc.ConnectionImpl@2c924dd] will not be managed by Spring
==>  Preparing: SELECT COUNT( * ) AS total FROM t_notification WHERE (user_id = ? AND is_read = ?)
==> Parameters: 1(Long), 0(Integer)
<==    Columns: total
<==        Row: 0
<==      Total: 1
Closing non transactional SqlSession [org.apache.ibatis.session.defaults.DefaultSqlSession@597f6b7a]
Creating a new SqlSession
SqlSession [org.apache.ibatis.session.defaults.DefaultSqlSession@17c3553] was not registered for synchronization because synchronization is not active
JDBC Connection [HikariProxyConnection@754024925 wrapping com.mysql.cj.jdbc.ConnectionImpl@2c924dd] will not be managed by Spring
==>  Preparing: SELECT COUNT( * ) AS total FROM t_notification WHERE (user_id = ? AND is_read = ?)
==> Parameters: 1(Long), 0(Integer)
<==    Columns: total
<==        Row: 0
<==      Total: 1
Closing non transactional SqlSession [org.apache.ibatis.session.defaults.DefaultSqlSession@17c3553]
Creating a new SqlSession
SqlSession [org.apache.ibatis.session.defaults.DefaultSqlSession@7fc6abdb] was not registered for synchronization because synchronization is not active
JDBC Connection [HikariProxyConnection@1248433156 wrapping com.mysql.cj.jdbc.ConnectionImpl@2c924dd] will not be managed by Spring
==>  Preparing: SELECT COUNT( * ) AS total FROM t_notification WHERE (user_id = ? AND is_read = ?)
==> Parameters: 1(Long), 0(Integer)
<==    Columns: total
<==        Row: 0
<==      Total: 1
Closing non transactional SqlSession [org.apache.ibatis.session.defaults.DefaultSqlSession@7fc6abdb]
